{"type":"FeatureCollection","name":"KEC_plots","crs":{"type":"name","properties":{"name":"urn:ogc:def:crs:OGC:1.3:CRS84"}},"features":[{"type":"Feature","properties":{"code":"S19","name":"S19","land_use":"Education","sector":"South","gfa":14946.9,"area":14938.17,"floors":3,"height":25,"coverage":0.81,"far":1,"style":"PolyStyle00"},"geometry":{"type":"Polygon","coordinates":[[[39.6955259838422,24.4564641321237],[39.6958736014715,24.4574705363696],[39.6932013252098,24.4573920836848],[39.6943631134638,24.4569283283873],[39.6955259838422,24.4564641321237]]]}},{"type":"Feature","properties":{"code":"S17-2","name":"S17-2","land_use":"Low/Med Density Residential & Commercial","sector":"South","gfa":2603,"area":1735.35,"floors":2,"height":20,"coverage":0.66,"far":1.5,"style":"PolyStyle01"},"geometry":{"type":"Polygon","coordinates":[[[39.6925234848168,24.4577332818071],[39.6925087768723,24.4580359377558],[39.6922745866373,24.458029037507],[39.6916515845921,24.4580106709287],[39.6916510102659,24.4580106536874],[39.6923618103726,24.4577282504136],[39.6925234971878,24.4577330180362],[39.6925234848168,24.4577332818071]]]}},{"type":"Feature","properties":{"code":"S17-OS1","name":"S17-OS1","land_use":"Open Space","sector":"South","gfa":0,"area":1139.72,"floors":0,"height":0,"coverage":0,"far":0,"style":"PolyStyle02"},"geometry":{"type":"Polygon","coordinates":[[[39.6926760661221,24.4578281331223],[39.6926628105781,24.4580946463512],[39.6915244177006,24.4580614288261],[39.6916515845921,24.4580106709287],[39.6918065634927,24.4580152559593],[39.6920403984604,24.4580221495292],[39.6922745866373,24.458029037507],[39.6925087768723,24.4580359377558],[39.6925234848168,24.4577332818071],[39.6925819404769,24.4577350063273],[39.6926760661221,24.4578281331223]]]}},{"type":"Feature","properties":{"code":"E36","name":"E36","land_use":"Medium Density Mixed-Use","sector":"East","gfa":15278.5,"area":33471.84,"floors":12,"height":59,"coverage":0.83,"far":0.46,"style":"PolyStyle03"},"geometry":{"type":"Polygon","coordinates":[[[39.7001222535171,24.4586452572037],[39.6987939653742,24.458663266482],[39.6988189305903,24.4584248503],[39.6988505938486,24.4581871012645],[39.6988889313132,24.4579501766268],[39.698923196433,24.4578031385646],[39.6989625367771,24.4576571689127],[39.6990069146529,24.4575124132457],[39.6990562825172,24.4573690198927],[39.6991105937739,24.4572271299531],[39.6992193942242,24.4569815479822],[39.6993354655143,24.4567387708378],[39.6994587217842,24.4564989795272],[39.6995890712369,24.456262351472],[39.6999447774623,24.4556087056182],[39.6999830195877,24.4556624914978],[39.6999842167959,24.4556641748082],[39.7002435135235,24.4567669584653],[39.7004053883039,24.4573349926332],[39.7003537715748,24.4574905439153],[39.7001222535171,24.4586452572037]]]}},{"type":"Feature","properties":{"code":"E35","name":"E35","land_use":"High Density Mixed-Use","sector":"East","gfa":36466.2,"area":67598.46,"floors":12,"height":59,"coverage":0.84,"far":0.54,"style":"PolyStyle04"},"geometry":{"type":"Polygon","coordinates":[[[39.6980508825155,24.4586733366131],[39.6978778860535,24.4586756805849],[39.6978152235738,24.4586017397768],[39.6970473629667,24.4576947336727],[39.6968992310373,24.455854131433],[39.6969055250236,24.455772214671],[39.6969364643514,24.4556090967243],[39.6970040209168,24.455427406871],[39.697176093775,24.4551777206417],[39.6974462854102,24.4549191201999],[39.6976748283393,24.4547620734359],[39.6978468773691,24.4546646462567],[39.6980291803261,24.4545969793689],[39.6982225510992,24.4545443596886],[39.6982282935191,24.4545427960414],[39.698445559857,24.454503898974],[39.6985380437853,24.4544927497464],[39.6985400098,24.454492511268],[39.6985576196482,24.454491541226],[39.698561282853,24.454491338256],[39.6985636404823,24.454491265047],[39.6986902363282,24.4544842994626],[39.6990849847872,24.4545091459969],[39.6995581789694,24.4545490070599],[39.6990501619088,24.4554827144642],[39.6989313107909,24.4557088559656],[39.6988192998597,24.4559379054467],[39.6987142140243,24.4561696891287],[39.6986161342346,24.4564040305407],[39.6985251335493,24.4566407532476],[39.6984412810675,24.4568796781223],[39.6983646399556,24.4571206233548],[39.6982952694348,24.4573634071526],[39.6982332218166,24.457607846851],[39.6981785434691,24.4578537552959],[39.6981312758433,24.4581009480646],[39.6980914544566,24.4583492380512],[39.6980591108655,24.4585984354577],[39.6980508825155,24.4586733366131]]]}},{"type":"Feature","properties":{"code":"S26","name":"S26","land_use":"Commercial","sector":"South","gfa":12.2,"area":12.23,"floors":1,"height":3.5,"coverage":1,"far":1,"style":"PolyStyle05"},"geometry":{"type":"Polygon","coordinates":[[[39.6890008156956,24.4590888638175],[39.6889933106564,24.4590893179791],[39.6889501942628,24.4590889075787],[39.6890280228598,24.4590578427928],[39.6890275455902,24.4590771186901],[39.6890216806408,24.4590814289728],[39.6890151676724,24.4590848724936],[39.6890081582048,24.4590873708924],[39.6890008156956,24.4590888638175]]]}},{"type":"Feature","properties":{"code":"S17-1","name":"S17-1","land_use":"Education","sector":"South","gfa":49725.4,"area":33150.25,"floors":3,"height":25,"coverage":0.88,"far":1.5,"style":"PolyStyle00"},"geometry":{"type":"Polygon","coordinates":[[[39.6926066420992,24.4592239553144],[39.6925035406321,24.4593112645668],[39.6895469505887,24.4592240361708],[39.6894505731969,24.4591308373127],[39.6894545984496,24.4589683682473],[39.6894566264897,24.4588865217717],[39.6897404079321,24.4587735027227],[39.6915244177006,24.4580614288261],[39.6926628105781,24.4580946463512],[39.6926066420992,24.4592239553144]]]}},{"type":"Feature","properties":{"code":"S18-1","name":"S18-1","land_use":"Education","sector":"South","gfa":41499.1,"area":27666.07,"floors":3,"height":25,"coverage":0.87,"far":1.5,"style":"PolyStyle00"},"geometry":{"type":"Polygon","coordinates":[[[39.6945423084182,24.4577928913818],[39.6944868268349,24.4593697457383],[39.6930064982854,24.4593260984343],[39.6929123712552,24.4592329709905],[39.6929817785901,24.4578374197348],[39.6930848784769,24.45775009753],[39.6945423084182,24.4577928913818]]]}},{"type":"Feature","properties":{"code":"S18-2","name":"S18-2","land_use":"Education","sector":"South","gfa":42776.3,"area":28517.53,"floors":3,"height":25,"coverage":0.87,"far":1.5,"style":"PolyStyle00"},"geometry":{"type":"Polygon","coordinates":[[[39.6961892370643,24.4593300699327],[39.6960978775272,24.4594172308828],[39.6944868268349,24.4593697457383],[39.6945423084182,24.4577928913818],[39.6959997231842,24.4578356712327],[39.6960899062522,24.4580967574235],[39.6961892370643,24.4593300699327]]]}},{"type":"Feature","properties":{"code":"S25","name":"S25","land_use":"Low/Med Density Residential & Commercial","sector":"South","gfa":4967.3,"area":3321.84,"floors":2,"height":20,"coverage":0.64,"far":1.5,"style":"PolyStyle01"},"geometry":{"type":"Polygon","coordinates":[[[39.6890176163303,24.4594905604809],[39.688916699806,24.4595806354035],[39.687724663292,24.4595780441757],[39.6877927042925,24.4595508872364],[39.6878699201318,24.4595200723814],[39.6881032253002,24.4594269535269],[39.6882308577152,24.4593760121105],[39.6885698365924,24.4592407210697],[39.6886089270904,24.4592261832262],[39.6889747784483,24.4592297580537],[39.6890229824222,24.4592753849026],[39.6890176163303,24.4594905604809]]]}},{"type":"Feature","properties":{"code":"S24","name":"S24","land_use":"Low/Med Density Residential & Commercial","sector":"South","gfa":2947.4,"area":1974.34,"floors":2,"height":20,"coverage":0.57,"far":1.5,"style":"PolyStyle01"},"geometry":{"type":"Polygon","coordinates":[[[39.6874123493149,24.4600373061687],[39.6873626064803,24.4600822310325],[39.6864763994615,24.4600762404935],[39.686538651925,24.460051396223],[39.6867109186993,24.4599826413924],[39.6867523333175,24.4599661138011],[39.6869639803591,24.4598816423066],[39.6871639680053,24.4598019622497],[39.6873433582853,24.4597312922012],[39.6873685270666,24.4597201821374],[39.6874147007479,24.4597479304137],[39.6874145954421,24.4597903374216],[39.6874123493149,24.4600373061687]]]}},{"type":"Feature","properties":{"code":"S22-4","name":"S22-4","land_use":"Education","sector":"South","gfa":13940.7,"area":9293.83,"floors":3,"height":25,"coverage":0.8,"far":1.5,"style":"PolyStyle00"},"geometry":{"type":"Polygon","coordinates":[[[39.6890092467174,24.4598156291854],[39.6889949792777,24.4603914474755],[39.6877153535586,24.460353672134],[39.6877206738661,24.4597676900837],[39.687770415788,24.459722643186],[39.6889128187952,24.4597251260691],[39.6890092467174,24.4598156291854]]]}},{"type":"Feature","properties":{"code":"S15-17","name":"S15-17","land_use":"High Density Residential & Commercial","sector":"South","gfa":50723.1,"area":13650.44,"floors":9,"height":50,"coverage":0.71,"far":3.72,"style":"PolyStyle012"},"geometry":{"type":"Polygon","coordinates":[[[39.6907924697264,24.4595409030013],[39.6907701119902,24.460443831639],[39.690602466197,24.4604388853184],[39.6894190450006,24.4604039632441],[39.6894391796684,24.4595913235564],[39.6895400305787,24.4595039444371],[39.6907924697264,24.4595409030013]]]}},{"type":"Feature","properties":{"code":"S15-16","name":"S15-16","land_use":"High Density Residential & Commercial","sector":"South","gfa":18420,"area":5679.51,"floors":12,"height":60.5,"coverage":0.73,"far":3.24,"style":"PolyStyle012"},"geometry":{"type":"Polygon","coordinates":[[[39.6913572646057,24.4595575658593],[39.6913254817265,24.4604602160972],[39.6907701119902,24.460443831639],[39.6907924697264,24.4595409030013],[39.6913572646057,24.4595575658593]]]}},{"type":"Feature","properties":{"code":"S15-15","name":"S15-15","land_use":"High Density Residential & Commercial","sector":"South","gfa":16216.2,"area":5000,"floors":12,"height":60.5,"coverage":0.72,"far":3.24,"style":"PolyStyle012"},"geometry":{"type":"Polygon","coordinates":[[[39.6918503352218,24.4595721110048],[39.6918185558588,24.4604747612666],[39.6913254817265,24.4604602160972],[39.6913572646057,24.4595575658593],[39.6918503352218,24.4595721110048]]]}},{"type":"Feature","properties":{"code":"S15-14","name":"S15-14","land_use":"High Density Residential & Commercial","sector":"South","gfa":16216.2,"area":4999.99,"floors":12,"height":60.5,"coverage":0.72,"far":3.24,"style":"PolyStyle012"},"geometry":{"type":"Polygon","coordinates":[[[39.692343404922,24.4595866545438],[39.6923116290752,24.4604893048295],[39.6918185558588,24.4604747612666],[39.6918503352218,24.4595721110048],[39.692343404922,24.4595866545438]]]}},{"type":"Feature","properties":{"code":"S15-13","name":"S15-13","land_use":"High Density Residential & Commercial","sector":"South","gfa":16431.6,"area":5066.44,"floors":12,"height":60.5,"coverage":0.72,"far":3.24,"style":"PolyStyle012"},"geometry":{"type":"Polygon","coordinates":[[[39.6928495787328,24.4596015825601],[39.6928047033487,24.4605038467769],[39.6923116290752,24.4604893048295],[39.692343404922,24.4595866545438],[39.6928495787328,24.4596015825601]]]}},{"type":"Feature","properties":{"code":"S15-OS3","name":"S15-OS3","land_use":"Open Space","sector":"South","gfa":0,"area":1200.11,"floors":0,"height":0,"coverage":0,"far":0,"style":"PolyStyle02"},"geometry":{"type":"Polygon","coordinates":[[[39.6929679256328,24.4596050725792],[39.6929230520788,24.4605073368075],[39.6928047033487,24.4605038467769],[39.6928495787328,24.4596015825601],[39.6929679256328,24.4596050725792]]]}},{"type":"Feature","properties":{"code":"S15-12","name":"S15-12","land_use":"High Density Residential & Commercial","sector":"South","gfa":16433,"area":5066.87,"floors":12,"height":60.5,"coverage":0.72,"far":3.24,"style":"PolyStyle012"},"geometry":{"type":"Polygon","coordinates":[[[39.6934610399015,24.4596196140696],[39.6934292720248,24.460522264409],[39.6929230520788,24.4605073368075],[39.6929679256328,24.4596050725792],[39.6934610399015,24.4596196140696]]]}},{"type":"Feature","properties":{"code":"S15-OS4","name":"S15-OS4","land_use":"Open Space","sector":"South","gfa":0,"area":1440.05,"floors":0,"height":0,"coverage":0,"far":0,"style":"PolyStyle02"},"geometry":{"type":"Polygon","coordinates":[[[39.690602466197,24.4604388853184],[39.6905997832308,24.460547236242],[39.6894163600396,24.4605123150772],[39.6894190450006,24.4604039632441],[39.690602466197,24.4604388853184]]]}},{"type":"Feature","properties":{"code":"S15-11","name":"S15-11","land_use":"High Density Residential & Commercial","sector":"South","gfa":16216.2,"area":5000,"floors":12,"height":60.5,"coverage":0.72,"far":3.24,"style":"PolyStyle012"},"geometry":{"type":"Polygon","coordinates":[[[39.6939541108187,24.4596341523418],[39.6939223464582,24.4605368027048],[39.6934292720248,24.460522264409],[39.6934610399015,24.4596196140696],[39.6939541108187,24.4596341523418]]]}},{"type":"Feature","properties":{"code":"S15-10","name":"S15-10","land_use":"High Density Residential & Commercial","sector":"South","gfa":16216.2,"area":5000,"floors":12,"height":60.5,"coverage":0.72,"far":3.24,"style":"PolyStyle012"},"geometry":{"type":"Polygon","coordinates":[[[39.6944471818062,24.459648689003],[39.6944154209619,24.4605513393896],[39.6939223464582,24.4605368027048],[39.6939541108187,24.4596341523418],[39.6944471818062,24.459648689003]]]}},{"type":"Feature","properties":{"code":"S23","name":"S23","land_use":"Low/Med Density Residential & Commercial","sector":"South","gfa":9437.8,"area":6297.84,"floors":2,"height":20,"coverage":0.71,"far":1.5,"style":"PolyStyle01"},"geometry":{"type":"Polygon","coordinates":[[[39.6874077728073,24.4605448045372],[39.6873580847181,24.460589308292],[39.6873279229002,24.4605889098795],[39.6860171584813,24.4605780116146],[39.6856233896083,24.460416678111],[39.6856935463374,24.4603886789175],[39.6859313039438,24.4602937901957],[39.6860855483669,24.4602322309077],[39.6861227758917,24.4602173743173],[39.6873315232811,24.4602276545719],[39.6873609649291,24.4602279054369],[39.6874099360662,24.4602734796373],[39.6874077728073,24.4605448045372]]]}},{"type":"Feature","properties":{"code":"S15-9","name":"S15-9","land_use":"High Density Residential & Commercial","sector":"South","gfa":16216.2,"area":5000,"floors":12,"height":60.5,"coverage":0.72,"far":3.24,"style":"PolyStyle012"},"geometry":{"type":"Polygon","coordinates":[[[39.6949402528641,24.4596632240534],[39.6949084945544,24.460565875371],[39.6944154209619,24.4605513393896],[39.6944471818062,24.459648689003],[39.6949402528641,24.4596632240534]]]}},{"type":"Feature","properties":{"code":"S15-8","name":"S15-8","land_use":"High Density Mixed-Use","sector":"South","gfa":49843.2,"area":13449.37,"floors":12,"height":60.5,"coverage":0.76,"far":3.71,"style":"PolyStyle04"},"geometry":{"type":"Polygon","coordinates":[[[39.6962843543629,24.4605110281363],[39.6962920561376,24.4606066512943],[39.6953003646158,24.4605774253136],[39.6949084945544,24.460565875371],[39.6949402528641,24.4596632240534],[39.6952274219289,24.4596716881542],[39.6961204919007,24.4596980092732],[39.6962263601135,24.4597909830526],[39.6962843543629,24.4605110281363]]]}},{"type":"Feature","properties":{"code":"S21-5","name":"S21-5","land_use":"Low/Med Density Residential & Commercial","sector":"South","gfa":484.1,"area":307.87,"floors":2,"height":20,"coverage":0.66,"far":1.5,"style":"PolyStyle01"},"geometry":{"type":"Polygon","coordinates":[[[39.6852436743417,24.4605681814948],[39.6852381416648,24.4607245765591],[39.6848878293609,24.4607101218093],[39.6852436743417,24.4605681814948]]]}},{"type":"Feature","properties":{"code":"S21-4","name":"S21-4","land_use":"Low/Med Density Residential & Commercial","sector":"South","gfa":1676.5,"area":1123.08,"floors":2,"height":20,"coverage":0.63,"far":1.5,"style":"PolyStyle01"},"geometry":{"type":"Polygon","coordinates":[[[39.6847170253104,24.4609200445752],[39.6847081508461,24.4611004852834],[39.6842668800808,24.4610822776528],[39.6842708109276,24.4609562558525],[39.6847241388003,24.4607754219061],[39.6847170253104,24.4609200445752]]]}},{"type":"Feature","properties":{"code":"S22-3","name":"S22-3","land_use":"Community Facilities","sector":"South","gfa":2277.2,"area":4554.47,"floors":2,"height":25,"coverage":0.72,"far":0.5,"style":"PolyStyle027"},"geometry":{"type":"Polygon","coordinates":[[[39.6889922949354,24.4604997984016],[39.6889778172692,24.4610865003273],[39.6889777580602,24.4610864987909],[39.6884902636843,24.4610763786383],[39.6882939018238,24.4610699809821],[39.6882873303768,24.4610697670584],[39.6883081744907,24.460478198983],[39.6889922949354,24.4604997984016]]]}},{"type":"Feature","properties":{"code":"S15-18","name":"S15-18","land_use":"High Density Residential & Commercial","sector":"South","gfa":26384.7,"area":7959.1,"floors":9,"height":50,"coverage":0.77,"far":3.32,"style":"PolyStyle012"},"geometry":{"type":"Polygon","coordinates":[[[39.6905997832308,24.460547236242],[39.690585082649,24.4611409086651],[39.6894013935681,24.4611163458029],[39.6894163600396,24.4605123150772],[39.6905997832308,24.460547236242]]]}},{"type":"Feature","properties":{"code":"S16-2","name":"S16-2","land_use":"Education","sector":"South","gfa":1680.1,"area":3360.19,"floors":3,"height":20,"coverage":0.67,"far":0.5,"style":"PolyStyle00"},"geometry":{"type":"Polygon","coordinates":[[[39.6916357842124,24.4607494828245],[39.6916154988798,24.4611622828426],[39.6908908698822,24.4611472521074],[39.6908990199948,24.4608181022911],[39.6909998708315,24.4607307231155],[39.6916357842124,24.4607494828245]]]}},{"type":"Feature","properties":{"code":"S20","name":"S20","land_use":"Community Facilities","sector":"South","gfa":2367.1,"area":2326,"floors":2,"height":20,"coverage":1,"far":1,"style":"PolyStyle027"},"geometry":{"type":"Polygon","coordinates":[[[39.6840115285279,24.4613990064495],[39.6839095310162,24.4614851724273],[39.6830357761544,24.4614488966956],[39.6840246315888,24.4610544548615],[39.6840115285279,24.4613990064495]]]}},{"type":"Feature","properties":{"code":"S15-7","name":"S15-7","land_use":"High Density Mixed-Use","sector":"South","gfa":33493.2,"area":9254.68,"floors":9,"height":50,"coverage":0.71,"far":3.62,"style":"PolyStyle04"},"geometry":{"type":"Polygon","coordinates":[[[39.6963436805669,24.4612476114208],[39.6963589795044,24.461437556779],[39.6953674326118,24.4614135760706],[39.6953596851482,24.4613140091051],[39.6953090684266,24.4606855062182],[39.6953003646158,24.4605774253136],[39.6962920561376,24.4606066512943],[39.6962930590058,24.4606191089666],[39.6963436805669,24.4612476114208]]]}},{"type":"Feature","properties":{"code":"S21-1","name":"S21-1","land_use":"Community Facilities","sector":"South","gfa":1000.8,"area":2001.66,"floors":2,"height":20,"coverage":0.6,"far":0.5,"style":"PolyStyle027"},"geometry":{"type":"Polygon","coordinates":[[[39.6847081508461,24.4611004852834],[39.6846876425318,24.4615174726777],[39.6843522920033,24.461503552247],[39.6842565723446,24.4614091865661],[39.6842668800808,24.4610822776528],[39.6847081508461,24.4611004852834]]]}},{"type":"Feature","properties":{"code":"S21-OS1","name":"S21-OS1","land_use":"Open Space","sector":"South","gfa":200,"area":3705.24,"floors":2,"height":20,"coverage":0,"far":0.05,"style":"PolyStyle02"},"geometry":{"type":"Polygon","coordinates":[[[39.6847968601645,24.4611041448228],[39.6847763512827,24.4615211557078],[39.6846876425318,24.4615174726777],[39.6847081508461,24.4611004852834],[39.6847170253104,24.4609200445752],[39.6847241388003,24.4607754219061],[39.6848878293609,24.4607101218093],[39.6852381416648,24.4607245765591],[39.6852436743417,24.4605681814948],[39.6852442109223,24.4605679677296],[39.6853987214171,24.4606312947478],[39.685669766322,24.4607423844001],[39.6853938175057,24.4607309992099],[39.6853742904692,24.4611279688366],[39.6847968601645,24.4611041448228]]]}},{"type":"Feature","properties":{"code":"S21-2","name":"S21-2","land_use":"Medium Density Mixed-Use","sector":"South","gfa":2043.7,"area":2708.22,"floors":2,"height":25,"coverage":0.72,"far":0.75,"style":"PolyStyle03"},"geometry":{"type":"Polygon","coordinates":[[[39.6853742904692,24.4611279688366],[39.6853537704433,24.4615451216076],[39.6847763512827,24.4615211557078],[39.6847968601645,24.4611041448228],[39.6853742904692,24.4611279688366]]]}},{"type":"Feature","properties":{"code":"S21-3","name":"S21-3","land_use":"Education","sector":"South","gfa":9637.7,"area":6425.1,"floors":2,"height":25,"coverage":0.74,"far":1.5,"style":"PolyStyle00"},"geometry":{"type":"Polygon","coordinates":[[[39.6861188866744,24.4614863077162],[39.686015882089,24.4615724588899],[39.6853537704433,24.4615451216076],[39.6853742904692,24.4611279688366],[39.6853938175057,24.4607309992099],[39.685669766322,24.4607423844001],[39.6861008556048,24.4609190668781],[39.6861436615968,24.4609826309452],[39.6861188866744,24.4614863077162]]]}},{"type":"Feature","properties":{"code":"S15-OS2","name":"S15-OS2","land_use":"Open Space","sector":"South","gfa":0,"area":1199.93,"floors":0,"height":0,"coverage":0,"far":0,"style":"PolyStyle02"},"geometry":{"type":"Polygon","coordinates":[[[39.6963589795044,24.461437556779],[39.6963676852824,24.4615456375844],[39.6953764089176,24.4615216638322],[39.6953674358048,24.461413618503],[39.6963589795044,24.461437556779]]]}},{"type":"Feature","properties":{"code":"S22-1","name":"S22-1","land_use":"Education","sector":"South","gfa":18547,"area":12364.67,"floors":3,"height":25,"coverage":0.81,"far":1.5,"style":"PolyStyle00"},"geometry":{"type":"Polygon","coordinates":[[[39.6879291449789,24.4608810698989],[39.6878913515016,24.4616496862853],[39.6865185743656,24.4615931613716],[39.6864244450308,24.4614988810879],[39.6864535700682,24.4609067490187],[39.6865051203849,24.4608620492468],[39.6870481195435,24.4608665634755],[39.6877106460479,24.4608720682456],[39.6879291449789,24.4608810698989]]]}},{"type":"Feature","properties":{"code":"S22-OS1","name":"S22-OS1","land_use":"Open Space","sector":"South","gfa":300,"area":7910.43,"floors":2,"height":20,"coverage":0,"far":0.04,"style":"PolyStyle02"},"geometry":{"type":"Polygon","coordinates":[[[39.6882859863007,24.4611240107111],[39.6882725693139,24.4616653805117],[39.6878913515016,24.4616496862853],[39.6879291449789,24.4608810698989],[39.6877106460479,24.4608720682456],[39.6877153535586,24.460353672134],[39.6889949792777,24.4603914474755],[39.6889922949354,24.4604997984016],[39.6883081744907,24.460478198983],[39.6882873303768,24.4610697670584],[39.6882873287029,24.461069822157],[39.6882939018238,24.4610699809821],[39.6884902636843,24.4610763786383],[39.6889777580602,24.4610864987909],[39.6889764158702,24.4611406719917],[39.6882859863007,24.4611240107111]]]}},{"type":"Feature","properties":{"code":"S22-2","name":"S22-2","land_use":"Utilities","sector":"South","gfa":0,"area":4192.73,"floors":0,"height":0,"coverage":0,"far":0,"style":"PolyStyle039"},"geometry":{"type":"Polygon","coordinates":[[[39.6889649465526,24.4616035020826],[39.6888641416292,24.461689733645],[39.6882725693139,24.4616653805117],[39.6882859863007,24.4611240107111],[39.6889764158702,24.4611406719917],[39.6889649465526,24.4616035020826]]]}},{"type":"Feature","properties":{"code":"S15-19","name":"S15-19","land_use":"High Density Residential & Commercial","sector":"South","gfa":26437.6,"area":7975.03,"floors":9,"height":50,"coverage":0.72,"far":3.32,"style":"PolyStyle012"},"geometry":{"type":"Polygon","coordinates":[[[39.6905719739438,24.4616702410651],[39.6904711710877,24.4617564754771],[39.6894852051848,24.461715920575],[39.6893888749167,24.4616215772587],[39.6894013935681,24.4611163458029],[39.690585082649,24.4611409086651],[39.6905719739438,24.4616702410651]]]}},{"type":"Feature","properties":{"code":"S16-1","name":"S16-1","land_use":"Community Facilities","sector":"South","gfa":2083,"area":4166.05,"floors":3,"height":20,"coverage":0.68,"far":0.5,"style":"PolyStyle027"},"geometry":{"type":"Polygon","coordinates":[[[39.6916101770934,24.461270574485],[39.6915840503666,24.4618022423388],[39.6909739413373,24.4617771528227],[39.6908776089508,24.4616828104861],[39.6908881871393,24.4612555985053],[39.6916101770934,24.461270574485]]]}},{"type":"Feature","properties":{"code":"S16-OS1","name":"S16-OS1","land_use":"Open Space","sector":"South","gfa":1500,"area":33311.45,"floors":2,"height":20,"coverage":0,"far":0.05,"style":"PolyStyle02"},"geometry":{"type":"Polygon","coordinates":[[[39.6943372958554,24.4608291489137],[39.6942841124713,24.4619132478976],[39.6931221954229,24.4618654851511],[39.6921365184316,24.4618249597988],[39.6915840503666,24.4618022423388],[39.6916128167573,24.4612706292394],[39.6916101770934,24.461270574485],[39.6908881871393,24.4612555985053],[39.6908908698822,24.4611472521074],[39.6916154988798,24.4611622828426],[39.6916357842124,24.4607494828245],[39.6943372958554,24.4608291489137]]]}},{"type":"Feature","properties":{"code":"S16-3","name":"S16-3","land_use":"Community Facilities","sector":"South","gfa":6346.2,"area":9066.02,"floors":3,"height":20,"coverage":0.73,"far":0.7,"style":"PolyStyle027"},"geometry":{"type":"Polygon","coordinates":[[[39.6950967085295,24.4618568771882],[39.6950053944381,24.4619428939233],[39.6942841124713,24.4619132478976],[39.6943372958554,24.4608291489137],[39.6949169366131,24.4608462359181],[39.6950228049422,24.4609392096216],[39.6950967085295,24.4618568771882]]]}},{"type":"Feature","properties":{"code":"S15-6","name":"S15-6","land_use":"High Density Mixed-Use","sector":"South","gfa":29157.2,"area":8983.79,"floors":9,"height":50,"coverage":0.71,"far":3.25,"style":"PolyStyle04"},"geometry":{"type":"Polygon","coordinates":[[[39.6963676852824,24.4615456375844],[39.6964335348998,24.4623631923795],[39.6954408978121,24.4623224028342],[39.6953764089176,24.4615216638322],[39.6963676852824,24.4615456375844]]]}},{"type":"Feature","properties":{"code":"S09","name":"S09","land_use":"Commercial","sector":"South","gfa":288.3,"area":286.88,"floors":2,"height":20,"coverage":1,"far":1,"style":"PolyStyle05"},"geometry":{"type":"Polygon","coordinates":[[[39.6805484049357,24.4625204050526],[39.6804458628959,24.4626026154713],[39.6801946835449,24.4625821231874],[39.6805522268139,24.4624395141981],[39.6805484049357,24.4625204050526]]]}},{"type":"Feature","properties":{"code":"S13-1","name":"S13-1","land_use":"High Density Residential & Commercial","sector":"South","gfa":52626.3,"area":10010.44,"floors":19,"height":90,"coverage":0.76,"far":5.26,"style":"PolyStyle012"},"geometry":{"type":"Polygon","coordinates":[[[39.6823490263594,24.4617820007765],[39.6823045806274,24.4626860437879],[39.6810368116026,24.4626338332857],[39.6809426835119,24.4625395531498],[39.6809449170086,24.4624941598142],[39.680955517593,24.4622786564284],[39.6822145264068,24.4617764755951],[39.6823490317295,24.4617818986984],[39.6823490263594,24.4617820007765]]]}},{"type":"Feature","properties":{"code":"S13-2","name":"S13-2","land_use":"High Density Residential & Commercial","sector":"South","gfa":17955.1,"area":4492.21,"floors":12,"height":60.5,"coverage":0.71,"far":4,"style":"PolyStyle012"},"geometry":{"type":"Polygon","coordinates":[[[39.6827905714302,24.4618003355542],[39.6827468790665,24.4627042569254],[39.6823045806274,24.4626860437879],[39.6823490263594,24.4617820007765],[39.6827905714302,24.4618003355542]]]}},{"type":"Feature","properties":{"code":"S13-3","name":"S13-3","land_use":"High Density Residential & Commercial","sector":"South","gfa":18005.6,"area":4501.91,"floors":12,"height":60.5,"coverage":0.71,"far":4,"style":"PolyStyle012"},"geometry":{"type":"Polygon","coordinates":[[[39.6832341417181,24.4618187520053],[39.6831893532646,24.462722475197],[39.6827470221672,24.462704262601],[39.6827905714302,24.4618003355542],[39.6832341417181,24.4618187520053]]]}},{"type":"Feature","properties":{"code":"S13-4","name":"S13-4","land_use":"High Density Residential & Commercial","sector":"South","gfa":17980.5,"area":4498.02,"floors":12,"height":60.5,"coverage":0.71,"far":4,"style":"PolyStyle012"},"geometry":{"type":"Polygon","coordinates":[[[39.6836767794782,24.4618371289227],[39.6836323190382,24.4627407125258],[39.6831896700627,24.4627224882152],[39.6832341417181,24.4618187520053],[39.6836767794782,24.4618371289227]]]}},{"type":"Feature","properties":{"code":"S13-5","name":"S13-5","land_use":"High Density Residential & Commercial","sector":"South","gfa":29893.2,"area":8992.47,"floors":12,"height":60.5,"coverage":0.76,"far":3.32,"style":"PolyStyle012"},"geometry":{"type":"Polygon","coordinates":[[[39.6845620562735,24.4618738797588],[39.6845173616645,24.4627771475692],[39.6836323190382,24.4627407125258],[39.6836767794782,24.4618371289227],[39.6845620562735,24.4618738797588]]]}},{"type":"Feature","properties":{"code":"S13-OS1","name":"S13-OS1","land_use":"Open Space","sector":"South","gfa":0,"area":1202.69,"floors":0,"height":0,"coverage":0,"far":0,"style":"PolyStyle02"},"geometry":{"type":"Polygon","coordinates":[[[39.6846803349317,24.4618787890397],[39.6846358985303,24.4627820268001],[39.6845173616645,24.4627771475692],[39.6845620562735,24.4618738797588],[39.6846803349317,24.4618787890397]]]}},{"type":"Feature","properties":{"code":"S13-6","name":"S13-6","land_use":"High Density Residential & Commercial","sector":"South","gfa":29885.9,"area":8990.3,"floors":13,"height":64.6,"coverage":0.76,"far":3.32,"style":"PolyStyle012"},"geometry":{"type":"Polygon","coordinates":[[[39.6855656071879,24.4619155276855],[39.6855211971903,24.4628184665356],[39.6846358985303,24.4627820268001],[39.6846803349317,24.4618787890397],[39.6855157171452,24.4619134627032],[39.6855656071879,24.4619155276855]]]}},{"type":"Feature","properties":{"code":"S13-7","name":"S13-7","land_use":"High Density Residential & Commercial","sector":"South","gfa":17966.1,"area":4494.41,"floors":12,"height":60.5,"coverage":0.71,"far":4,"style":"PolyStyle012"},"geometry":{"type":"Polygon","coordinates":[[[39.6860082565321,24.4619337586276],[39.6859638456713,24.4628366840075],[39.6855211971903,24.4628184665356],[39.6855656071879,24.4619155276855],[39.6855838540635,24.4619162794213],[39.6860082565321,24.4619337586276]]]}},{"type":"Feature","properties":{"code":"S13-8","name":"S13-8","land_use":"High Density Residential & Commercial","sector":"South","gfa":17965.7,"area":4494.33,"floors":12,"height":60.5,"coverage":0.71,"far":4,"style":"PolyStyle012"},"geometry":{"type":"Polygon","coordinates":[[[39.6864509020183,24.4619519873853],[39.6864064952322,24.4628549001756],[39.6859638456713,24.4628366840075],[39.6860082565321,24.4619337586276],[39.6864509020183,24.4619519873853]]]}},{"type":"Feature","properties":{"code":"S13-9","name":"S13-9","land_use":"High Density Residential & Commercial","sector":"South","gfa":17961.3,"area":4493.22,"floors":12,"height":60.5,"coverage":0.71,"far":4,"style":"PolyStyle012"},"geometry":{"type":"Polygon","coordinates":[[[39.6868933669948,24.4619702075364],[39.6868491192282,24.462873114258],[39.6864064952322,24.4628549001756],[39.6864509020183,24.4619519873853],[39.6868933669948,24.4619702075364]]]}},{"type":"Feature","properties":{"code":"S13-10","name":"S13-10","land_use":"High Density Residential & Commercial","sector":"South","gfa":17969.5,"area":4495.29,"floors":12,"height":60.5,"coverage":0.71,"far":4,"style":"PolyStyle012"},"geometry":{"type":"Polygon","coordinates":[[[39.6873362011688,24.4619884418705],[39.6872917936473,24.4628913286187],[39.6868491192282,24.462873114258],[39.6868933669948,24.4619702075364],[39.6873362011688,24.4619884418705]]]}},{"type":"Feature","properties":{"code":"S13-11","name":"S13-11","land_use":"High Density Residential & Commercial","sector":"South","gfa":17996,"area":4494.11,"floors":12,"height":60.5,"coverage":0.71,"far":4,"style":"PolyStyle012"},"geometry":{"type":"Polygon","coordinates":[[[39.6877788400282,24.4620066667621],[39.6877344434929,24.4629095417923],[39.6872917936473,24.4628913286187],[39.6873362011688,24.4619884418705],[39.6877788400282,24.4620066667621]]]}},{"type":"Feature","properties":{"code":"S13-OS2","name":"S13-OS2","land_use":"Open Space","sector":"South","gfa":0,"area":1200.66,"floors":0,"height":0,"coverage":0,"far":0,"style":"PolyStyle02"},"geometry":{"type":"Polygon","coordinates":[[[39.6878971206412,24.4620115364838],[39.6878526805198,24.4629144063129],[39.6877344434929,24.4629095417923],[39.6877788400282,24.4620066667621],[39.6878971206412,24.4620115364838]]]}},{"type":"Feature","properties":{"code":"S13-12","name":"S13-12","land_use":"High Density Residential & Commercial","sector":"South","gfa":35737.6,"area":10739.31,"floors":12,"height":60.5,"coverage":0.69,"far":3.33,"style":"PolyStyle012"},"geometry":{"type":"Polygon","coordinates":[[[39.6889336040925,24.4628684931573],[39.6888327981728,24.4629547265134],[39.6878527259163,24.4629144079126],[39.6878971206412,24.4620115364838],[39.6888551899054,24.462050978009],[39.6889515201348,24.4621453243711],[39.6889425738946,24.4625064422518],[39.6889336040925,24.4628684931573]]]}},{"type":"Feature","properties":{"code":"S14-1","name":"S14-1","land_use":"High Density Residential & Commercial","sector":"South","gfa":39463.9,"area":11945.59,"floors":12,"height":60.5,"coverage":0.7,"far":3.3,"style":"PolyStyle012"},"geometry":{"type":"Polygon","coordinates":[[[39.6905759807204,24.4621223985907],[39.690531637981,24.4630246055166],[39.6903865606984,24.4630186383344],[39.6899027194899,24.4629987379273],[39.6894538822252,24.4629802757552],[39.6893575509931,24.4628859324554],[39.6893754493271,24.4621633995479],[39.6894762542471,24.46207716494],[39.6899470775691,24.4620965319372],[39.6904095251201,24.4621155527939],[39.6905759807204,24.4621223985907]]]}},{"type":"Feature","properties":{"code":"S14-2","name":"S14-2","land_use":"High Density Residential & Commercial","sector":"South","gfa":18032.3,"area":5000,"floors":12,"height":60.5,"coverage":0.72,"far":3.61,"style":"PolyStyle012"},"geometry":{"type":"Polygon","coordinates":[[[39.6910688202002,24.462142666688],[39.691024479986,24.4630448736827],[39.6910094236278,24.4630442543289],[39.690531637981,24.4630246055166],[39.6905759807204,24.4621223985907],[39.6910537629675,24.4621420482437],[39.6910688202002,24.462142666688]]]}},{"type":"Feature","properties":{"code":"S14-3","name":"S14-3","land_use":"High Density Residential & Commercial","sector":"South","gfa":18032.3,"area":5000,"floors":12,"height":60.5,"coverage":0.72,"far":3.61,"style":"PolyStyle012"},"geometry":{"type":"Polygon","coordinates":[[[39.6915616598001,24.4621629340778],[39.6915173230979,24.4630651411369],[39.6915022667361,24.4630645218323],[39.691024479986,24.4630448736827],[39.6910688202002,24.462142666688],[39.691546602559,24.4621623147797],[39.6915616598001,24.4621629340778]]]}},{"type":"Feature","properties":{"code":"S14-4","name":"S14-4","land_use":"High Density Residential & Commercial","sector":"South","gfa":30155.8,"area":8397.24,"floors":12,"height":60.5,"coverage":0.66,"far":3.59,"style":"PolyStyle012"},"geometry":{"type":"Polygon","coordinates":[[[39.6923590998384,24.4630093505244],[39.6922560432003,24.463095516054],[39.6919951366047,24.4630847885062],[39.6915173230979,24.4630651411369],[39.6915616598001,24.4621629340778],[39.6920394146343,24.4621825789285],[39.6923009184269,24.4621933316958],[39.6923949992555,24.4622876021251],[39.6923590998384,24.4630093505244]]]}},{"type":"Feature","properties":{"code":"S15-1","name":"S15-1","land_use":"High Density Residential & Commercial","sector":"South","gfa":29962.7,"area":8343.48,"floors":12,"height":60.5,"coverage":0.66,"far":3.59,"style":"PolyStyle012"},"geometry":{"type":"Polygon","coordinates":[[[39.6936552863814,24.4622490114621],[39.6936110198666,24.4631512212494],[39.6931385195439,24.4631317975758],[39.6928770256235,24.4631210471526],[39.69278294479,24.4630267761478],[39.6928188417959,24.4623050286062],[39.6929218974118,24.4622188627067],[39.6931827884391,24.4622295878542],[39.6936552863814,24.4622490114621]]]}},{"type":"Feature","properties":{"code":"S15-2","name":"S15-2","land_use":"High Density Residential & Commercial","sector":"South","gfa":18032.3,"area":4999.99,"floors":12,"height":60.5,"coverage":0.64,"far":3.61,"style":"PolyStyle012"},"geometry":{"type":"Polygon","coordinates":[[[39.6941481255988,24.4622692704041],[39.6941038635777,24.4631714793476],[39.6936310483185,24.4631520442128],[39.6936110198666,24.4631512212494],[39.6936552863814,24.4622490114621],[39.6936753137089,24.4622498353305],[39.6941481255988,24.4622692704041]]]}},{"type":"Feature","properties":{"code":"S15-OS1","name":"S15-OS1","land_use":"Open Space","sector":"South","gfa":0,"area":1200,"floors":0,"height":0,"coverage":0,"far":0,"style":"PolyStyle02"},"geometry":{"type":"Polygon","coordinates":[[[39.6942664075417,24.4622741324166],[39.6942221463635,24.4631763413754],[39.6941038635777,24.4631714793476],[39.6941481255988,24.4622692704041],[39.6942664075417,24.4622741324166]]]}},{"type":"Feature","properties":{"code":"S15-3","name":"S15-3","land_use":"High Density Residential & Commercial","sector":"South","gfa":18032.3,"area":5000,"floors":12,"height":60.5,"coverage":0.72,"far":3.61,"style":"PolyStyle012"},"geometry":{"type":"Polygon","coordinates":[[[39.6947592478834,24.4622943884539],[39.6947149892355,24.4631965983841],[39.6942221463635,24.4631763413754],[39.6942664075417,24.4622741324166],[39.6947592478834,24.4622943884539]]]}},{"type":"Feature","properties":{"code":"S15-4","name":"S15-4","land_use":"High Density Residential & Commercial","sector":"South","gfa":18396,"area":5000,"floors":12,"height":60.5,"coverage":0.72,"far":3.68,"style":"PolyStyle012"},"geometry":{"type":"Polygon","coordinates":[[[39.6952520883449,24.4623146437837],[39.6952078332042,24.4632168528745],[39.6947149892355,24.4631965983841],[39.6947592478834,24.4622943884539],[39.6952520883449,24.4623146437837]]]}},{"type":"Feature","properties":{"code":"S15-5","name":"S15-5","land_use":"High Density Mixed-Use","sector":"South","gfa":40755.5,"area":12531.48,"floors":12,"height":60.5,"coverage":0.75,"far":3.25,"style":"PolyStyle04"},"geometry":{"type":"Polygon","coordinates":[[[39.6964993378493,24.4631801548056],[39.6964080237981,24.46326617147],[39.6957006772926,24.4632371066573],[39.6952078332042,24.4632168528745],[39.6952520883449,24.4623146437837],[39.6954408978121,24.4623224028342],[39.6964335348998,24.4623631923795],[39.6964993378493,24.4631801548056]]]}},{"type":"Feature","properties":{"code":"S03","name":"S03","land_use":"Community Facilities","sector":"South","gfa":5589.1,"area":5269.72,"floors":2,"height":20,"coverage":0.81,"far":1.05,"style":"PolyStyle027"},"geometry":{"type":"Polygon","coordinates":[[[39.6785440088326,24.4639228845865],[39.6784840106869,24.4639555131335],[39.6784361996659,24.4639443853064],[39.6782234296057,24.4638910558645],[39.6780121984534,24.4638328265623],[39.6778026408786,24.4637697345235],[39.6775948904835,24.4637018199723],[39.6774820684522,24.4636640356084],[39.6787577853687,24.4631552307875],[39.6785560574887,24.4638796219583],[39.6785440088326,24.4639228845865]]]}},{"type":"Feature","properties":{"code":"S04-2","name":"S04-2","land_use":"High Density Mixed-Use","sector":"South","gfa":76096.6,"area":20541.54,"floors":11,"height":56,"coverage":0.8,"far":3.7,"style":"PolyStyle04"},"geometry":{"type":"Polygon","coordinates":[[[39.6805058652673,24.4633324442919],[39.68042172031,24.4645041062836],[39.6803280045533,24.4644979578518],[39.6802740927038,24.4644944208976],[39.6800510483382,24.4644763494982],[39.6798285502895,24.46445331722],[39.6798063253966,24.4644508622211],[39.6796941412897,24.4644367612948],[39.6794546107561,24.464401887499],[39.679216377696,24.4643602283801],[39.678979671495,24.4643118240492],[39.6787447200678,24.4642567211122],[39.6788476912464,24.4639658728952],[39.6790627205955,24.4631937136702],[39.6791237684528,24.4631561879172],[39.679397921216,24.4632049951274],[39.6796734060287,24.4632470522083],[39.6799500245352,24.4632823288787],[39.6802275775633,24.4633107997394],[39.6805058652673,24.4633324442919]]]}},{"type":"Feature","properties":{"code":"S04-3","name":"S04-3","land_use":"High Density Mixed-Use","sector":"South","gfa":75997.3,"area":20512.61,"floors":11,"height":56,"coverage":0.77,"far":3.71,"style":"PolyStyle04"},"geometry":{"type":"Polygon","coordinates":[[[39.6819928811369,24.4645284280142],[39.6819414397187,24.4645715687896],[39.6814732448366,24.4645528397854],[39.6813912339361,24.4645495590649],[39.6807340944932,24.4645199107258],[39.6806310091154,24.4645152596255],[39.6804656392387,24.4645069873432],[39.68042172031,24.4645041062836],[39.6805058652673,24.4633324442919],[39.6807553552602,24.4633454684173],[39.6819975396683,24.4633966279407],[39.6820446695422,24.4634437700827],[39.6819928811369,24.4645284280142]]]}},{"type":"Feature","properties":{"code":"S10-3","name":"S10-3","land_use":"High Density Mixed-Use","sector":"South","gfa":43467.4,"area":13466.25,"floors":13,"height":59,"coverage":0.76,"far":3.23,"style":"PolyStyle04"},"geometry":{"type":"Polygon","coordinates":[[[39.6905169860709,24.4637472273949],[39.6904917264531,24.4647406218175],[39.6898951257564,24.4647433461248],[39.6893130982553,24.464746001616],[39.6893128050026,24.4646921312217],[39.6893351788796,24.4637889989223],[39.6894359850925,24.4637027643303],[39.6905169860709,24.4637472273949]]]}},{"type":"Feature","properties":{"code":"S04-4","name":"S04-4","land_use":"Hospitality","sector":"South","gfa":240079.9,"area":60620.17,"floors":18,"height":84,"coverage":0.81,"far":3.96,"style":"PolyStyle074"},"geometry":{"type":"Polygon","coordinates":[[[39.6867493405522,24.4647222711199],[39.6866978402093,24.4647653541475],[39.6862092217967,24.4647452478824],[39.6860978372919,24.4647406643869],[39.6854699479637,24.4647148243931],[39.6850333872132,24.4646968570693],[39.6849149995472,24.4646919847319],[39.6848435500709,24.4646890436661],[39.6847306806289,24.4646842735226],[39.684691990937,24.4646826380131],[39.6842678117637,24.4646647108262],[39.684223081079,24.464662820768],[39.6836911909444,24.4646415511419],[39.6835284717114,24.4646350439776],[39.6829518753243,24.464611984314],[39.6827891571332,24.4646054763475],[39.6822618476372,24.4645843850972],[39.6821977354548,24.4645818205832],[39.6821506014552,24.4645347363233],[39.6822023796447,24.4634502644533],[39.6822538178775,24.463407181407],[39.6867554455184,24.4635924854028],[39.6868025150243,24.4636396235924],[39.6867493405522,24.4647222711199]]]}},{"type":"Feature","properties":{"code":"S10-4","name":"S10-4","land_use":"High Density Residential & Commercial","sector":"South","gfa":17713.6,"area":5394.85,"floors":11,"height":52,"coverage":0.73,"far":3.28,"style":"PolyStyle012"},"geometry":{"type":"Polygon","coordinates":[[[39.6910121392961,24.4637675906576],[39.6909634243055,24.4647600203039],[39.6909449490274,24.4647592603353],[39.6904917264531,24.4647406218175],[39.6905169860709,24.4637472273949],[39.6909936651495,24.4637668306872],[39.6910121392961,24.4637675906576]]]}},{"type":"Feature","properties":{"code":"S10-5","name":"S10-5","land_use":"High Density Residential & Commercial","sector":"South","gfa":16907.7,"area":5330.64,"floors":11,"height":52,"coverage":0.73,"far":3.17,"style":"PolyStyle012"},"geometry":{"type":"Polygon","coordinates":[[[39.6914898093583,24.4637872339113],[39.6914410971256,24.4647796636305],[39.6914377988136,24.4647795278963],[39.6910626647712,24.4647641012123],[39.6909634243055,24.4647600203039],[39.6910121392961,24.4637675906576],[39.6911113770104,24.4637716715609],[39.6914898093583,24.4637872339113]]]}},{"type":"Feature","properties":{"code":"S10-6","name":"S10-6","land_use":"High Density Residential & Commercial","sector":"South","gfa":17119.2,"area":5397.32,"floors":11,"height":52,"coverage":0.73,"far":3.17,"style":"PolyStyle012"},"geometry":{"type":"Polygon","coordinates":[[[39.6919734533487,24.463807120146],[39.691924745899,24.464799550833],[39.6915555135982,24.4647843683931],[39.6914410971256,24.4647796636305],[39.6914898093583,24.4637872339113],[39.6916042229606,24.4637919386665],[39.6919734533487,24.463807120146]]]}},{"type":"Feature","properties":{"code":"S10-7","name":"S10-7","land_use":"High Density Residential & Commercial","sector":"South","gfa":16840.1,"area":5309.31,"floors":11,"height":52,"coverage":0.65,"far":3.17,"style":"PolyStyle012"},"geometry":{"type":"Polygon","coordinates":[[[39.692404662717,24.4647740812301],[39.6923531337317,24.4648171644762],[39.6920483635221,24.4648046330555],[39.691924745899,24.464799550833],[39.6919734533487,24.463807120146],[39.6919794281653,24.4638073664414],[39.6920970690211,24.4638122032585],[39.6924024961023,24.4638247614189],[39.6924495371607,24.4638718970369],[39.692404662717,24.4647740812301]]]}},{"type":"Feature","properties":{"code":"S04-5","name":"S04-5","land_use":"High Density Mixed-Use","sector":"South","gfa":91473.9,"area":25843.96,"floors":11,"height":56,"coverage":0.76,"far":3.54,"style":"PolyStyle04"},"geometry":{"type":"Polygon","coordinates":[[[39.6888849494889,24.4648311879203],[39.6888843525636,24.4648553159658],[39.6878543329622,24.464812940362],[39.6870237372063,24.4647787630788],[39.6869541223559,24.4647758986648],[39.6869070523612,24.4647287605399],[39.6869602254846,24.4636461129875],[39.6870117252957,24.4636030307794],[39.6888098158518,24.4636770061487],[39.6888148432124,24.4636772126338],[39.6889111766402,24.4637715562563],[39.6888849494889,24.4648311879203]]]}},{"type":"Feature","properties":{"code":"S11-1","name":"S11-1","land_use":"High Density Residential & Commercial","sector":"South","gfa":17146.3,"area":5405.84,"floors":11,"height":52,"coverage":0.66,"far":3.17,"style":"PolyStyle012"},"geometry":{"type":"Polygon","coordinates":[[[39.6930958115398,24.4638532647394],[39.6930471128836,24.4648456946836],[39.6930340637205,24.4648451584513],[39.6926094162102,24.464827701197],[39.6925623747291,24.4647805656438],[39.692607248044,24.4638783805264],[39.6926587755853,24.4638352981065],[39.6930827605057,24.463852728518],[39.6930958115398,24.4638532647394]]]}},{"type":"Feature","properties":{"code":"S11-2","name":"S11-2","land_use":"High Density Residential & Commercial","sector":"South","gfa":17213.9,"area":5427.18,"floors":11,"height":52,"coverage":0.74,"far":3.17,"style":"PolyStyle012"},"geometry":{"type":"Polygon","coordinates":[[[39.693582132435,24.4638732572705],[39.6935334375912,24.464865687284],[39.6935269130082,24.4648654191891],[39.6930471128836,24.4648456946836],[39.6930958115398,24.4638532647394],[39.6935756069164,24.463872989181],[39.693582132435,24.4638732572705]]]}},{"type":"Feature","properties":{"code":"S11-3","name":"S11-3","land_use":"High Density Residential & Commercial","sector":"South","gfa":17213.9,"area":5427.18,"floors":11,"height":52,"coverage":0.74,"far":3.17,"style":"PolyStyle012"},"geometry":{"type":"Polygon","coordinates":[[[39.6940684534373,24.4638932473303],[39.6940197633926,24.4648856774085],[39.6935334375912,24.464865687284],[39.693582132435,24.4638732572705],[39.6940684534373,24.4638932473303]]]}},{"type":"Feature","properties":{"code":"S11-OS1","name":"S11-OS1","land_use":"Open Space","sector":"South","gfa":0,"area":1320,"floors":0,"height":0,"coverage":0,"far":0,"style":"PolyStyle02"},"geometry":{"type":"Polygon","coordinates":[[[39.6941867368975,24.4638981093703],[39.69413804778,24.4648905394654],[39.6940197633926,24.4648856774085],[39.6940684534373,24.4638932473303],[39.6941867368975,24.4638981093703]]]}},{"type":"Feature","properties":{"code":"S11-4","name":"S11-4","land_use":"High Density Residential & Commercial","sector":"South","gfa":17444.9,"area":5500,"floors":11,"height":52,"coverage":0.74,"far":3.17,"style":"PolyStyle012"},"geometry":{"type":"Polygon","coordinates":[[[39.6946795825743,24.4639183655268],[39.694630898307,24.4649107956875],[39.69413804778,24.4648905394654],[39.6941867368975,24.4638981093703],[39.6946795825743,24.4639183655268]]]}},{"type":"Feature","properties":{"code":"S02-4","name":"S02-4","land_use":"Community Facilities","sector":"South","gfa":775.9,"area":1551.83,"floors":2,"height":20,"coverage":0.85,"far":0.5,"style":"PolyStyle027"},"geometry":{"type":"Polygon","coordinates":[[[39.6765437095087,24.4648786504933],[39.6761748476792,24.4650073401715],[39.6760694188326,24.4647541716584],[39.6760938362904,24.4646882701688],[39.6762184044891,24.464617941444],[39.6762734805844,24.464583412135],[39.6763460112429,24.4645379391208],[39.6763735736854,24.4645192437756],[39.6763895527202,24.4645084051292],[39.6765437095087,24.4648786504933]]]}},{"type":"Feature","properties":{"code":"S11-5","name":"S11-5","land_use":"High Density Residential & Commercial","sector":"South","gfa":17444.9,"area":5500,"floors":11,"height":52,"coverage":0.74,"far":3.17,"style":"PolyStyle012"},"geometry":{"type":"Polygon","coordinates":[[[39.6951724293576,24.4639386209712],[39.695123748954,24.4649310512019],[39.694630898307,24.4649107956875],[39.6946795825743,24.4639183655268],[39.6951724293576,24.4639386209712]]]}},{"type":"Feature","properties":{"code":"S11-6","name":"S11-6","land_use":"High Density Residential & Commercial","sector":"South","gfa":17444.9,"area":5500,"floors":11,"height":52,"coverage":0.74,"far":3.17,"style":"PolyStyle012"},"geometry":{"type":"Polygon","coordinates":[[[39.6956652762509,24.4639588739019],[39.6956165987242,24.464951304207],[39.695123748954,24.4649310512019],[39.6951724293576,24.4639386209712],[39.6956652762509,24.4639588739019]]]}},{"type":"Feature","properties":{"code":"W09","name":"W09","land_use":"Medium Density Mixed-Use","sector":"West","gfa":958.5,"area":1609.72,"floors":2,"height":20,"coverage":1,"far":0.6,"style":"PolyStyle03"},"geometry":{"type":"Polygon","coordinates":[[[39.6741374159211,24.4650486071803],[39.6741240739166,24.465048847314],[39.6741108851044,24.4650472814018],[39.6740980117728,24.4650439972269],[39.6740459929257,24.4650268556618],[39.6761317153324,24.4642012176837],[39.6760078327183,24.464280293967],[39.6758805503151,24.4643547096248],[39.6757500772878,24.4644243423651],[39.6756166280458,24.4644890777557],[39.6754804218904,24.4645488094125],[39.6753416826547,24.4646034391741],[39.6741501694653,24.4650466275279],[39.6741374159211,24.4650486071803]]]}},{"type":"Feature","properties":{"code":"S11-7","name":"S11-7","land_use":"High Density Mixed-Use","sector":"South","gfa":34521.6,"area":10772.01,"floors":13,"height":59,"coverage":0.7,"far":3.2,"style":"PolyStyle04"},"geometry":{"type":"Polygon","coordinates":[[[39.6966360145876,24.4648239713531],[39.6966495656475,24.464993748721],[39.6963530129827,24.4649815638233],[39.6962080201827,24.4649756064022],[39.6956165987242,24.464951304207],[39.6956652762509,24.4639588739019],[39.6964725625125,24.4639920454608],[39.6965783205913,24.4640861672584],[39.6965948970123,24.4642938486035],[39.696618691438,24.4645919640641],[39.6966253445095,24.4646753148357],[39.6966360145876,24.4648239713531]]]}},{"type":"Feature","properties":{"code":"E19-2","name":"E19-2","land_use":"High Density Mixed-Use","sector":"East","gfa":33179.8,"area":11241.08,"floors":19,"height":79,"coverage":0.82,"far":2.95,"style":"PolyStyle04"},"geometry":{"type":"Polygon","coordinates":[[[39.6983306020071,24.4650132549129],[39.6976402441017,24.4650611343278],[39.6975788105755,24.4642979212972],[39.6974605955189,24.4628292050886],[39.697423499598,24.4623683357752],[39.6974235453436,24.4623603383506],[39.6974249621731,24.4623524456849],[39.697427714664,24.4623448548237],[39.6974317347844,24.462337753932],[39.6974369228545,24.4623313177736],[39.697443150502,24.4623257067945],[39.6974502626005,24.4623210607924],[39.6974566757312,24.4623181348647],[39.6977556315976,24.4632401925458],[39.6977616310217,24.4632586970696],[39.6979857000763,24.463949673776],[39.6980805244844,24.4642420855123],[39.6983256614089,24.4649980184673],[39.6983306020071,24.4650132549129]]]}},{"type":"Feature","properties":{"code":"S12-7","name":"S12-7","land_use":"Commercial","sector":"South","gfa":993,"area":1985.9,"floors":2,"height":20,"coverage":0.68,"far":0.5,"style":"PolyStyle05"},"geometry":{"type":"Polygon","coordinates":[[[39.6946137020942,24.465190335573],[39.6945960018522,24.4655512217526],[39.6941066257998,24.4655311084572],[39.6941243264601,24.4651702241136],[39.6946137020942,24.465190335573]]]}},{"type":"Feature","properties":{"code":"S12-8","name":"S12-8","land_use":"Community Facilities","sector":"South","gfa":600,"area":1200,"floors":2,"height":20,"coverage":0.57,"far":0.5,"style":"PolyStyle027"},"geometry":{"type":"Polygon","coordinates":[[[39.6949094123459,24.4652024916259],[39.6948917139237,24.4655633760101],[39.6945994758607,24.4655513647382],[39.6945960018522,24.4655512217526],[39.6946137020942,24.465190335573],[39.6949094123459,24.4652024916259]]]}},{"type":"Feature","properties":{"code":"S12-9","name":"S12-9","land_use":"Education","sector":"South","gfa":937,"area":1561.6,"floors":2,"height":20,"coverage":0.53,"far":0.6,"style":"PolyStyle00"},"geometry":{"type":"Polygon","coordinates":[[[39.6952950997232,24.4652635431879],[39.6952796125934,24.4655793169368],[39.6948917139237,24.4655633760101],[39.6949094123459,24.4652024916259],[39.6952480274878,24.4652164068293],[39.6952950997232,24.4652635431879]]]}},{"type":"Feature","properties":{"code":"S02-2","name":"S02-2","land_use":"Utilities","sector":"South","gfa":0,"area":5191.09,"floors":0,"height":0,"coverage":0,"far":0,"style":"PolyStyle039"},"geometry":{"type":"Polygon","coordinates":[[[39.6761956589128,24.465559904256],[39.6756417213916,24.4657514386341],[39.6755917850284,24.4656303685101],[39.6754104279356,24.4651906736563],[39.6753760613808,24.4651073525268],[39.6754326230261,24.464988861717],[39.6754980767844,24.4649645169913],[39.6756602097861,24.4649005107381],[39.6758383544058,24.4648208780752],[39.6758992689335,24.464841784137],[39.6761956589128,24.465559904256]]]}},{"type":"Feature","properties":{"code":"S04-OS1","name":"S04-OS1","land_use":"Open Space","sector":"South","gfa":300,"area":30633.86,"floors":2,"height":20,"coverage":0,"far":0.01,"style":"PolyStyle02"},"geometry":{"type":"Polygon","coordinates":[[[39.6841741530242,24.4656488973907],[39.6840672823764,24.4657311415712],[39.6840021453948,24.4657260220958],[39.6839235202457,24.4657198455509],[39.6834423570831,24.4656820278068],[39.6828328403272,24.4656341179616],[39.682300581826,24.4655922808769],[39.6818014823454,24.4655530486923],[39.6815945640138,24.4655406499278],[39.6813802543777,24.4655357928348],[39.6811659047282,24.4655389030429],[39.6810712006972,24.4655438021281],[39.6810155596362,24.4655466809562],[39.6809518702136,24.46554997534],[39.6807385029641,24.4655689936921],[39.6805890526285,24.4655879470163],[39.6804977882107,24.4655102253361],[39.6805429047918,24.4648820008165],[39.6806479273312,24.4647963300959],[39.6811103316965,24.4648171929364],[39.681377026518,24.4648292253841],[39.6820364875683,24.4648556055342],[39.6827758045159,24.4648851768126],[39.6835151207275,24.4649147444711],[39.6841426792091,24.4649398399593],[39.6842326929391,24.465033752795],[39.6841741530242,24.4656488973907]]]}},{"type":"Feature","properties":{"code":"W08","name":"W08","land_use":"Open Space","sector":"West","gfa":0,"area":504.01,"floors":0,"height":0,"coverage":0,"far":0,"style":"PolyStyle02"},"geometry":{"type":"Polygon","coordinates":[[[39.6722270075365,24.465803959489],[39.6722182559305,24.4658058319177],[39.6722092957468,24.4658064730697],[39.6722003325493,24.4658058682358],[39.6721915719713,24.4658040312921],[39.6721426459556,24.4657881053858],[39.6723124843427,24.4657256362553],[39.6722996309759,24.4657181260824],[39.6734764069252,24.4652523202835],[39.6734772273177,24.4652969259474],[39.672651531045,24.4656040345977],[39.6725418499116,24.4656474623087],[39.6724343938723,24.4656953239592],[39.6723293767554,24.4657475243103],[39.6722270075365,24.465803959489]]]}},{"type":"Feature","properties":{"code":"S12-1","name":"S12-1","land_use":"High Density Residential & Commercial","sector":"South","gfa":16492,"area":5646.68,"floors":10,"height":48.5,"coverage":0.7,"far":2.92,"style":"PolyStyle012"},"geometry":{"type":"Polygon","coordinates":[[[39.6915417865727,24.4650640529375],[39.691508576071,24.4657407098368],[39.6913908584238,24.4657358693328],[39.6908980049144,24.4657156017037],[39.6907728014012,24.4657104526502],[39.6907888747064,24.4650782819814],[39.6908393079251,24.4650351654328],[39.690931220653,24.4650389448551],[39.691424071528,24.465059212436],[39.6915417865727,24.4650640529375]]]}},{"type":"Feature","properties":{"code":"S12-2","name":"S12-2","land_use":"High Density Residential & Commercial","sector":"South","gfa":9546.5,"area":3750,"floors":10,"height":48.5,"coverage":0.78,"far":2.55,"style":"PolyStyle012"},"geometry":{"type":"Polygon","coordinates":[[[39.6920346375855,24.4650843176198],[39.6920014287315,24.4657609745716],[39.6918837840914,24.4657561377306],[39.691508576071,24.4657407098368],[39.6915417865727,24.4650640529375],[39.6919169935742,24.4650794807902],[39.6920346375855,24.4650843176198]]]}},{"type":"Feature","properties":{"code":"S12-3","name":"S12-3","land_use":"High Density Residential & Commercial","sector":"South","gfa":9546.5,"area":3750,"floors":10,"height":48.5,"coverage":0.78,"far":2.55,"style":"PolyStyle012"},"geometry":{"type":"Polygon","coordinates":[[[39.6925274887184,24.4651045815944],[39.6924942824988,24.4657812385943],[39.6924941423545,24.4657812329145],[39.692375857163,24.4657763695887],[39.6920014287315,24.4657609745716],[39.6920346375855,24.4650843176198],[39.6924090650022,24.4650997125959],[39.6925274887184,24.4651045815944]]]}},{"type":"Feature","properties":{"code":"S12-4","name":"S12-4","land_use":"High Density Residential & Commercial","sector":"South","gfa":9546.5,"area":3750,"floors":10,"height":48.5,"coverage":0.78,"far":2.55,"style":"PolyStyle012"},"geometry":{"type":"Polygon","coordinates":[[[39.6930203399616,24.4651248430552],[39.6929871363764,24.4658015001031],[39.6924942824988,24.4657812385943],[39.6925274887184,24.4651045815944],[39.6930203399616,24.4651248430552]]]}},{"type":"Feature","properties":{"code":"S10-2","name":"S10-2","land_use":"High Density Mixed-Use","sector":"South","gfa":37172.2,"area":13312.19,"floors":11,"height":52,"coverage":0.73,"far":2.79,"style":"PolyStyle04"},"geometry":{"type":"Polygon","coordinates":[[[39.6904661833295,24.4657363447758],[39.6904636630196,24.4658354594739],[39.689285103345,24.4658103483367],[39.6893061360765,24.464961339664],[39.6893088209977,24.4648529644112],[39.6893096809889,24.4648182676364],[39.6893134915545,24.464818250258],[39.6893130982553,24.464746001616],[39.6898951257564,24.4647433461248],[39.6898955193876,24.464815594758],[39.6898959130203,24.4648878433906],[39.6904384935474,24.4648853658434],[39.6904866796086,24.4649302841722],[39.6904846412016,24.4650104679716],[39.6904844064047,24.4650197035513],[39.6904661833295,24.4657363447758]]]}},{"type":"Feature","properties":{"code":"S12-5","name":"S12-5","land_use":"High Density Residential & Commercial","sector":"South","gfa":9546.5,"area":3750,"floors":10,"height":48.5,"coverage":0.78,"far":2.55,"style":"PolyStyle012"},"geometry":{"type":"Polygon","coordinates":[[[39.6935131903381,24.4651451038128],[39.693479990374,24.4658217609041],[39.6929877620952,24.4658015261342],[39.6929871363764,24.4658015001031],[39.6930203399616,24.4651248430552],[39.6930209656771,24.4651248690863],[39.6935131903381,24.4651451038128]]]}},{"type":"Feature","properties":{"code":"S12-6","name":"S12-6","land_use":"High Density Residential & Commercial","sector":"South","gfa":9546.5,"area":3750,"floors":10,"height":48.5,"coverage":0.78,"far":2.55,"style":"PolyStyle012"},"geometry":{"type":"Polygon","coordinates":[[[39.6940060418113,24.4651653620521],[39.6939728444816,24.4658420191912],[39.6934803012601,24.4658217739277],[39.693479990374,24.4658217609041],[39.6935131903381,24.4651451038128],[39.6935135031959,24.4651451168274],[39.6940060418113,24.4651653620521]]]}},{"type":"Feature","properties":{"code":"S02-3","name":"S02-3","land_use":"Education","sector":"South","gfa":37892.9,"area":33399.7,"floors":3,"height":25,"coverage":0.82,"far":1.13,"style":"PolyStyle00"},"geometry":{"type":"Polygon","coordinates":[[[39.6766802203938,24.465940635542],[39.6766243470649,24.4659599327355],[39.6765606158342,24.4659336795011],[39.6761748476792,24.4650073401715],[39.6765437095087,24.4648786504933],[39.6763895527202,24.4645084051292],[39.6764702796039,24.4644536500148],[39.6765910365186,24.4643651887036],[39.6767115139718,24.4642698855172],[39.676811688715,24.464184712365],[39.6768134881786,24.4641831825298],[39.6769122350819,24.4640934052166],[39.6770076456869,24.4640006525134],[39.6771186334619,24.4638852516684],[39.6771975620186,24.4638668733576],[39.6774890919809,24.4639645068614],[39.677701153724,24.4640338505783],[39.6779150362723,24.4640983396257],[39.6780292401136,24.4641305794518],[39.6781957543575,24.4641753756264],[39.6783631772559,24.4642172385158],[39.6783990253283,24.4642734420841],[39.6783383825342,24.4644291645312],[39.6782849178579,24.4645870749158],[39.6782387251363,24.4647468961665],[39.6781998854478,24.4649083478581],[39.6781684669698,24.4650711467035],[39.678144524859,24.4652350070506],[39.6781347206363,24.4653156750055],[39.6781285996545,24.4653966469703],[39.6780780145107,24.4654575715992],[39.6769249683367,24.4658560540661],[39.676814196003,24.4658943353773],[39.6766802203938,24.465940635542]]]}},{"type":"Feature","properties":{"code":"S12-10","name":"S12-10","land_use":"Utilities","sector":"South","gfa":0,"area":1836.64,"floors":0,"height":0,"coverage":0,"far":0,"style":"PolyStyle039"},"geometry":{"type":"Polygon","coordinates":[[[39.6951607439703,24.4659994279091],[39.6948696602773,24.4660129388275],[39.6948749130304,24.4659058649191],[39.6948917139237,24.4655633760101],[39.6952796125934,24.4655793169368],[39.6952636813942,24.4659040770482],[39.6951607439703,24.4659994279091]]]}},{"type":"Feature","properties":{"code":"S11-8","name":"S11-8","land_use":"High Density Residential & Commercial","sector":"South","gfa":37984,"area":11580.92,"floors":13,"height":59,"coverage":0.66,"far":3.28,"style":"PolyStyle012"},"geometry":{"type":"Polygon","coordinates":[[[39.6967235890164,24.465921147229],[39.6966321398181,24.466008926659],[39.6959797117354,24.46599376324],[39.6956642493581,24.4659919986186],[39.695570005906,24.4659012262216],[39.6956073057611,24.4651407684797],[39.6956588041329,24.4650976833809],[39.6962009399416,24.4651199600199],[39.6962080201827,24.4649756064022],[39.6963530129827,24.4649815638233],[39.6966495656475,24.464993748721],[39.6966656983158,24.4651958687974],[39.696674386229,24.4653047172654],[39.6966790046799,24.4653625820595],[39.6967235890164,24.465921147229]]]}},{"type":"Feature","properties":{"code":"S04-1","name":"S04-1","land_use":"High Density Mixed-Use","sector":"South","gfa":107223.7,"area":28877.21,"floors":11,"height":56,"coverage":0.81,"far":3.71,"style":"PolyStyle04"},"geometry":{"type":"Polygon","coordinates":[[[39.6794984870381,24.4658451228722],[39.6786654974051,24.466133006069],[39.6785512305811,24.4660768611547],[39.6785163389617,24.4659752883071],[39.6784874286666,24.465872153704],[39.6784645823317,24.4657677521917],[39.678447865256,24.4656623822379],[39.6784383800796,24.4655640386224],[39.6784352749098,24.4654653534599],[39.6784385606327,24.4653666731942],[39.6784482256986,24.4652683442509],[39.6784700499729,24.465125577333],[39.6784979885608,24.4649837059523],[39.678531998257,24.4648429493997],[39.6785720264727,24.4647035252418],[39.6786180113167,24.4645656489854],[39.6786698816914,24.4644295337436],[39.6787275574029,24.4642953899073],[39.6787447200678,24.4642567211122],[39.678979671495,24.4643118240492],[39.679216377696,24.4643602283801],[39.6794546107561,24.464401887499],[39.6796941412897,24.4644367612948],[39.6798063253966,24.4644508622211],[39.6798285502895,24.46445331722],[39.6800510483382,24.4644763494982],[39.6802740927038,24.4644944208976],[39.6802619328449,24.464600600637],[39.6802542820861,24.4647071321984],[39.6802511519556,24.46481385522],[39.6801997535602,24.465529520245],[39.6801002838304,24.4656498188312],[39.6798364866351,24.4657354312531],[39.6794984870381,24.4658451228722]]]}},{"type":"Feature","properties":{"code":"S02-1","name":"S02-1","land_use":"Utilities","sector":"South","gfa":0,"area":3382.9,"floors":0,"height":0,"coverage":0,"far":0,"style":"PolyStyle039"},"geometry":{"type":"Polygon","coordinates":[[[39.6763474211099,24.4660556443282],[39.6758857379326,24.4662151932652],[39.6758221584465,24.4661888974972],[39.6756416199454,24.4657514734065],[39.6756417213916,24.4657514386341],[39.6761956589128,24.465559904256],[39.6763761493456,24.4659974489021],[39.6763474211099,24.4660556443282]]]}},{"type":"Feature","properties":{"code":"W05-5","name":"W05-5","land_use":"Utilities","sector":"West","gfa":0,"area":6192.85,"floors":0,"height":0,"coverage":0,"far":0,"style":"PolyStyle039"},"geometry":{"type":"Polygon","coordinates":[[[39.6753035519306,24.4660311119167],[39.6747564063587,24.4662346578221],[39.6743761998891,24.4653817379316],[39.6748565917291,24.4652030548902],[39.6749828510919,24.4652535460586],[39.6750134908017,24.4653278318303],[39.675194846742,24.4657675280813],[39.6753035519306,24.4660311119167]]]}},{"type":"Feature","properties":{"code":"E19-1","name":"E19-1","land_use":"High Density Mixed-Use","sector":"East","gfa":27354.8,"area":9275.1,"floors":19,"height":79,"coverage":0.88,"far":2.95,"style":"PolyStyle04"},"geometry":{"type":"Polygon","coordinates":[[[39.6984153621215,24.4660948238055],[39.6977827484894,24.4661386972648],[39.697774027761,24.4661386725011],[39.6977654146108,24.4661373991156],[39.6977571302167,24.4661349049874],[39.6977493702923,24.4661312524321],[39.6977423425899,24.4661265398349],[39.6977361956509,24.4661208640481],[39.6977311040582,24.4661143922479],[39.6977271790776,24.4661072611964],[39.6977245263432,24.4660996600631],[39.6977232041079,24.4660917746238],[39.6976402441017,24.4650611343278],[39.6983306020071,24.4650132549129],[39.6983634486408,24.4651145435321],[39.6984456793975,24.4653681171833],[39.6984972155179,24.4660077975251],[39.698497005443,24.4660219451109],[39.6984958935987,24.4660289540157],[39.6984941180414,24.4660358467749],[39.698488641756,24.4660490794439],[39.6984807440748,24.466061239548],[39.6984706538901,24.4660719647775],[39.6984586890757,24.4660809249238],[39.6984452073022,24.4660878492012],[39.6984306178973,24.4660925298042],[39.6984153621215,24.4660948238055]]]}},{"type":"Feature","properties":{"code":"S04-OS2","name":"S04-OS2","land_use":"Open Space","sector":"South","gfa":597.9,"area":29897.42,"floors":2,"height":20,"coverage":0,"far":0.02,"style":"PolyStyle02"},"geometry":{"type":"Polygon","coordinates":[[[39.6874839052183,24.4661193694337],[39.6873840600069,24.4661865594883],[39.6871494220562,24.466129920008],[39.6868844369624,24.4660716632974],[39.6868659415999,24.4660675974665],[39.6867337351342,24.4660413499604],[39.6865816990465,24.4660111653584],[39.6864927479284,24.4659952146139],[39.6862421580391,24.4659519673418],[39.6859864001109,24.4659125841223],[39.6857298444085,24.4658778163752],[39.685469191218,24.4658472789753],[39.6849329760527,24.4657991779293],[39.6846866268541,24.4657798183306],[39.684596879909,24.4656821213656],[39.6846568490612,24.4650519330392],[39.6847639801202,24.4649660187533],[39.6849012588287,24.4649716689959],[39.6850196467563,24.4649765413381],[39.6854562084713,24.4649945086798],[39.6860840991866,24.4650203486993],[39.6861954839375,24.4650249321992],[39.6868279492869,24.465050956977],[39.686934353052,24.4650553358799],[39.6870100001648,24.4650584483365],[39.6873144263148,24.4650709752243],[39.6874857276018,24.4650780235886],[39.6875327939936,24.4651251615414],[39.687526148214,24.4652603109505],[39.6874839052183,24.4661193694337]]]}},{"type":"Feature","properties":{"code":"W07","name":"W07","land_use":"Commercial","sector":"West","gfa":2295,"area":2281.02,"floors":2,"height":20,"coverage":0.63,"far":1,"style":"PolyStyle05"},"geometry":{"type":"Polygon","coordinates":[[[39.6714957696144,24.4663885311103],[39.671481507496,24.4663890794567],[39.6711686617836,24.4663786795501],[39.6711534229645,24.4663770231408],[39.6711386852898,24.466373112092],[39.6711248410539,24.466367053038],[39.6711122621218,24.4663590077947],[39.6711012870984,24.4663491925139],[39.6710922074655,24.4663378687132],[39.6710852685599,24.4663253414655],[39.6710806556876,24.4663119459137],[39.6710784931033,24.466298040953],[39.6710788380382,24.4662839993232],[39.6710816806423,24.4662701967711],[39.6710869459149,24.466257003914],[39.6711160073084,24.4661993904883],[39.6718864712242,24.4658921473149],[39.6718901697998,24.4658944465049],[39.6719020706986,24.4659048789678],[39.6719119093274,24.465916978749],[39.6719194105794,24.4659304093002],[39.6719243642582,24.4659447940469],[39.6719266340498,24.4659597335078],[39.6719261555772,24.465974810722],[39.6719229423885,24.4659896038664],[39.671922180102,24.4659919192744],[39.6719172725847,24.4660033404293],[39.671912249077,24.4660146591427],[39.6719088017821,24.4660201077127],[39.6718111114546,24.4661012778511],[39.6717179058826,24.466186751942],[39.6716294111537,24.4662763226608],[39.6715458419302,24.4663697727457],[39.6715355940214,24.4663750149032],[39.6715231479023,24.4663814119988],[39.6715097634422,24.4663859546158],[39.6714957696144,24.4663885311103]]]}},{"type":"Feature","properties":{"code":"W05-6","name":"W05-6","land_use":"Medium Density Residential","sector":"West","gfa":14696.3,"area":6496.24,"floors":10,"height":48.5,"coverage":0.76,"far":2.26,"style":"PolyStyle0113"},"geometry":{"type":"Polygon","coordinates":[[[39.6743799308837,24.4662577098251],[39.6740341703206,24.4663863138613],[39.6736998511311,24.4656333042955],[39.6738414939123,24.4655806208465],[39.6743229134232,24.4654015582926],[39.6747013549059,24.4662551364543],[39.6744240499743,24.466358279927],[39.6743799308837,24.4662577098251]]]}},{"type":"Feature","properties":{"code":"W05-7","name":"W05-7","land_use":"Medium Density Residential","sector":"West","gfa":13630.5,"area":6025.14,"floors":10,"height":48.5,"coverage":0.76,"far":2.26,"style":"PolyStyle0113"},"geometry":{"type":"Polygon","coordinates":[[[39.6740341703206,24.4663863138613],[39.6734222060019,24.4666139289366],[39.673087889781,24.4658609179739],[39.6731587114452,24.4658345760962],[39.6736998511311,24.4656333042955],[39.6740341703206,24.4663863138613]]]}},{"type":"Feature","properties":{"code":"S04-6","name":"S04-6","land_use":"High Density Mixed-Use","sector":"South","gfa":66736,"area":18985.98,"floors":11,"height":56,"coverage":0.74,"far":3.52,"style":"PolyStyle04"},"geometry":{"type":"Polygon","coordinates":[[[39.6888429221497,24.466529114697],[39.6887475121786,24.4665896844479],[39.6882625824733,24.4664350134611],[39.6878753732736,24.4663158913417],[39.6877862804269,24.466196896631],[39.6878158809716,24.4655949311118],[39.6878543329622,24.464812940362],[39.6888843525636,24.4648553159658],[39.6888822679942,24.4649395342565],[39.6888655063907,24.4656167001888],[39.6888429221497,24.466529114697]]]}},{"type":"Feature","properties":{"code":"W05-8","name":"W05-8","land_use":"Medium Density Residential","sector":"West","gfa":12929.5,"area":6894.36,"floors":10,"height":48.5,"coverage":0.78,"far":1.88,"style":"PolyStyle0113"},"geometry":{"type":"Polygon","coordinates":[[[39.6734222060019,24.4666139289366],[39.6727027873021,24.4668815066241],[39.6724083890282,24.4661631836812],[39.6725719248023,24.4660682412708],[39.6726501590889,24.4660306009691],[39.6726761039124,24.466019282143],[39.6727300352619,24.4659957530298],[39.672784189601,24.4659744545451],[39.6728113100869,24.4659637879432],[39.673087889781,24.4658609179739],[39.6734222060019,24.4666139289366]]]}},{"type":"Feature","properties":{"code":"E12-1","name":"E12-1","land_use":"Commercial","sector":"East","gfa":621.6,"area":1243.2,"floors":2,"height":20,"coverage":0.69,"far":0.5,"style":"PolyStyle05"},"geometry":{"type":"Polygon","coordinates":[[[39.696788512643,24.4667346044806],[39.6967947304202,24.4668125014205],[39.6961330163432,24.4668104823446],[39.6961182122201,24.4666302299168],[39.6966826798393,24.4666424051082],[39.696788512643,24.4667346044806]]]}},{"type":"Feature","properties":{"code":"S12-OS1","name":"S12-OS1","land_use":"Open Space","sector":"South","gfa":6026.5,"area":32484.16,"floors":2,"height":20,"coverage":0,"far":0.19,"style":"PolyStyle02"},"geometry":{"type":"Polygon","coordinates":[[[39.6911047475737,24.466859121863],[39.6909726502554,24.4668826030355],[39.6908394604115,24.4669001690658],[39.6907444657153,24.4668249345037],[39.6907578768442,24.4662974588042],[39.6907682098437,24.4658910698607],[39.6907728014012,24.4657104526502],[39.6908980049144,24.4657156017037],[39.6913908584238,24.4657358693328],[39.691508576071,24.4657407098368],[39.6918837840914,24.4657561377306],[39.6920014287315,24.4657609745716],[39.692375857163,24.4657763695887],[39.6924941423545,24.4657812329145],[39.6924942824988,24.4657812385943],[39.6929871363764,24.4658015001031],[39.6929877620952,24.4658015261342],[39.693479990374,24.4658217609041],[39.6934803012601,24.4658217739277],[39.6939728444816,24.4658420191912],[39.6940060418113,24.4651653620521],[39.6941243264601,24.4651702241136],[39.6941066257998,24.4655311084572],[39.6945960018522,24.4655512217526],[39.6945994758607,24.4655513647382],[39.6948917139237,24.4655633760101],[39.6948749130304,24.4659058649191],[39.6948696602773,24.4660129388275],[39.6946238742589,24.4660319743714],[39.6943788494003,24.4660579618123],[39.6941348203427,24.4660908762649],[39.6938920207743,24.4661306862105],[39.6936506832064,24.4661773535268],[39.693142515276,24.4663060336494],[39.6924130698259,24.4665069088702],[39.6921267641585,24.4665857503437],[39.6914502046895,24.4667716360744],[39.6913740360833,24.4667941094026],[39.6913078318488,24.466812153323],[39.6912066940816,24.4668371022917],[39.6911047475737,24.466859121863]]]}},{"type":"Feature","properties":{"code":"S01-OS1","name":"S01-OS1","land_use":"Open Space","sector":"South","gfa":1051.3,"area":17522.17,"floors":2,"height":20,"coverage":0,"far":0.06,"style":"PolyStyle02"},"geometry":{"type":"Polygon","coordinates":[[[39.6769973869829,24.4667094963218],[39.6762490305729,24.4669681150137],[39.6761218687458,24.4669155237896],[39.6759476184401,24.4664930667103],[39.6759127683268,24.4664085756267],[39.6759414978222,24.4663503793723],[39.6767359859194,24.4660758195167],[39.6780851808522,24.4656095518763],[39.6781369694451,24.4656384617789],[39.6781441026465,24.4656952521132],[39.6781635571989,24.4658174632332],[39.6781902404036,24.4659385258392],[39.6782240733918,24.4660580820075],[39.6782649561551,24.466175778267],[39.678194780659,24.4662956903839],[39.6769973869829,24.4667094963218]]]}},{"type":"Feature","properties":{"code":"S10-1","name":"S10-1","land_use":"High Density Mixed-Use","sector":"South","gfa":44107.5,"area":13428.12,"floors":13,"height":59,"coverage":0.73,"far":3.28,"style":"PolyStyle04"},"geometry":{"type":"Polygon","coordinates":[[[39.6904383534346,24.4668308019117],[39.690337801684,24.4669128102611],[39.6902594987128,24.4669072384707],[39.6901814004238,24.4668996317145],[39.6899750744254,24.4668722272375],[39.689768422456,24.4668404441743],[39.689562928914,24.4668028926234],[39.68935878597,24.466759607701],[39.6892642623043,24.466651636086],[39.689285103345,24.4658103483367],[39.6904636630196,24.4658354594739],[39.6904634281916,24.465844689634],[39.6904383534346,24.4668308019117]]]}},{"type":"Feature","properties":{"code":"W05-9","name":"W05-9","land_use":"Medium Density Residential","sector":"West","gfa":21546.7,"area":7908.85,"floors":10,"height":48.5,"coverage":0.7,"far":2.72,"style":"PolyStyle0113"},"geometry":{"type":"Polygon","coordinates":[[[39.6720912782097,24.4672727546979],[39.6720286924754,24.4672739532922],[39.671858719488,24.4672640493732],[39.6716894177861,24.4672470529393],[39.6715211404679,24.4672229994378],[39.6715506782865,24.4671467494884],[39.6715835568754,24.467071568447],[39.6716196153683,24.466997637653],[39.6716588557007,24.4669251368188],[39.6717011126149,24.4668539772666],[39.6717463885262,24.4667844290197],[39.6717946030106,24.4667165845523],[39.6718456746389,24.4666505327309],[39.671899602901,24.4665863638681],[39.6719562269677,24.4665240795791],[39.6720154663748,24.4664639502552],[39.6720771578135,24.4664060678361],[39.672141383687,24.466350341639],[39.672207899741,24.4662970427838],[39.6722767064834,24.4662460809519],[39.6723073227843,24.4662251492401],[39.6725930523876,24.4669223207669],[39.672695624006,24.467172590032],[39.6724186180118,24.4672338755895],[39.6723377646012,24.4672496596013],[39.6722560974624,24.4672614217274],[39.6721738552276,24.4672691275985],[39.6720912782097,24.4672727546979]]]}},{"type":"Feature","properties":{"code":"E12-2","name":"E12-2","land_use":"Utilities","sector":"East","gfa":0,"area":3071.39,"floors":0,"height":0,"coverage":0,"far":0,"style":"PolyStyle039"},"geometry":{"type":"Polygon","coordinates":[[[39.6959800975686,24.4671472861938],[39.6959105677037,24.4671725291205],[39.6958332385204,24.4671693638657],[39.6956679792579,24.4671618591954],[39.69566840968,24.4671626158429],[39.6954809117016,24.4671549405847],[39.6954779906043,24.4666231480727],[39.6959688572528,24.4666258936408],[39.695971549253,24.4666593241257],[39.6960056699707,24.4670829324539],[39.6959800975686,24.4671472861938]]]}},{"type":"Feature","properties":{"code":"E12-OS4","name":"E12-OS4","land_use":"Open Space","sector":"East","gfa":0,"area":2098.44,"floors":0,"height":0,"coverage":0,"far":0,"style":"PolyStyle02"},"geometry":{"type":"Polygon","coordinates":[[[39.6961464478511,24.4669740205521],[39.696163723527,24.4671843701077],[39.6959105677037,24.4671725291205],[39.6959259510424,24.4671719677235],[39.6959410124238,24.4671690476907],[39.6959553232858,24.4671638521096],[39.695968476422,24.4671565288175],[39.6959800975686,24.4671472861938],[39.695989860269,24.4671363861225],[39.6959974818366,24.467124138923],[39.6960027453025,24.4671108932463],[39.6960055008282,24.4670970261682],[39.6960056699707,24.4670829324539],[39.695971549253,24.4666593241257],[39.6959688572528,24.4666258936408],[39.6960283097939,24.4666272798102],[39.6961182122201,24.4666302299168],[39.6961330163432,24.4668104823446],[39.6967947304202,24.4668125014205],[39.6968063340881,24.4669578770206],[39.6961464478511,24.4669740205521]]]}},{"type":"Feature","properties":{"code":"C53-1","name":"C53-1","land_use":"High Density Residential & Commercial","sector":"Central","gfa":33906.7,"area":9005.49,"floors":10,"height":52,"coverage":0.66,"far":3.77,"style":"PolyStyle012"},"geometry":{"type":"Polygon","coordinates":[[[39.6801223260032,24.466323434033],[39.6800296835232,24.4672899007105],[39.6791320521857,24.4672178146808],[39.6790654786581,24.4671716224161],[39.6789194203047,24.4668175393899],[39.6789768776384,24.4667011457906],[39.6791970945895,24.4666250356495],[39.6797359146048,24.4664388170184],[39.6799115250209,24.4663818261571],[39.6800895189673,24.4663314072935],[39.6801223260032,24.466323434033]]]}},{"type":"Feature","properties":{"code":"C53-2","name":"C53-2","land_use":"High Density Residential & Commercial","sector":"Central","gfa":45931.3,"area":12199.17,"floors":10,"height":52,"coverage":0.75,"far":3.77,"style":"PolyStyle012"},"geometry":{"type":"Polygon","coordinates":[[[39.6811259648036,24.4661741622873],[39.6810122830261,24.4673688037281],[39.6810020215604,24.4673679793474],[39.680884841481,24.4673585701541],[39.6800296835232,24.4672899007105],[39.6801223260032,24.466323434033],[39.6802696028746,24.4662876439254],[39.6804514791704,24.4662506087321],[39.6806348482518,24.4662203635655],[39.6808194074842,24.4661969567461],[39.6810048522172,24.4661804284763],[39.6811259648036,24.4661741622873]]]}},{"type":"Feature","properties":{"code":"C53-OS1","name":"C53-OS1","land_use":"Open Space","sector":"Central","gfa":0,"area":1603.18,"floors":0,"height":0,"coverage":0,"far":0,"style":"PolyStyle02"},"geometry":{"type":"Polygon","coordinates":[[[39.6811858858398,24.4667934601499],[39.6811302360654,24.4673782752673],[39.6810122830261,24.4673688037281],[39.6811259648036,24.4661741622873],[39.6811908777182,24.4661708036072],[39.6812452120436,24.4661700159301],[39.6811858858398,24.4667934601499]]]}},{"type":"Feature","properties":{"code":"W05-4","name":"W05-4","land_use":"Medium Density Residential","sector":"West","gfa":22187,"area":11178.56,"floors":10,"height":48.5,"coverage":0.74,"far":1.98,"style":"PolyStyle0113"},"geometry":{"type":"Polygon","coordinates":[[[39.6749263949333,24.4674251732701],[39.674872363504,24.4674438438603],[39.6744686260744,24.4664586808946],[39.6753492095263,24.4661417754946],[39.6755506778781,24.4666302263478],[39.6757075029925,24.4670104392374],[39.6756753758405,24.4671612496498],[39.6756674685531,24.4671690790283],[39.6753951978289,24.4672631767888],[39.6749751560686,24.4674083234309],[39.6749263949333,24.4674251732701]]]}},{"type":"Feature","properties":{"code":"C53-3","name":"C53-3","land_use":"High Density Residential & Commercial","sector":"Central","gfa":50363.2,"area":13250.98,"floors":10,"height":52,"coverage":0.77,"far":3.8,"style":"PolyStyle012"},"geometry":{"type":"Polygon","coordinates":[[[39.6822007578029,24.4662189454934],[39.682082319844,24.4674547204532],[39.6818442161296,24.4674356026436],[39.6817490307361,24.4674279607608],[39.6811302360654,24.4673782752673],[39.6811858858398,24.4667934601499],[39.6812452120436,24.4661700159301],[39.6813771772479,24.4661681006786],[39.6815634429979,24.4661723228831],[39.6817493671017,24.4661834625779],[39.6819626171083,24.4662002262749],[39.6822007578029,24.4662189454934]]]}},{"type":"Feature","properties":{"code":"C53-4","name":"C53-4","land_use":"High Density Residential & Commercial","sector":"Central","gfa":50622.6,"area":13319.23,"floors":10,"height":52,"coverage":0.77,"far":3.8,"style":"PolyStyle012"},"geometry":{"type":"Polygon","coordinates":[[[39.6831534090474,24.4662938263297],[39.6830348281077,24.4675311938262],[39.6825585965579,24.4674929600487],[39.6824952675743,24.4674878751245],[39.682082319844,24.4674547204532],[39.6822007578029,24.4662189454934],[39.6822414821144,24.4662221466061],[39.6826771055118,24.4662563879197],[39.6827737442416,24.4662639838334],[39.6831534090474,24.4662938263297]]]}},{"type":"Feature","properties":{"code":"E18-2","name":"E18-2","land_use":"High Density Mixed-Use","sector":"East","gfa":33595.5,"area":10169.58,"floors":20,"height":85,"coverage":0.88,"far":3.3,"style":"PolyStyle04"},"geometry":{"type":"Polygon","coordinates":[[[39.6986119735437,24.467432215102],[39.6978354391097,24.4674860707724],[39.6977458567909,24.4663731916801],[39.6977457120483,24.4663687706277],[39.6977459896498,24.4663643548507],[39.6977466848361,24.4663599759803],[39.6977477948411,24.4663556692515],[39.6977504065435,24.4663490191947],[39.6977511404636,24.466347550931],[39.6977546728126,24.4663418033655],[39.6977561400576,24.4663398331889],[39.697759134299,24.4663363504463],[39.6977624496319,24.4663331209036],[39.6977699178727,24.4663275303741],[39.6977740235938,24.4663252012145],[39.6977783364178,24.4663232106752],[39.697782820864,24.4663215661451],[39.6977874454675,24.4663202876383],[39.6977921727591,24.4663193798432],[39.697796969246,24.4663188528491],[39.698429516695,24.4662749832337],[39.6984434690887,24.4662750235207],[39.6984572371172,24.4662770587675],[39.6984704929606,24.466281047139],[39.6984829005564,24.466286883619],[39.6984941591838,24.4662944305157],[39.6985039875562,24.4663034958598],[39.6985121437154,24.4663138622125],[39.6985184209547,24.4663252632031],[39.6985226737318,24.4663374303721],[39.698524789823,24.466350053562],[39.6986119735437,24.467432215102]]]}},{"type":"Feature","properties":{"code":"C53-5","name":"C53-5","land_use":"High Density Residential & Commercial","sector":"Central","gfa":50450.3,"area":13273.88,"floors":10,"height":52,"coverage":0.73,"far":3.8,"style":"PolyStyle012"},"geometry":{"type":"Polygon","coordinates":[[[39.6839920242117,24.4675627082988],[39.6839385955075,24.4676037490271],[39.6832729785276,24.4675503131546],[39.6832415050279,24.4675477866905],[39.6830348281077,24.4675311938262],[39.6831534090474,24.4662938263297],[39.6833832620417,24.4663118929527],[39.6833915944709,24.4663125479785],[39.6838644285769,24.4663497108252],[39.6839430778111,24.4663558899939],[39.6840073474254,24.4663609420668],[39.6840970944246,24.4664586402756],[39.6839920242117,24.4675627082988]]]}},{"type":"Feature","properties":{"code":"W05-3","name":"W05-3","land_use":"Medium Density Residential","sector":"West","gfa":14058.6,"area":6214.34,"floors":10,"height":48.5,"coverage":0.76,"far":2.26,"style":"PolyStyle0113"},"geometry":{"type":"Polygon","coordinates":[[[39.6741519382928,24.467692785975],[39.6740060914722,24.4677431827916],[39.6737274009719,24.4671154797175],[39.6745016600553,24.4668479369271],[39.6747615891242,24.4674821218964],[39.6746089015757,24.4675348835222],[39.6742617448784,24.4676548432444],[39.6742423912354,24.4676615305784],[39.6741519382928,24.467692785975]]]}},{"type":"Feature","properties":{"code":"C53-6","name":"C53-6","land_use":"High Density Residential & Commercial","sector":"Central","gfa":51298.8,"area":13497.13,"floors":10,"height":52,"coverage":0.73,"far":3.8,"style":"PolyStyle012"},"geometry":{"type":"Polygon","coordinates":[[[39.685496521757,24.4664878224365],[39.6853785249596,24.4677193355055],[39.6851286208823,24.467699275734],[39.6844595558836,24.4676455690261],[39.6844146902354,24.4675966382849],[39.6845198230173,24.466491864408],[39.6846266939822,24.4664096181018],[39.6848697463678,24.4664287181629],[39.6852462906505,24.4664624963358],[39.68539164289,24.4664755350393],[39.685496521757,24.4664878224365]]]}},{"type":"Feature","properties":{"code":"E12-11","name":"E12-11","land_use":"High Density Residential & Commercial","sector":"East","gfa":35218,"area":13491.79,"floors":11,"height":50,"coverage":0.72,"far":2.61,"style":"PolyStyle012"},"geometry":{"type":"Polygon","coordinates":[[[39.6946531492952,24.4675193471668],[39.6940207748998,24.4677132236657],[39.6937485765317,24.4668887293586],[39.6938179026434,24.4667907764858],[39.6940490364707,24.4667459405127],[39.6942816381273,24.4667079932932],[39.6945154626127,24.4666769747964],[39.6947502636388,24.4666529176932],[39.6949857938897,24.4666358473222],[39.6952218052817,24.4666257816627],[39.6952709866351,24.4666651856491],[39.6952746307956,24.4673288073597],[39.6946531492952,24.4675193471668]]]}},{"type":"Feature","properties":{"code":"C53-7","name":"C53-7","land_use":"High Density Residential & Commercial","sector":"Central","gfa":50080.4,"area":13176.55,"floors":10,"height":52,"coverage":0.76,"far":3.8,"style":"PolyStyle012"},"geometry":{"type":"Polygon","coordinates":[[[39.6864585064866,24.4666335926802],[39.6863470365439,24.4677970718544],[39.6858468340559,24.4677569243882],[39.6853785249596,24.4677193355055],[39.685496521757,24.4664878224365],[39.6856354088,24.4665040936323],[39.6858785128024,24.46653703863],[39.6859616719194,24.4665498442227],[39.6861208611178,24.4665743578172],[39.6863623599462,24.4666160353664],[39.6864420816081,24.4666303311155],[39.6864585064866,24.4666335926802]]]}},{"type":"Feature","properties":{"code":"C53-8","name":"C53-8","land_use":"High Density Residential & Commercial","sector":"Central","gfa":45535.4,"area":11980.72,"floors":10,"height":52,"coverage":0.71,"far":3.8,"style":"PolyStyle012"},"geometry":{"type":"Polygon","coordinates":[[[39.6873202328556,24.4678298499347],[39.6872668061326,24.4678708909092],[39.6865650477946,24.4678145696143],[39.6863470365439,24.4677970718544],[39.6864585064866,24.4666335926802],[39.6866733377575,24.4666762434035],[39.6867120599121,24.4666839310276],[39.6869806757695,24.4667429861353],[39.6872477988077,24.4668074672346],[39.6873185136222,24.4668260779891],[39.6874047841009,24.4669410072655],[39.6873202328556,24.4678298499347]]]}},{"type":"Feature","properties":{"code":"C54-2","name":"C54-2","land_use":"High Density Residential & Commercial","sector":"Central","gfa":35438.9,"area":9378.8,"floors":10,"height":52,"coverage":0.68,"far":3.78,"style":"PolyStyle012"},"geometry":{"type":"Polygon","coordinates":[[[39.6888219738931,24.4673739051878],[39.6888090755527,24.4678944631808],[39.6876324187283,24.4677757547792],[39.6877040482069,24.4670227275198],[39.6878061357145,24.4669615292526],[39.6880389031237,24.4670331383508],[39.6887310346289,24.4672538971511],[39.6888219738931,24.4673739051878]]]}},{"type":"Feature","properties":{"code":"W05-2","name":"W05-2","land_use":"Medium Density Residential","sector":"West","gfa":15126.8,"area":6686.52,"floors":10,"height":48.5,"coverage":0.77,"far":2.26,"style":"PolyStyle0113"},"geometry":{"type":"Polygon","coordinates":[[[39.6739126206162,24.467775481076],[39.673173913839,24.4680310198105],[39.6729139164773,24.4673966490064],[39.6736494656083,24.4671424153234],[39.6737274009719,24.4671154797175],[39.6740060914722,24.4677431827916],[39.6739126206162,24.467775481076]]]}},{"type":"Feature","properties":{"code":"W05-OS1","name":"W05-OS1","land_use":"Open Space","sector":"West","gfa":500,"area":18462.25,"floors":2,"height":20,"coverage":0,"far":0.03,"style":"PolyStyle02"},"geometry":{"type":"Polygon","coordinates":[[[39.673173913839,24.4680310198105],[39.6730630504407,24.4680690838735],[39.6728029395696,24.4674344325048],[39.6727375209046,24.4672748169327],[39.6724464378054,24.4673392159843],[39.6723593248532,24.4673562222093],[39.6722713351588,24.4673688951803],[39.6721827258296,24.4673771978665],[39.6720937557838,24.467381106007],[39.6720275470964,24.4673823739977],[39.6718916481219,24.4673752172385],[39.6717561107641,24.4673636653378],[39.6716211046511,24.4673477327528],[39.6714867987457,24.4673274394231],[39.6715211404679,24.4672229994378],[39.6716894177861,24.4672470529393],[39.671858719488,24.4672640493732],[39.6720286924754,24.4672739532922],[39.6720912782097,24.4672727546979],[39.6721738552276,24.4672691275985],[39.6722560974624,24.4672614217274],[39.6723377646012,24.4672496596013],[39.6724186180118,24.4672338755895],[39.672695624006,24.467172590032],[39.6725930523876,24.4669223207669],[39.6723073227843,24.4662251492401],[39.6724083890282,24.4661631836812],[39.6727027873021,24.4668815066241],[39.6734222060019,24.4666139289366],[39.6740341703206,24.4663863138613],[39.6743799308837,24.4662577098251],[39.6744240499743,24.466358279927],[39.6747013549059,24.4662551364543],[39.6743229134232,24.4654015582926],[39.6743761998891,24.4653817379316],[39.6747564063587,24.4662346578221],[39.6753035519306,24.4660311119167],[39.6753068435878,24.4660390610278],[39.6753492095263,24.4661417754946],[39.6744686260744,24.4664586808946],[39.674872363504,24.4674438438603],[39.6748156205871,24.4674634513453],[39.6747615891242,24.4674821218964],[39.6745016600553,24.4668479369271],[39.6737274009719,24.4671154797175],[39.6736494656083,24.4671424153234],[39.6729139164773,24.4673966490064],[39.673173913839,24.4680310198105]]]}},{"type":"Feature","properties":{"code":"W06","name":"W06","land_use":"Medical","sector":"West","gfa":58475.4,"area":26598.75,"floors":3,"height":30,"coverage":0,"far":2.2,"style":"PolyStyle0140"},"geometry":{"type":"Polygon","coordinates":[[[39.6709573792346,24.468020786297],[39.6709547795915,24.4680347345664],[39.6709497106534,24.4680481021028],[39.6709423102784,24.4680605253521],[39.6709327797322,24.4680716664418],[39.6709213782149,24.4680812223698],[39.6709084158107,24.4680889332454],[39.6708942450556,24.4680945893574],[39.670879251349,24.4680980368773],[39.6708638424718,24.4680991820438],[39.6708484374968,24.4680979937117],[39.6691644742625,24.4678386738053],[39.6691496715002,24.467835239969],[39.6691356743321,24.4678296518174],[39.6691228542428,24.46782205766],[39.6691115514769,24.4678126590454],[39.6691020660093,24.4678017054128],[39.6690946495836,24.4677894874713],[39.6690894990308,24.4677763294846],[39.6690867510457,24.4677625806651],[39.669086478559,24.4677486059059],[39.6690886888015,24.4677347760963],[39.6692398716875,24.467135132002],[39.6692544996153,24.4670759239401],[39.669275283194,24.4670182786189],[39.6693020295976,24.4669627308375],[39.6693344906814,24.4669097959346],[39.6700774928449,24.4666135201684],[39.6709740057156,24.4666433280734],[39.6711836597302,24.4669404110167],[39.6711349453515,24.4670567718399],[39.6710927528881,24.4671752476998],[39.6710571913385,24.4672955325826],[39.6710283525746,24.4674173158011],[39.6710063111047,24.4675402827972],[39.6709911238807,24.467664115954],[39.6709573792346,24.468020786297]]]}},{"type":"Feature","properties":{"code":"E12-10","name":"E12-10","land_use":"Utilities","sector":"East","gfa":0,"area":1225,"floors":0,"height":0,"coverage":0,"far":0,"style":"PolyStyle039"},"geometry":{"type":"Polygon","coordinates":[[[39.6959081216778,24.4679060583812],[39.6955806547571,24.4680064585494],[39.6954709613635,24.4677067351924],[39.6957984276135,24.4676063361764],[39.6959081216778,24.4679060583812]]]}},{"type":"Feature","properties":{"code":"C52-OS1","name":"C52-OS1","land_use":"Open Space","sector":"Central","gfa":500,"area":6784.01,"floors":2,"height":20,"coverage":0,"far":0.07,"style":"PolyStyle02"},"geometry":{"type":"Polygon","coordinates":[[[39.6804244703409,24.4676026456363],[39.6803770400697,24.4680974607741],[39.6793337851871,24.4680136839513],[39.679267212144,24.4679674908834],[39.6791067591666,24.4675785179992],[39.6791680623189,24.4675045036551],[39.6791702005252,24.4675019219282],[39.6804244703409,24.4676026456363]]]}},{"type":"Feature","properties":{"code":"C52-1","name":"C52-1","land_use":"Education","sector":"Central","gfa":1035.5,"area":2070.91,"floors":2,"height":20,"coverage":0.72,"far":0.5,"style":"PolyStyle00"},"geometry":{"type":"Polygon","coordinates":[[[39.6807559266408,24.4680825562357],[39.6807024680135,24.4681235932643],[39.6803770400697,24.4680974607741],[39.6804244703409,24.4676026456363],[39.6807498970123,24.4676287771506],[39.6807947326602,24.467677707333],[39.6807559266408,24.4680825562357]]]}},{"type":"Feature","properties":{"code":"C50","name":"C50","land_use":"Community Facilities","sector":"Central","gfa":6300,"area":12600.01,"floors":2,"height":20,"coverage":0.75,"far":0.5,"style":"PolyStyle027"},"geometry":{"type":"Polygon","coordinates":[[[39.6788884315792,24.4678418675804],[39.6778730130122,24.4681927890027],[39.6774722181954,24.4672211376723],[39.6774735399396,24.4672206810848],[39.6783953234392,24.4669021255983],[39.6785224851606,24.4669547148938],[39.6788535801081,24.4677573763331],[39.6788884315792,24.4678418675804]]]}},{"type":"Feature","properties":{"code":"E03-4","name":"E03-4","land_use":"High Density Mixed-Use","sector":"East","gfa":34284.2,"area":12667.78,"floors":14,"height":65,"coverage":0.83,"far":2.71,"style":"PolyStyle04"},"geometry":{"type":"Polygon","coordinates":[[[39.6937306027692,24.467802185649],[39.6925264965591,24.4681713350542],[39.6922715411595,24.4674889034663],[39.6926968146127,24.4673720578317],[39.6926116527336,24.4671123991469],[39.6933341199193,24.4669134451905],[39.6934571478332,24.4669738772288],[39.6937306027692,24.467802185649]]]}},{"type":"Feature","properties":{"code":"W05-1","name":"W05-1","land_use":"Hospitality","sector":"West","gfa":45238.6,"area":14871.05,"floors":10,"height":48.5,"coverage":0.76,"far":3.04,"style":"PolyStyle074"},"geometry":{"type":"Polygon","coordinates":[[[39.6725590885394,24.4682330350338],[39.6724663005212,24.4682511601527],[39.6723726037163,24.4682648184378],[39.6722782546347,24.468273972497],[39.6721835115723,24.4682785972694],[39.6721066787531,24.4682779184393],[39.6720337672837,24.4682742770191],[39.6719611073557,24.4682676459809],[39.67188118064,24.4682570210503],[39.6715233427652,24.4682019200457],[39.6714656723084,24.4681930401968],[39.6713768789119,24.4680880815847],[39.6714138158096,24.467697614422],[39.6714231526461,24.467617120109],[39.6714359902499,24.467536971495],[39.6714521662581,24.4674574402404],[39.6714717635479,24.4673785259759],[39.6714867987457,24.4673274394231],[39.6716211046511,24.4673477327528],[39.6717561107641,24.4673636653378],[39.6718916481219,24.4673752172385],[39.6720275470964,24.4673823739977],[39.6720937557838,24.467381106007],[39.6721827258296,24.4673771978665],[39.6722713351588,24.4673688951803],[39.6723593248532,24.4673562222093],[39.6724464378054,24.4673392159843],[39.6727375209046,24.4672748169327],[39.6728029395696,24.4674344325048],[39.6730630504407,24.4680690838735],[39.6729963296666,24.4680921399273],[39.672742799941,24.4681797472061],[39.6726497960988,24.4682092519614],[39.6725590885394,24.4682330350338]]]}},{"type":"Feature","properties":{"code":"E12-9","name":"E12-9","land_use":"Utilities","sector":"East","gfa":0,"area":5400,"floors":0,"height":0,"coverage":0,"far":0,"style":"PolyStyle039"},"geometry":{"type":"Polygon","coordinates":[[[39.6955715285178,24.4681521220192],[39.695010154746,24.4683242337827],[39.6947280902236,24.4675535175967],[39.6952894619988,24.4673814060236],[39.6954148242419,24.4677239470529],[39.6955715285178,24.4681521220192]]]}},{"type":"Feature","properties":{"code":"C56-5","name":"C56-5","land_use":"High Density Mixed-Use","sector":"Central","gfa":45740.6,"area":12819.56,"floors":13,"height":57,"coverage":0.72,"far":3.57,"style":"PolyStyle04"},"geometry":{"type":"Polygon","coordinates":[[[39.6904176877639,24.4676434902614],[39.6903965606067,24.4684743525114],[39.6892197280132,24.4684492794749],[39.6892437607569,24.467479182878],[39.6893429451323,24.4674057016087],[39.6895176352837,24.4674399271272],[39.6896931620241,24.4674703565792],[39.6898694268957,24.4674969728963],[39.6900941930633,24.4675267660691],[39.6902077786729,24.4675377186947],[39.690321697878,24.4675452274683],[39.6904176877639,24.4676434902614]]]}},{"type":"Feature","properties":{"code":"C55-3","name":"C55-3","land_use":"Community Facilities","sector":"Central","gfa":1789.1,"area":1789.08,"floors":2,"height":20,"coverage":0.63,"far":1,"style":"PolyStyle027"},"geometry":{"type":"Polygon","coordinates":[[[39.6858337135992,24.4680369128446],[39.68578630341,24.4685317291956],[39.6855114234029,24.4685096664829],[39.6854665361932,24.4684607126884],[39.6855050597933,24.4680558623312],[39.685558488167,24.4680148219617],[39.6858337135992,24.4680369128446]]]}},{"type":"Feature","properties":{"code":"C55-1","name":"C55-1","land_use":"Utilities","sector":"Central","gfa":0,"area":2989.9,"floors":0,"height":0,"coverage":0,"far":0,"style":"PolyStyle039"},"geometry":{"type":"Polygon","coordinates":[[[39.6872851421699,24.4681987332413],[39.687252801347,24.4685387155931],[39.6865629395807,24.4684833499583],[39.6865998201026,24.4680984019082],[39.6872402742584,24.4681498024723],[39.6872851421699,24.4681987332413]]]}},{"type":"Feature","properties":{"code":"C55-2","name":"C55-2","land_use":"Education","sector":"Central","gfa":907,"area":1814.09,"floors":2,"height":20,"coverage":0.74,"far":0.5,"style":"PolyStyle00"},"geometry":{"type":"Polygon","coordinates":[[[39.6861579240449,24.4680629352338],[39.6861105161052,24.4685577516526],[39.68578630341,24.4685317291956],[39.6858337135992,24.4680369128446],[39.6861579240449,24.4680629352338]]]}},{"type":"Feature","properties":{"code":"E12-8","name":"E12-8","land_use":"High Density Residential & Commercial","sector":"East","gfa":20041.9,"area":6587.27,"floors":11,"height":50,"coverage":0.7,"far":3.04,"style":"PolyStyle012"},"geometry":{"type":"Polygon","coordinates":[[[39.694954016299,24.4683414454827],[39.6943436213371,24.4685285843037],[39.6942527165001,24.4684157729826],[39.6940207748998,24.4677132236657],[39.6946531492952,24.4675193471668],[39.694954016299,24.4683414454827]]]}},{"type":"Feature","properties":{"code":"C55-OS1","name":"C55-OS1","land_use":"Open Space","sector":"Central","gfa":200,"area":3315.71,"floors":2,"height":20,"coverage":0,"far":0.06,"style":"PolyStyle02"},"geometry":{"type":"Polygon","coordinates":[[[39.6872466283025,24.4686036046736],[39.68719320124,24.4686446465288],[39.686898164847,24.4686209683732],[39.6861105161052,24.4685577516526],[39.6861579240449,24.4680629352338],[39.6865998201026,24.4680984019082],[39.6865629395807,24.4684833499583],[39.6865629022083,24.4684837366679],[39.687252801347,24.4685387155931],[39.6872466283025,24.4686036046736]]]}},{"type":"Feature","properties":{"code":"E18-1","name":"E18-1","land_use":"High Density Mixed-Use","sector":"East","gfa":33598.5,"area":10170.47,"floors":19,"height":85,"coverage":0.88,"far":3.3,"style":"PolyStyle04"},"geometry":{"type":"Polygon","coordinates":[[[39.6986172641459,24.4686020171115],[39.6979844157955,24.4686453020614],[39.6979757086688,24.4686452700245],[39.6979671071463,24.4686439893753],[39.6979588423175,24.4686414951716],[39.6979511039694,24.4686378479499],[39.6979440820384,24.4686331353395],[39.6979379488295,24.468627468533],[39.6979328630527,24.4686209985231],[39.6979289498996,24.4686138818761],[39.6979262971065,24.4686062825565],[39.6979249808681,24.4685984187697],[39.6978354391097,24.4674860707724],[39.6986119735437,24.467432215102],[39.6986992097227,24.4685149848788],[39.6986989997236,24.4685291414908],[39.6986965405151,24.4685416088128],[39.6986961142579,24.4685430413396],[39.6986906261217,24.4685562867117],[39.6986827125827,24.4685684577358],[39.6986726143276,24.4685791830157],[39.6986606335283,24.4685881468655],[39.6986471356758,24.4685950640124],[39.6986325321286,24.4685997356727],[39.6986172641459,24.4686020171115]]]}},{"type":"Feature","properties":{"code":"E12-OS3","name":"E12-OS3","land_use":"Open Space","sector":"East","gfa":0,"area":6794.1,"floors":0,"height":0,"coverage":0,"far":0,"style":"PolyStyle02"},"geometry":{"type":"Polygon","coordinates":[[[39.6961390456173,24.4680886769146],[39.6944721004505,24.4686880239729],[39.6943436213371,24.4685285843037],[39.694954016299,24.4683414454827],[39.6946531492952,24.4675193471668],[39.6952746307956,24.4673288073597],[39.6952746981137,24.4673410661285],[39.6952894619988,24.4673814060236],[39.6947280902236,24.4675535175967],[39.695010154746,24.4683242337827],[39.6955715285178,24.4681521220192],[39.6954148242419,24.4677239470529],[39.6954709613635,24.4677067351924],[39.6955806547571,24.4680064585494],[39.6959081216778,24.4679060583812],[39.6957984276135,24.4676063361764],[39.6958545646323,24.4675891250785],[39.6957526587036,24.4673106790088],[39.6960055486027,24.467320765797],[39.6960201369868,24.4673233834695],[39.6960340119781,24.46732826844],[39.696046756369,24.4673352738221],[39.6960579869476,24.4673441889706],[39.6960673660207,24.4673547458156],[39.6960746115681,24.4673666269226],[39.6960795057222,24.4673794750379],[39.6960819013197,24.4673929038306],[39.6961310443806,24.4679912607097],[39.6961390456173,24.4680886769146]]]}},{"type":"Feature","properties":{"code":"E12-3","name":"E12-3","land_use":"High Density Residential & Commercial","sector":"East","gfa":47450.6,"area":12540.87,"floors":21,"height":85,"coverage":0.73,"far":3.78,"style":"PolyStyle012"},"geometry":{"type":"Polygon","coordinates":[[[39.6969401021788,24.4686400074535],[39.6962868599177,24.4686836268109],[39.696163723527,24.4671843701077],[39.6961464478511,24.4669740205521],[39.6968063340881,24.4669578770206],[39.6969401021788,24.4686400074535]]]}},{"type":"Feature","properties":{"code":"C54-1","name":"C54-1","land_use":"High Density Residential & Commercial","sector":"Central","gfa":41156.8,"area":12078.69,"floors":9,"height":52,"coverage":0.71,"far":3.41,"style":"PolyStyle012"},"geometry":{"type":"Polygon","coordinates":[[[39.688788435741,24.4687274292433],[39.6887381695343,24.468768629728],[39.687596212075,24.4686769897265],[39.6875513438712,24.4686280590593],[39.6876324187283,24.4677757547792],[39.6888090755527,24.4678944631808],[39.688788435741,24.4687274292433]]]}},{"type":"Feature","properties":{"code":"E12-OS5","name":"E12-OS5","land_use":"Open Space","sector":"East","gfa":0,"area":3331.71,"floors":0,"height":0,"coverage":0,"far":0,"style":"PolyStyle02"},"geometry":{"type":"Polygon","coordinates":[[[39.6969500770026,24.4687651044297],[39.6961988471851,24.4688167931648],[39.6961390456173,24.4680886769146],[39.6961310443806,24.4679912607097],[39.6960819013197,24.4673929038306],[39.696080064135,24.4673808796358],[39.6960761872745,24.4673692685371],[39.6960703668881,24.4673583584994],[39.6960627473267,24.4673484201008],[39.6960535175622,24.4673396998217],[39.6960429065005,24.4673324139324],[39.6960311773049,24.4673267431286],[39.696018620869,24.4673228280512],[39.6960055486027,24.467320765797],[39.6957526587036,24.4673106790088],[39.69566840968,24.4671626158429],[39.6958332385204,24.4671693638657],[39.696163723527,24.4671843701077],[39.6962868599177,24.4686836268109],[39.6969401021788,24.4686400074535],[39.6969500770026,24.4687651044297]]]}},{"type":"Feature","properties":{"code":"C48-2","name":"C48-2","land_use":"High Density Residential & Commercial","sector":"Central","gfa":39438,"area":11255.47,"floors":16,"height":69.5,"coverage":0.82,"far":3.5,"style":"PolyStyle012"},"geometry":{"type":"Polygon","coordinates":[[[39.6829858399571,24.4678083034077],[39.6828823767181,24.4688879002881],[39.6819604100826,24.4688138803144],[39.6820638811468,24.4677342820774],[39.6829858399571,24.4678083034077]]]}},{"type":"Feature","properties":{"code":"C48-3","name":"C48-3","land_use":"High Density Residential & Commercial","sector":"Central","gfa":46133.1,"area":13033.15,"floors":16,"height":69.5,"coverage":0.78,"far":3.54,"style":"PolyStyle012"},"geometry":{"type":"Polygon","coordinates":[[[39.6816536859719,24.4687892539141],[39.681636440539,24.4689691866081],[39.6809838308788,24.4689167857275],[39.6810300667698,24.4684309123518],[39.6810994144879,24.467702172236],[39.681152842206,24.4676611324999],[39.6820021897562,24.4677293295434],[39.6820638811468,24.4677342820774],[39.6819604100826,24.4688138803144],[39.6818994239897,24.4688089841722],[39.6817765554658,24.4687991190911],[39.6816536859719,24.4687892539141]]]}},{"type":"Feature","properties":{"code":"C48-1","name":"C48-1","land_use":"High Density Residential & Commercial","sector":"Central","gfa":46176.4,"area":11491.7,"floors":21,"height":87,"coverage":0.87,"far":4.02,"style":"PolyStyle012"},"geometry":{"type":"Polygon","coordinates":[[[39.6839267965855,24.4678838434047],[39.6838240471761,24.4689634989629],[39.6828823767181,24.4688879002881],[39.6829858399571,24.4678083034077],[39.6839267965855,24.4678838434047]]]}},{"type":"Feature","properties":{"code":"E03-3","name":"E03-3","land_use":"High Density Mixed-Use","sector":"East","gfa":34284.2,"area":12024.51,"floors":14,"height":65,"coverage":0.88,"far":2.85,"style":"PolyStyle04"},"geometry":{"type":"Polygon","coordinates":[[[39.693707857676,24.4687234965762],[39.692832992124,24.4689917077427],[39.6925264965591,24.4681713350542],[39.6937306027692,24.467802185649],[39.6939751887149,24.4685430377895],[39.693707857676,24.4687234965762]]]}},{"type":"Feature","properties":{"code":"W03-8","name":"W03-8","land_use":"Medical","sector":"West","gfa":1653.9,"area":1633.74,"floors":1,"height":15,"coverage":0.58,"far":1,"style":"PolyStyle0140"},"geometry":{"type":"Polygon","coordinates":[[[39.6691648414656,24.4684797978414],[39.6691053289314,24.4691044293272],[39.6691052637888,24.4691044260031],[39.6688703811763,24.4690856763093],[39.6689258981937,24.4686083219505],[39.6689447866672,24.4684459102089],[39.6691648414656,24.4684797978414]]]}},{"type":"Feature","properties":{"code":"C47","name":"C47","land_use":"High Density Residential & Commercial","sector":"Central","gfa":44159.1,"area":9587.51,"floors":20,"height":83.5,"coverage":0.8,"far":4.61,"style":"PolyStyle012"},"geometry":{"type":"Polygon","coordinates":[[[39.6851309981642,24.4687601724309],[39.6851018955484,24.4690660022923],[39.6843154964323,24.4690032456328],[39.6844182416651,24.4679235898375],[39.6851554844868,24.4679824235757],[39.6852003533942,24.468031331494],[39.6851309981642,24.4687601724309]]]}},{"type":"Feature","properties":{"code":"W03-OS2","name":"W03-OS2","land_use":"Open Space","sector":"West","gfa":0,"area":191.68,"floors":0,"height":0,"coverage":0,"far":0,"style":"PolyStyle02"},"geometry":{"type":"Polygon","coordinates":[[[39.6691052637888,24.4691044260031],[39.669098414982,24.4691763393453],[39.6688620241945,24.469157533099],[39.6688703811763,24.4690856763093],[39.6691052637888,24.4691044260031]]]}},{"type":"Feature","properties":{"code":"C49-3","name":"C49-3","land_use":"High Density Residential & Commercial","sector":"Central","gfa":40943,"area":10771.81,"floors":15,"height":66,"coverage":0.87,"far":3.8,"style":"PolyStyle012"},"geometry":{"type":"Polygon","coordinates":[[[39.6792406320798,24.4682872456751],[39.6791586980873,24.4691419263855],[39.6782052336775,24.4690653526763],[39.6782916532094,24.4681639540161],[39.6789302561635,24.4679432557872],[39.6790663795754,24.4682732516997],[39.6792406320798,24.4682872456751]]]}},{"type":"Feature","properties":{"code":"C49-1","name":"C49-1","land_use":"High Density Residential & Commercial","sector":"Central","gfa":27414.6,"area":7247.76,"floors":15,"height":66,"coverage":0.75,"far":3.78,"style":"PolyStyle012"},"geometry":{"type":"Polygon","coordinates":[[[39.6808652860582,24.4689050598423],[39.6803462378315,24.4692644719215],[39.6799916214628,24.4692360099244],[39.6800761371645,24.4683543407236],[39.6809116448624,24.4684214076431],[39.6808652860582,24.4689050598423]]]}},{"type":"Feature","properties":{"code":"C49-2","name":"C49-2","land_use":"High Density Residential & Commercial","sector":"Central","gfa":35315.2,"area":9350,"floors":15,"height":66,"coverage":0.8,"far":3.78,"style":"PolyStyle012"},"geometry":{"type":"Polygon","coordinates":[[[39.6799916214628,24.4692360099244],[39.6799812721808,24.4693439716232],[39.6791457605827,24.4692768752974],[39.6791586980873,24.4691419263855],[39.6792406320798,24.4682872456751],[39.6800761371645,24.4683543407236],[39.6799916214628,24.4692360099244]]]}},{"type":"Feature","properties":{"code":"E12-7","name":"E12-7","land_use":"High Density Residential & Commercial","sector":"East","gfa":33417.2,"area":12819.09,"floors":11,"height":50,"coverage":0.79,"far":2.61,"style":"PolyStyle012"},"geometry":{"type":"Polygon","coordinates":[[[39.6961988471851,24.4688167931648],[39.6949860420462,24.469325812961],[39.6944721004505,24.4686880239729],[39.6961390456173,24.4680886769146],[39.6961988471851,24.4688167931648]]]}},{"type":"Feature","properties":{"code":"C56-4","name":"C56-4","land_use":"High Density Mixed-Use","sector":"Central","gfa":40319.9,"area":11256.26,"floors":16,"height":67.5,"coverage":0.74,"far":3.58,"style":"PolyStyle04"},"geometry":{"type":"Polygon","coordinates":[[[39.6903965606067,24.4684743525114],[39.6903733907307,24.4693855492703],[39.6896072263332,24.4693696535226],[39.6896062913013,24.4691979980867],[39.6892013869027,24.4691895955477],[39.6892197280132,24.4684492794749],[39.6903965606067,24.4684743525114]]]}},{"type":"Feature","properties":{"code":"E03-5","name":"E03-5","land_use":"High Density Mixed-Use","sector":"East","gfa":92025.9,"area":33545.95,"floors":14,"height":65,"coverage":0.82,"far":2.74,"style":"PolyStyle04"},"geometry":{"type":"Polygon","coordinates":[[[39.6925061394227,24.4690919115628],[39.6925080111448,24.4694340879228],[39.6916656745405,24.4694123525697],[39.6916053846867,24.4694111022016],[39.690679197893,24.4693918935955],[39.690679831571,24.4693669688344],[39.6906978680966,24.4686575971768],[39.690748338856,24.468613504198],[39.6916854728644,24.4686334616495],[39.6916902922718,24.4684438582166],[39.6907531596678,24.4684239007633],[39.6907049849241,24.4683777063908],[39.6907237069393,24.4676413577291],[39.6908235189627,24.4675372881388],[39.6909674890034,24.4675225659129],[39.6911106577574,24.4675023301875],[39.6912527732878,24.4674766165724],[39.691413495382,24.4674411497629],[39.691572485583,24.4673996559002],[39.6916571197751,24.467657716361],[39.6920823943992,24.4675408715297],[39.6923373324999,24.4682293264993],[39.6926458789406,24.4690490715411],[39.6925061394227,24.4690919115628]]]}},{"type":"Feature","properties":{"code":"C56-OS2","name":"C56-OS2","land_use":"Open Space","sector":"Central","gfa":300,"area":2215.67,"floors":2,"height":20,"coverage":0,"far":0.14,"style":"PolyStyle02"},"geometry":{"type":"Polygon","coordinates":[[[39.6903733907307,24.4693855492703],[39.6903706355167,24.4694938940783],[39.6891944532651,24.4694694899728],[39.6892013869027,24.4691895955477],[39.6896062913013,24.4691979980867],[39.6896072263332,24.4693696535226],[39.6903733907307,24.4693855492703]]]}},{"type":"Feature","properties":{"code":"E12-4","name":"E12-4","land_use":"High Density Residential & Commercial","sector":"East","gfa":22995,"area":6390.48,"floors":21,"height":85,"coverage":0.71,"far":3.6,"style":"PolyStyle012"},"geometry":{"type":"Polygon","coordinates":[[[39.6970108784926,24.4695203202996],[39.6962607488629,24.4695704789573],[39.6961988471851,24.4688167931648],[39.6969500770026,24.4687651044297],[39.6970108784926,24.4695203202996]]]}},{"type":"Feature","properties":{"code":"C46","name":"C46","land_use":"High Density Residential & Commercial","sector":"Central","gfa":58155.3,"area":16338.32,"floors":16,"height":69.5,"coverage":0.86,"far":3.56,"style":"PolyStyle012"},"geometry":{"type":"Polygon","coordinates":[[[39.6872626258339,24.4693600470734],[39.6869793509092,24.469724451169],[39.6859696551627,24.4696434136977],[39.6852127127362,24.4691504781389],[39.6852489527216,24.4687696398152],[39.6853073910184,24.4687743312119],[39.6861660714742,24.4688432525885],[39.6871244518299,24.4689201700027],[39.6872424066498,24.4689296367274],[39.6873033909775,24.4689345307164],[39.6872626258339,24.4693600470734]]]}},{"type":"Feature","properties":{"code":"W03-5","name":"W03-5","land_use":"Utilities","sector":"West","gfa":0,"area":2818.79,"floors":1,"height":15,"coverage":0.6,"far":0,"style":"PolyStyle039"},"geometry":{"type":"Polygon","coordinates":[[[39.6690984676266,24.4691764050409],[39.6690350280219,24.4698422565448],[39.6682309468638,24.4697810062461],[39.6682421520482,24.4696631737753],[39.6688073826272,24.4696273496034],[39.6688620241945,24.469157533099],[39.6690984676266,24.4691764050409]]]}},{"type":"Feature","properties":{"code":"W04-3","name":"W04-3","land_use":"Medical","sector":"West","gfa":57992,"area":22294.55,"floors":4,"height":31,"coverage":0.78,"far":2.6,"style":"PolyStyle0140"},"geometry":{"type":"Polygon","coordinates":[[[39.670776999364,24.4699282247035],[39.6707235960224,24.4699692905284],[39.6692815108335,24.4698542009595],[39.6692366463266,24.4698052927268],[39.6692638530946,24.4695197426813],[39.6693572065055,24.4685556724982],[39.6694105673081,24.4685181566504],[39.6701296429061,24.4686283735063],[39.6708399153191,24.468738089533],[39.6708843084196,24.4687907284181],[39.670776999364,24.4699282247035]]]}},{"type":"Feature","properties":{"code":"E12-6","name":"E12-6","land_use":"High Density Residential & Commercial","sector":"East","gfa":25189.2,"area":9633.13,"floors":10,"height":50,"coverage":0.76,"far":2.61,"style":"PolyStyle012"},"geometry":{"type":"Polygon","coordinates":[[[39.6957613728635,24.4699075859576],[39.6955628458653,24.4700416011877],[39.6949860420462,24.469325812961],[39.6961988471851,24.4688167931648],[39.6962607488629,24.4695704789573],[39.6957613728635,24.4699075859576]]]}},{"type":"Feature","properties":{"code":"C56-3","name":"C56-3","land_use":"High Density Mixed-Use","sector":"Central","gfa":26087.4,"area":8136.85,"floors":16,"height":67.5,"coverage":0.71,"far":3.21,"style":"PolyStyle04"},"geometry":{"type":"Polygon","coordinates":[[[39.6903582943314,24.4699791975446],[39.6903547527674,24.4701185025131],[39.6891793916471,24.4700774309946],[39.6891944532651,24.4694694899728],[39.6903706355167,24.4694938940783],[39.6903678802905,24.4696022370787],[39.6903582943314,24.4699791975446]]]}},{"type":"Feature","properties":{"code":"E12-OS2","name":"E12-OS2","land_use":"Open Space","sector":"East","gfa":150,"area":1927.72,"floors":2,"height":20,"coverage":0,"far":0.08,"style":"PolyStyle02"},"geometry":{"type":"Polygon","coordinates":[[[39.6963034982585,24.4696762840526],[39.6956331295265,24.4701288188798],[39.6955628458653,24.4700416011877],[39.6957613728635,24.4699075859576],[39.6962607488629,24.4695704789573],[39.6970108784926,24.4695203202996],[39.6970195066587,24.4696284067105],[39.6963034982585,24.4696762840526]]]}},{"type":"Feature","properties":{"code":"E03-6","name":"E03-6","land_use":"High Density Residential & Commercial","sector":"East","gfa":18412.9,"area":7043.52,"floors":14,"height":65,"coverage":0.73,"far":2.61,"style":"PolyStyle012"},"geometry":{"type":"Polygon","coordinates":[[[39.6916626938973,24.4695296231398],[39.6916465778078,24.4701636342415],[39.6906604511619,24.4701291832668],[39.6906764429408,24.4695002384032],[39.6916629204331,24.4695206973764],[39.6916626938973,24.4695296231398]]]}},{"type":"Feature","properties":{"code":"W03-1","name":"W03-1","land_use":"Medical","sector":"West","gfa":3135.7,"area":6269.26,"floors":2,"height":18.5,"coverage":0.72,"far":0.5,"style":"PolyStyle0140"},"geometry":{"type":"Polygon","coordinates":[[[39.667251865257,24.4697308996141],[39.6671912395493,24.4703673076624],[39.6668425343321,24.4703394624507],[39.6667681617268,24.4703300457023],[39.6666949314774,24.4703148825052],[39.6666233726265,24.4702940824037],[39.6665540021412,24.4702677956654],[39.6664873211783,24.4702362121951],[39.6664238114634,24.4701995601632],[39.6659164882622,24.4698105522057],[39.6672523421638,24.4697259031853],[39.667251865257,24.4697308996141]]]}},{"type":"Feature","properties":{"code":"W03-OS1","name":"W03-OS1","land_use":"Open Space","sector":"West","gfa":72.7,"area":3633.02,"floors":2,"height":20,"coverage":0,"far":0.02,"style":"PolyStyle02"},"geometry":{"type":"Polygon","coordinates":[[[39.6675844246025,24.4698094394264],[39.6675286941393,24.4703942534739],[39.6672698813086,24.4703735867267],[39.6671912395493,24.4703673076624],[39.667251865257,24.4697308996141],[39.6672523421638,24.4697259031853],[39.6673320615222,24.4697208521841],[39.6682421123694,24.469663134213],[39.6682309468638,24.4697810062461],[39.6682233804276,24.469860446721],[39.6675844246025,24.4698094394264]]]}},{"type":"Feature","properties":{"code":"W03-2","name":"W03-2","land_use":"Utilities","sector":"West","gfa":0,"area":4225.15,"floors":0,"height":0,"coverage":0,"far":0,"style":"PolyStyle039"},"geometry":{"type":"Polygon","coordinates":[[[39.6682233804276,24.469860446721],[39.6681676785943,24.4704452671458],[39.6675286941393,24.4703942534739],[39.6675844246025,24.4698094394264],[39.6682233804276,24.469860446721]]]}},{"type":"Feature","properties":{"code":"W03-3","name":"W03-3","land_use":"Medium Density Residential & Commercial","sector":"West","gfa":13270.8,"area":6031.71,"floors":4,"height":25.5,"coverage":0.65,"far":2.2,"style":"PolyStyle0184"},"geometry":{"type":"Polygon","coordinates":[[[39.6689793895507,24.4704262180468],[39.6689770298236,24.4704391479829],[39.6689724891189,24.4704515808507],[39.6689658792495,24.470463210494],[39.6689573629813,24.4704737505354],[39.6689471500252,24.4704829414291],[39.6689354918723,24.4704905568512],[39.6689226756021,24.4704964092736],[39.6689090168121,24.4705003545818],[39.6688948518471,24.4705022956233],[39.6688805295164,24.4705021846005],[39.6681676785943,24.4704452671458],[39.6682233804276,24.469860446721],[39.6682309468638,24.4697810062461],[39.6690350280219,24.4698422565448],[39.6689793895507,24.4704262180468]]]}},{"type":"Feature","properties":{"code":"W04-1","name":"W04-1","land_use":"Utilities","sector":"West","gfa":0,"area":4747.01,"floors":0,"height":0,"coverage":0.62,"far":0,"style":"PolyStyle039"},"geometry":{"type":"Polygon","coordinates":[[[39.6699587278829,24.4705429353953],[39.6699052960751,24.4705839423591],[39.669217057348,24.4705282248888],[39.6691724243106,24.4704792794946],[39.6692152151218,24.4700302188114],[39.6692686525451,24.4699891542634],[39.6699567339485,24.4700440368525],[39.6700015988008,24.4700929421528],[39.6699587278829,24.4705429353953]]]}},{"type":"Feature","properties":{"code":"E03-13","name":"E03-13","land_use":"Community Facilities","sector":"East","gfa":13006.1,"area":11023.03,"floors":2,"height":18.5,"coverage":0.91,"far":1.18,"style":"PolyStyle027"},"geometry":{"type":"Polygon","coordinates":[[[39.6930068759529,24.470263563422],[39.6926495216316,24.4705047848048],[39.6920822297033,24.4704980536558],[39.691756547434,24.4704941901708],[39.6917742157208,24.4698017819541],[39.6917812959667,24.4695232171618],[39.6926757155113,24.469541694886],[39.6926774282224,24.4698547189266],[39.6930068759529,24.470263563422]]]}},{"type":"Feature","properties":{"code":"W04-2","name":"W04-2","land_use":"Medical","sector":"West","gfa":11985.5,"area":3953.13,"floors":4,"height":31,"coverage":0.85,"far":3.03,"style":"PolyStyle0140"},"geometry":{"type":"Polygon","coordinates":[[[39.6707127389668,24.4706031098598],[39.6706593027482,24.4706441731],[39.6701018934502,24.4705996883607],[39.6700570283609,24.4705507803889],[39.6700998961568,24.4701008223609],[39.6701533738036,24.4700597636483],[39.6707107430454,24.4701042122937],[39.6707556082052,24.4701531173629],[39.6707127389668,24.4706031098598]]]}},{"type":"Feature","properties":{"code":"E17-2","name":"E17-2","land_use":"High Density Mixed-Use","sector":"East","gfa":71085.6,"area":15124.25,"floors":20,"height":93,"coverage":0.9,"far":4.7,"style":"PolyStyle04"},"geometry":{"type":"Polygon","coordinates":[[[39.6988595624162,24.4705049043459],[39.6980826933522,24.4705572946597],[39.6979476540569,24.468879785921],[39.6979475105683,24.4688753643285],[39.6979477898548,24.4688709481778],[39.6979494643118,24.468862708425],[39.697950158918,24.4688605503516],[39.6979530178535,24.4688539930764],[39.6979553658433,24.4688500081316],[39.6979580942544,24.4688462316237],[39.6979642746541,24.4688396942307],[39.6979678763268,24.4688367507873],[39.697971745019,24.4688341063901],[39.6979801775055,24.4688297811954],[39.6979892946724,24.4688268671378],[39.6979988246161,24.4688254431422],[39.6986316274984,24.4687821610366],[39.6986455595018,24.4687822113287],[39.6986593318334,24.4687842609817],[39.6986725771284,24.4687882557],[39.6986849682229,24.4687940949426],[39.6986962142616,24.4688016418759],[39.6987060339771,24.4688107090463],[39.6987141754542,24.4688210637087],[39.6987204498965,24.468832467407],[39.6987246948351,24.4688446246664],[39.6987268089667,24.4688572379228],[39.6988595624162,24.4705049043459]]]}},{"type":"Feature","properties":{"code":"E17-OS1","name":"E17-OS1","land_use":"Open Space","sector":"East","gfa":0,"area":947.34,"floors":0,"height":0,"coverage":0,"far":0,"style":"PolyStyle02"},"geometry":{"type":"Polygon","coordinates":[[[39.6988682721474,24.4706129857153],[39.698091395514,24.4706653752167],[39.6980826933522,24.4705572946597],[39.6988595624162,24.4705049043459],[39.6988682721474,24.4706129857153]]]}},{"type":"Feature","properties":{"code":"C51","name":"C51","land_use":"Medical","sector":"Central","gfa":143488.5,"area":124135.75,"floors":13,"height":64.5,"coverage":0.92,"far":1.16,"style":"PolyStyle0140"},"geometry":{"type":"Polygon","coordinates":[[[39.6739929538952,24.470363393038],[39.6739416785459,24.4703111530703],[39.6738851099132,24.4702637103218],[39.6738237812267,24.4702215119951],[39.673758270583,24.4701849558574],[39.673689195497,24.4701543864916],[39.6736172070807,24.4701300920487],[39.6735429839064,24.4701123015309],[39.6734672256105,24.470101182634],[39.6733906462989,24.4700968401661],[39.6733139678162,24.47009931506],[39.6732379129417,24.4701085839874],[39.673163198577,24.4701245595787],[39.6730905289884,24.4701470912464],[39.6730205891691,24.4701759666046],[39.6729540383825,24.4702109134709],[39.6728915039478,24.4702516024319],[39.6728335753274,24.4702976499479],[39.6727807985703,24.4703486219684],[39.6727336711652,24.4704040380233],[39.6726926373508,24.4704633757514],[39.6726580839281,24.4705260758245],[39.6726303366145,24.4705915472196],[39.6726096569728,24.4706591727893],[39.6725962399455,24.4707283150799],[39.6725902120166,24.4707983223396],[39.6711805978454,24.4706858060383],[39.6711357036819,24.4706368949116],[39.6713000590277,24.4688998925611],[39.6714058770498,24.4688249005355],[39.6717662635294,24.4688803932529],[39.6718889466919,24.4688962503409],[39.6720123728667,24.4689061630943],[39.6721361984756,24.4689101039196],[39.6722600788281,24.4689080618473],[39.6723836690815,24.4689000425621],[39.6725066252008,24.4688860683875],[39.6726286049163,24.4688661782234],[39.6727492686771,24.4688404274379],[39.6728682805958,24.4688088877129],[39.6729853093841,24.468771646845],[39.6772776254093,24.4672883908979],[39.6778735986012,24.4687332130029],[39.6768858570013,24.4690745434741],[39.676969501962,24.4692773228161],[39.6762310111711,24.4695325151738],[39.6761473652398,24.4693297372229],[39.6749885432872,24.4697301693876],[39.6750489433517,24.4698775300129],[39.6741658354733,24.4702838507515],[39.6739929538952,24.470363393038]]]}},{"type":"Feature","properties":{"code":"E12-5","name":"E12-5","land_use":"High Density Residential & Commercial","sector":"East","gfa":42079.1,"area":12974.84,"floors":21,"height":85,"coverage":0.8,"far":3.24,"style":"PolyStyle012"},"geometry":{"type":"Polygon","coordinates":[[[39.697098955492,24.4706237018631],[39.696086971281,24.4706920074388],[39.6956331295265,24.4701288188798],[39.6963034982585,24.4696762840526],[39.6970195066587,24.4696284067105],[39.6970316101274,24.4697800377056],[39.6970808498141,24.4703968760787],[39.697098955492,24.4706237018631]]]}},{"type":"Feature","properties":{"code":"C45","name":"C45","land_use":"High Density Mixed-Use","sector":"Central","gfa":95477.8,"area":18635.81,"floors":41,"height":177,"coverage":0.93,"far":5.12,"style":"PolyStyle04"},"geometry":{"type":"Polygon","coordinates":[[[39.6887633322568,24.4697405818563],[39.6887388498462,24.47072863353],[39.687697645064,24.4707064403756],[39.6871159508381,24.4703276430701],[39.6878054591287,24.4694406591415],[39.688770267829,24.469460686532],[39.6887678065022,24.4695600041137],[39.6887633322568,24.4697405818563]]]}},{"type":"Feature","properties":{"code":"C56-2","name":"C56-2","land_use":"High Density Mixed-Use","sector":"Central","gfa":25602.3,"area":8131.87,"floors":16,"height":67.5,"coverage":0.71,"far":3.15,"style":"PolyStyle04"},"geometry":{"type":"Polygon","coordinates":[[[39.6903496671938,24.4703184714303],[39.690339289067,24.4707265997744],[39.6891639296354,24.4707015578806],[39.6891793916471,24.4700774309946],[39.6903547527674,24.4701185025131],[39.6903496671938,24.4703184714303]]]}},{"type":"Feature","properties":{"code":"E03-7","name":"E03-7","land_use":"High Density Residential & Commercial","sector":"East","gfa":17247.5,"area":6614.54,"floors":14,"height":65,"coverage":0.68,"far":2.61,"style":"PolyStyle012"},"geometry":{"type":"Polygon","coordinates":[[[39.6916381620637,24.4704947320363],[39.6916315687949,24.4707541220294],[39.6906450954636,24.4707331139023],[39.6906604511619,24.4701291832668],[39.6916465778078,24.4701636342415],[39.6916381620637,24.4704947320363]]]}},{"type":"Feature","properties":{"code":"C11-6","name":"C11-6","land_use":"Commercial","sector":"Central","gfa":29047.3,"area":41501.43,"floors":3,"height":20,"coverage":1,"far":0.7,"style":"PolyStyle05"},"geometry":{"type":"Polygon","coordinates":[[[39.6861599620531,24.4707854980531],[39.6861598518212,24.4707866428195],[39.6846564502053,24.4706631588348],[39.6846115937431,24.4706141369335],[39.6846380571254,24.4703361978899],[39.6832547313086,24.4702259935612],[39.683228307698,24.4705049148453],[39.6831748972618,24.4705459561343],[39.6818127948012,24.4704366008999],[39.6814664512749,24.470017608514],[39.6815057962388,24.469990364258],[39.6818020193584,24.4697852438787],[39.6818428574722,24.4697569650373],[39.6819961577833,24.4696508120062],[39.682508165571,24.4696919194547],[39.6825236862945,24.4695299794327],[39.6833881467295,24.4695993799189],[39.6833881943612,24.4695988811754],[39.6833968023538,24.4695090620343],[39.6840151184707,24.4695586986571],[39.6846335021922,24.4696076189614],[39.6846250194595,24.4696974484267],[39.6846249606367,24.4696980664344],[39.6852927334838,24.4697505732884],[39.6852926018993,24.4697519674152],[39.6852774917082,24.4699125348421],[39.6859861897112,24.4699684032266],[39.6862166430214,24.4701949548068],[39.6861599620531,24.4707854980531]]]}},{"type":"Feature","properties":{"code":"C37-OS2","name":"C37-OS2","land_use":"Open Space","sector":"Central","gfa":2000,"area":19184.24,"floors":2,"height":20,"coverage":0,"far":0.01,"style":"PolyStyle02"},"geometry":{"type":"Polygon","coordinates":[[[39.6741132797903,24.4705506264472],[39.6741361533049,24.4706103846322],[39.6741532223246,24.4706717463204],[39.6741643557364,24.4707342402024],[39.6741694680176,24.4707973862715],[39.6741685198923,24.4708606995113],[39.6741615186339,24.4709236936205],[39.6725902120166,24.4707983223396],[39.6725962399455,24.4707283150799],[39.6726096569728,24.4706591727893],[39.6726303366145,24.4705915472196],[39.6726580839281,24.4705260758245],[39.6726926373508,24.4704633757514],[39.6727336711652,24.4704040380233],[39.6727807985703,24.4703486219684],[39.6728335753274,24.4702976499479],[39.6728915039478,24.4702516024319],[39.6729540383825,24.4702109134709],[39.6730205891691,24.4701759666046],[39.6730905289884,24.4701470912464],[39.673163198577,24.4701245595787],[39.6732379129417,24.4701085839874],[39.6733139678162,24.47009931506],[39.6733906462989,24.4700968401661],[39.6734672256105,24.470101182634],[39.6735429839064,24.4701123015309],[39.6736172070807,24.4701300920487],[39.673689195497,24.4701543864916],[39.673758270583,24.4701849558574],[39.6738237812267,24.4702215119951],[39.6738851099132,24.4702637103218],[39.6739416785459,24.4703111530703],[39.6739929538952,24.470363393038],[39.6741658354733,24.4702838507515],[39.6750489433517,24.4698775300129],[39.6749885432872,24.4697301693876],[39.6761473652398,24.4693297372229],[39.6762310111711,24.4695325151738],[39.6762115625283,24.4698390085247],[39.6759559938851,24.4698184776128],[39.6759430489618,24.4699534263319],[39.6754902887313,24.4699170586367],[39.6744331736563,24.4704034436258],[39.6743009315641,24.4704642879808],[39.6741132797903,24.4705506264472]]]}},{"type":"Feature","properties":{"code":"E03-OS2","name":"E03-OS2","land_use":"Open Space","sector":"East","gfa":0,"area":1200,"floors":0,"height":0,"coverage":0,"far":0,"style":"PolyStyle02"},"geometry":{"type":"Polygon","coordinates":[[[39.6916315687949,24.4707541220294],[39.6916288146596,24.4708624668176],[39.6915301673321,24.4708603660238],[39.6906423404835,24.4708414586917],[39.6906450954636,24.4707331139023],[39.6916315687949,24.4707541220294]]]}},{"type":"Feature","properties":{"code":"E03-2","name":"E03-2","land_use":"High Density Mixed-Use","sector":"East","gfa":74381.3,"area":25966.28,"floors":14,"height":65,"coverage":0.88,"far":2.86,"style":"PolyStyle04"},"geometry":{"type":"Polygon","coordinates":[[[39.6953166723928,24.4702077799706],[39.6943560916823,24.4708562098505],[39.6941373518526,24.4705847605603],[39.6940579399755,24.4706383656688],[39.6936948140895,24.4701877368369],[39.693552675702,24.4700113442792],[39.6934117604478,24.4698349802835],[39.693649995234,24.4696741649504],[39.6932444952514,24.4691709423788],[39.6937631391788,24.468820840397],[39.6940454704423,24.4686302562802],[39.6947348042566,24.4694857057321],[39.6953166723928,24.4702077799706]]]}},{"type":"Feature","properties":{"code":"C56-OS1","name":"C56-OS1","land_use":"Open Space","sector":"Central","gfa":300,"area":2859.37,"floors":2,"height":20,"coverage":0,"far":0.1,"style":"PolyStyle02"},"geometry":{"type":"Polygon","coordinates":[[[39.690339289067,24.4707265997744],[39.6903337785807,24.4709432893522],[39.6893583330082,24.4709225078585],[39.6891585612229,24.4709182513194],[39.6891639296354,24.4707015578806],[39.690339289067,24.4707265997744]]]}},{"type":"Feature","properties":{"code":"E12-OS1","name":"E12-OS1","land_use":"Open Space","sector":"East","gfa":621.6,"area":2527.06,"floors":2,"height":20,"coverage":0,"far":0.25,"style":"PolyStyle02"},"geometry":{"type":"Polygon","coordinates":[[[39.6970691948085,24.4708705856629],[39.6963232842277,24.4709208797376],[39.6962447958527,24.4708878563153],[39.696086971281,24.4706920074388],[39.697098955492,24.4706237018631],[39.6971148036441,24.4708222321902],[39.6970691948085,24.4708705856629]]]}},{"type":"Feature","properties":{"code":"C38","name":"C38","land_use":"High Density Mixed-Use","sector":"Central","gfa":70325.8,"area":15345.04,"floors":25,"height":97.5,"coverage":0.81,"far":4.58,"style":"PolyStyle04"},"geometry":{"type":"Polygon","coordinates":[[[39.6753492361454,24.470776055956],[39.6753262367363,24.4710166752908],[39.6745354926024,24.4709535720957],[39.6741615186339,24.4709236936205],[39.6741685198923,24.4708606995113],[39.6741694680176,24.4707973862715],[39.6741643557364,24.4707342402024],[39.6741532223246,24.4706717463204],[39.6741361533049,24.4706103846322],[39.6741132797903,24.4705506264472],[39.6743009315641,24.4704642879808],[39.6744331736563,24.4704034436258],[39.6754902887313,24.4699170586367],[39.6759430489618,24.4699534263319],[39.6759921962922,24.4699573744496],[39.6759136628468,24.4707760648703],[39.675860199517,24.4708171002391],[39.6753492361454,24.470776055956]]]}},{"type":"Feature","properties":{"code":"C39-1","name":"C39-1","land_use":"High Density Residential & Commercial","sector":"Central","gfa":42699.7,"area":13363.85,"floors":16,"height":69.5,"coverage":0.79,"far":3.2,"style":"PolyStyle012"},"geometry":{"type":"Polygon","coordinates":[[[39.6771863044347,24.4704526150602],[39.6771185311268,24.471159682169],[39.6761418959311,24.4710817599297],[39.6760522230449,24.4709839510072],[39.6761494695531,24.4699700101167],[39.6761986178814,24.4699739581625],[39.6772243157647,24.4700563457824],[39.6771863044347,24.4704526150602]]]}},{"type":"Feature","properties":{"code":"C39-2","name":"C39-2","land_use":"High Density Residential & Commercial","sector":"Central","gfa":55370.2,"area":15690.69,"floors":16,"height":69.5,"coverage":0.8,"far":3.53,"style":"PolyStyle012"},"geometry":{"type":"Polygon","coordinates":[[[39.6781977599193,24.4712004524951],[39.6781442963288,24.4712415148522],[39.6771185311268,24.471159682169],[39.6772243157647,24.4700563457824],[39.6772424351644,24.4698674171108],[39.6782681336793,24.4699498003557],[39.6783172820478,24.4699537477112],[39.6781977599193,24.4712004524951]]]}},{"type":"Feature","properties":{"code":"C40-1","name":"C40-1","land_use":"High Density Residential & Commercial","sector":"Central","gfa":53893.5,"area":15109.11,"floors":16,"height":69.5,"coverage":0.8,"far":3.57,"style":"PolyStyle012"},"geometry":{"type":"Polygon","coordinates":[[[39.6795100944918,24.4700495370204],[39.679386367924,24.4713406033543],[39.6783998812321,24.4712619127824],[39.678355042366,24.4712130081233],[39.6784182792915,24.4705533915893],[39.6784745554589,24.4699663782441],[39.6785237028519,24.4699703255367],[39.6795100944918,24.4700495370204]]]}},{"type":"Feature","properties":{"code":"C40-2","name":"C40-2","land_use":"High Density Residential & Commercial","sector":"Central","gfa":64727.1,"area":17883.64,"floors":22,"height":90.5,"coverage":0.86,"far":3.62,"style":"PolyStyle012"},"geometry":{"type":"Polygon","coordinates":[[[39.6806675342917,24.4703680672617],[39.6805659614424,24.4714347004565],[39.679386367924,24.4713406033543],[39.6795100944918,24.4700495370204],[39.6799105545561,24.4700816944826],[39.6799278025575,24.4699017619549],[39.6803072749205,24.469932232727],[39.6806675342917,24.4703680672617]]]}},{"type":"Feature","properties":{"code":"C37-OS1","name":"C37-OS1","land_use":"Open Space","sector":"Central","gfa":4012.3,"area":133468.4,"floors":2,"height":20,"coverage":0.85,"far":0.21,"style":"PolyStyle02"},"geometry":{"type":"Polygon","coordinates":[[[39.6809013622486,24.4704089010995],[39.6808018980873,24.471453518326],[39.6805660058601,24.4714347029659],[39.6806675342917,24.4703680672617],[39.6803072749205,24.469932232727],[39.6799278025575,24.4699017619549],[39.6799105545561,24.4700816944826],[39.6795100944918,24.4700495370204],[39.6785237028519,24.4699703255367],[39.6785366400811,24.4698353757757],[39.67828107118,24.4698148506103],[39.6782681336793,24.4699498003557],[39.6772424351644,24.4698674171108],[39.6772243157647,24.4700563457824],[39.6761986178814,24.4699739581625],[39.6762115625283,24.4698390085247],[39.6762310111711,24.4695325151738],[39.676969501962,24.4692773228161],[39.6768858570013,24.4690745434741],[39.6778735986012,24.4687332130029],[39.6772776254093,24.4672883908979],[39.6774722181954,24.4672211376723],[39.6778730130122,24.4681927890027],[39.6788884315792,24.4678418675804],[39.6789302561635,24.4679432557872],[39.6782916532094,24.4681639540161],[39.6782052336775,24.4690653526763],[39.6791586980873,24.4691419263855],[39.6791457605827,24.4692768752974],[39.6799812721808,24.4693439716232],[39.6799916214628,24.4692360099244],[39.6803462378315,24.4692644719215],[39.6808652860582,24.4689050598423],[39.6809116448624,24.4684214076431],[39.6810300667698,24.4684309123518],[39.6809838308788,24.4689167857275],[39.681636440539,24.4689691866081],[39.6816536859719,24.4687892539141],[39.6817765554658,24.4687991190911],[39.6818994239897,24.4688089841722],[39.6819604100826,24.4688138803144],[39.6828823767181,24.4688879002881],[39.6838240471761,24.4689634989629],[39.6839267965855,24.4678838434047],[39.6844182416651,24.4679235898375],[39.6843154964323,24.4690032456328],[39.6851018955484,24.4690660022923],[39.6851309981642,24.4687601724309],[39.6852489527216,24.4687696398152],[39.6852127127362,24.4691504781389],[39.6859696551627,24.4696434136977],[39.6869793509092,24.469724451169],[39.6872626258339,24.4693600470734],[39.6873033909775,24.4689345307164],[39.6886820582366,24.4690451673637],[39.6887781305168,24.4691433549432],[39.688770267829,24.469460686532],[39.6878054591287,24.4694406591415],[39.6871159508381,24.4703276430701],[39.687697645064,24.4707064403756],[39.6887388498462,24.47072863353],[39.6887334426577,24.4709468579475],[39.6886831755459,24.4709880539063],[39.686472149051,24.4708104182202],[39.6861599620531,24.4707854980531],[39.6862166430214,24.4701949548068],[39.6859861897112,24.4699684032266],[39.6852774917082,24.4699125348421],[39.6852926018993,24.4697519674152],[39.6852927334838,24.4697505732884],[39.6846250194595,24.4696974484267],[39.6846335021922,24.4696076189614],[39.6846335693777,24.469606905184],[39.6833968023538,24.4695090620343],[39.6833881943612,24.4695988811754],[39.6825236862945,24.4695299794327],[39.682508165571,24.4696919194547],[39.6819961577833,24.4696508120062],[39.6818428574722,24.4697569650373],[39.6818020193584,24.4697852438787],[39.6815057962388,24.469990364258],[39.6814164952553,24.4698823307361],[39.6812118997514,24.4700240015481],[39.6813012006665,24.4701320351905],[39.6809013622486,24.4704089010995]]]}},{"type":"Feature","properties":{"code":"C05-OS1","name":"C05-OS1","land_use":"Open Space","sector":"Central","gfa":0,"area":1747.27,"floors":0,"height":0,"coverage":0,"far":0,"style":"PolyStyle02"},"geometry":{"type":"Polygon","coordinates":[[[39.6732599892251,24.4712523850124],[39.6732131811912,24.4713088427048],[39.6731712629668,24.4713684321769],[39.6731344835677,24.4714307994469],[39.6731030614843,24.4714955740314],[39.6730356487305,24.4714690894349],[39.67297121376,24.4714369908753],[39.6729103131916,24.4713995556358],[39.6728534731112,24.4713571071],[39.6728011845267,24.4713100119588],[39.6727538991264,24.4712586770421],[39.6727120253774,24.4712035458046],[39.672675924997,24.4711450944947],[39.6726459098281,24.4710838280406],[39.6733769713473,24.4711421784452],[39.6733315599253,24.4711806761982],[39.6732888216999,24.4712216575504],[39.6732599892251,24.4712523850124]]]}},{"type":"Feature","properties":{"code":"C05-5","name":"C05-5","land_use":"Cultural & Commercial","sector":"Central","gfa":1350.7,"area":2701.44,"floors":2,"height":20,"coverage":0.69,"far":0.5,"style":"PolyStyle0208"},"geometry":{"type":"Polygon","coordinates":[[[39.6735411829284,24.4715264931912],[39.6735257609338,24.4715292920949],[39.6731030614843,24.4714955740314],[39.6731344835677,24.4714307994469],[39.6731712629668,24.4713684321769],[39.6732131811912,24.4713088427048],[39.6732599892251,24.4712523850124],[39.6732888216999,24.4712216575504],[39.6733316213822,24.4711806607027],[39.6733771004942,24.4711421561946],[39.6740537673045,24.4711961948047],[39.6740100181609,24.4712548455771],[39.6739602020394,24.4713092918486],[39.6739047981197,24.4713590098936],[39.6738443393334,24.4714035214675],[39.6737794072372,24.4714423984067],[39.6737106264193,24.4714752667479],[39.6736386584909,24.4715018103248],[39.673564195722,24.47152177381],[39.6735411829284,24.4715264931912]]]}},{"type":"Feature","properties":{"code":"C41","name":"C41","land_use":"High Density Residential & Commercial","sector":"Central","gfa":60998.7,"area":15226.99,"floors":22,"height":90.5,"coverage":0.82,"far":4.01,"style":"PolyStyle012"},"geometry":{"type":"Polygon","coordinates":[[[39.682018617943,24.4715052325895],[39.6819651683336,24.4715462971178],[39.6808019316508,24.4714535208842],[39.6809013622486,24.4704089010995],[39.6813012006665,24.4701320351905],[39.6813405457019,24.4701047909764],[39.6817291774973,24.4705749412857],[39.6820554896222,24.4706011399027],[39.6821003386929,24.4706500704943],[39.682018617943,24.4715052325895]]]}},{"type":"Feature","properties":{"code":"E03-8","name":"E03-8","land_use":"High Density Residential & Commercial","sector":"East","gfa":20410.7,"area":7852.47,"floors":14,"height":65,"coverage":0.7,"far":2.6,"style":"PolyStyle012"},"geometry":{"type":"Polygon","coordinates":[[[39.6916110229854,24.4715624166331],[39.6916107960218,24.4715714453529],[39.6906243143437,24.4715504372429],[39.6906423404835,24.4708414586917],[39.6915301673321,24.4708603660238],[39.6916288146596,24.4708624668176],[39.6916212281362,24.4711609460757],[39.6916210900659,24.4711663781279],[39.6916110229854,24.4715624166331]]]}},{"type":"Feature","properties":{"code":"C42","name":"C42","land_use":"High Density Residential & Commercial","sector":"Central","gfa":58796.8,"area":15216.7,"floors":26,"height":129.5,"coverage":0.78,"far":3.86,"style":"PolyStyle012"},"geometry":{"type":"Polygon","coordinates":[[[39.6836047589707,24.4716317226366],[39.6835513256358,24.4716727894499],[39.6822207542568,24.4715666804295],[39.6821759019874,24.4715177760912],[39.6822576898645,24.4706619001544],[39.6823111333869,24.4706208906445],[39.6836412201462,24.4707284453518],[39.6836860876348,24.4707773771834],[39.6836047589707,24.4716317226366]]]}},{"type":"Feature","properties":{"code":"E03-1","name":"E03-1","land_use":"High Density Mixed-Use","sector":"East","gfa":38590.8,"area":13594.52,"floors":14,"height":65,"coverage":0.81,"far":2.84,"style":"PolyStyle04"},"geometry":{"type":"Polygon","coordinates":[[[39.6960467712037,24.471189861769],[39.6952926579313,24.4716989202599],[39.6950583778655,24.4714081943575],[39.6948916132227,24.4715207668586],[39.6944263749942,24.4709434281031],[39.6953869559828,24.470294997777],[39.6960571914726,24.471126717579],[39.6960467712037,24.471189861769]]]}},{"type":"Feature","properties":{"code":"C43-1","name":"C43-1","land_use":"High Density Residential & Commercial","sector":"Central","gfa":46859.2,"area":10231.8,"floors":26,"height":129.5,"coverage":0.81,"far":4.58,"style":"PolyStyle012"},"geometry":{"type":"Polygon","coordinates":[[[39.6850724545813,24.4708426419575],[39.6849825999381,24.4717869169864],[39.6840723475931,24.4717143356417],[39.6840274777895,24.4716654310437],[39.6841090201359,24.4708086080653],[39.6841624407392,24.4707676594273],[39.6850724545813,24.4708426419575]]]}},{"type":"Feature","properties":{"code":"C43-OS1","name":"C43-OS1","land_use":"Open Space","sector":"Central","gfa":0,"area":1049.53,"floors":0,"height":0,"coverage":0,"far":0,"style":"PolyStyle02"},"geometry":{"type":"Polygon","coordinates":[[[39.6851707569746,24.4708504797982],[39.6850809020608,24.4717947521637],[39.6849825999381,24.4717869169864],[39.6850724545813,24.4708426419575],[39.6851707569746,24.4708504797982]]]}},{"type":"Feature","properties":{"code":"C43-2","name":"C43-2","land_use":"Utilities","sector":"Central","gfa":0,"area":10410.49,"floors":0,"height":0,"coverage":0,"far":0,"style":"PolyStyle039"},"geometry":{"type":"Polygon","coordinates":[[[39.686059950511,24.4718274634154],[39.6860064813954,24.4718685294397],[39.6850809020608,24.4717947521637],[39.6851707569746,24.4708504797982],[39.6860979744406,24.4709266407039],[39.6861486936728,24.4709819935662],[39.6861470947969,24.4709986807358],[39.686059950511,24.4718274634154]]]}},{"type":"Feature","properties":{"code":"W01-1","name":"W01-1","land_use":"High Density Mixed-Use","sector":"West","gfa":164399.1,"area":38689.63,"floors":23,"height":140.04,"coverage":0.87,"far":4.25,"style":"PolyStyle04"},"geometry":{"type":"Polygon","coordinates":[[[39.6670407375967,24.4706363252292],[39.6669140486194,24.4719564963489],[39.6641060163639,24.4717307403095],[39.6640890707784,24.4716925779455],[39.6643362327848,24.471429999423],[39.6645727821676,24.4711786994381],[39.6647152746668,24.471027332651],[39.6648521087265,24.4708819711719],[39.665388427797,24.4703121814192],[39.665622664997,24.4700633176261],[39.6656522110057,24.4700319282568],[39.6657222280845,24.4700267203407],[39.6658114844584,24.4700951792543],[39.6661809834771,24.4703785786386],[39.6662497016263,24.4704273206011],[39.6663222793645,24.4704711264203],[39.6663982943528,24.4705097411826],[39.6664773042492,24.4705429401823],[39.6665588492828,24.4705705302284],[39.6666424549289,24.4705923507698],[39.6667276346715,24.4706082748287],[39.6668138928334,24.4706182097403],[39.6670407375967,24.4706363252292]]]}},{"type":"Feature","properties":{"code":"W01-2","name":"W01-2","land_use":"High Density Mixed-Use","sector":"West","gfa":78160.2,"area":21979.25,"floors":19,"height":76.5,"coverage":0.85,"far":3.56,"style":"PolyStyle04"},"geometry":{"type":"Polygon","coordinates":[[[39.6683921161957,24.4720299798405],[39.6683380624465,24.4720709619185],[39.6682937575976,24.4720674008316],[39.6669140486194,24.4719564963489],[39.6670407375967,24.4706363252292],[39.6684218735848,24.4707466110849],[39.6684644433877,24.4707500100287],[39.6685093059824,24.4707989202987],[39.6685056708627,24.4708370557878],[39.6683970059112,24.4719851845317],[39.6683921161957,24.4720299798405]]]}},{"type":"Feature","properties":{"code":"C44-1","name":"C44-1","land_use":"High Density Residential & Commercial","sector":"Central","gfa":42726.5,"area":12676.28,"floors":16,"height":69.5,"coverage":0.79,"far":3.37,"style":"PolyStyle012"},"geometry":{"type":"Polygon","coordinates":[[[39.6875895074004,24.4709908530126],[39.6874940766956,24.4719871170397],[39.6864172209309,24.4719012731073],[39.6863723787967,24.4718523709044],[39.6864522455558,24.4710186485071],[39.6864635755987,24.4709003926662],[39.6875895074004,24.4709908530126]]]}},{"type":"Feature","properties":{"code":"E03-OS1","name":"E03-OS1","land_use":"Open Space","sector":"East","gfa":9026.5,"area":34421.19,"floors":2,"height":30,"coverage":0,"far":0.26,"style":"PolyStyle02"},"geometry":{"type":"Polygon","coordinates":[[[39.6952926579313,24.4716989202599],[39.6948797146956,24.4719776711458],[39.6941801982581,24.4711096050873],[39.6934987652899,24.4702639666474],[39.6928267757462,24.4707175749959],[39.6926495216316,24.4705047848048],[39.6930068759529,24.470263563422],[39.6926774282224,24.4698547189266],[39.6926757155113,24.469541694886],[39.6917812959667,24.4695232171618],[39.6917742157208,24.4698017819541],[39.691756547434,24.4704941901708],[39.6916381620637,24.4704947320363],[39.6916465778078,24.4701636342415],[39.6916626938973,24.4695296231398],[39.6916629204331,24.4695206973764],[39.6906764429408,24.4695002384032],[39.690679197893,24.4693918935955],[39.6916053846867,24.4694111022016],[39.6916656745405,24.4694123525697],[39.6925080111448,24.4694340879228],[39.6925061394227,24.4690919115628],[39.6926458789406,24.4690490715411],[39.6923373324999,24.4682293264993],[39.6920823943992,24.4675408715297],[39.6916571197751,24.467657716361],[39.691572485583,24.4673996559002],[39.6916589522116,24.4673743338311],[39.6923253468273,24.4671912410135],[39.6926116527336,24.4671123991469],[39.6926968146127,24.4673720578317],[39.6922715411595,24.4674889034663],[39.6925264965591,24.4681713350542],[39.692832992124,24.4689917077427],[39.693707857676,24.4687234965762],[39.6939751887149,24.4685430377895],[39.6940454704423,24.4686302562802],[39.6937631391788,24.468820840397],[39.6932444952514,24.4691709423788],[39.693649995234,24.4696741649504],[39.6934117604478,24.4698349802835],[39.693552675702,24.4700113442792],[39.6936948140895,24.4701877368369],[39.6940579399755,24.4706383656688],[39.6941373518526,24.4705847605603],[39.6943560916823,24.4708562098505],[39.6953166723928,24.4702077799706],[39.6953869559828,24.470294997777],[39.6944263749942,24.4709434281031],[39.6948916132227,24.4715207668586],[39.6950583778655,24.4714081943575],[39.6952926579313,24.4716989202599]]]}},{"type":"Feature","properties":{"code":"C44-2","name":"C44-2","land_use":"High Density Residential & Commercial","sector":"Central","gfa":44148.5,"area":13215.13,"floors":16,"height":69.5,"coverage":0.79,"far":3.34,"style":"PolyStyle012"},"geometry":{"type":"Polygon","coordinates":[[[39.6887069032511,24.4720385836807],[39.6886566565947,24.4720798102457],[39.6874946976384,24.4719871665962],[39.6875895074004,24.4709908530126],[39.6886745483537,24.4710780196619],[39.6887290057024,24.4711268620007],[39.6887069032511,24.4720385836807]]]}},{"type":"Feature","properties":{"code":"W02-1","name":"W02-1","land_use":"High Density Mixed-Use","sector":"West","gfa":49229.3,"area":14548.32,"floors":19,"height":76.5,"coverage":0.82,"far":3.38,"style":"PolyStyle04"},"geometry":{"type":"Polygon","coordinates":[[[39.6696864748902,24.4708475800842],[39.6695596796804,24.4721691478257],[39.6686786777627,24.4720983390485],[39.6686359010621,24.4720949013512],[39.6685902174968,24.472045906261],[39.6685939875756,24.4719968919518],[39.6687020628772,24.4708549729356],[39.6687059092183,24.4708146175122],[39.6687593481419,24.470773556746],[39.6688011173673,24.4707768923056],[39.6696864748902,24.4708475800842]]]}},{"type":"Feature","properties":{"code":"W02-2","name":"W02-2","land_use":"High Density Mixed-Use","sector":"West","gfa":50325.7,"area":14872.33,"floors":19,"height":76.5,"coverage":0.82,"far":3.38,"style":"PolyStyle04"},"geometry":{"type":"Polygon","coordinates":[[[39.6705615428714,24.4722042309632],[39.6705081327397,24.4722453238414],[39.6704654065447,24.4722419370151],[39.6695596796804,24.4721691478257],[39.6696864748902,24.4708475800842],[39.6705707779878,24.4709181797324],[39.6706316579919,24.4709230393625],[39.6706772568886,24.4709720026022],[39.6706728185563,24.4710282693621],[39.6705655610068,24.4721617650305],[39.6705615428714,24.4722042309632]]]}},{"type":"Feature","properties":{"code":"E01-4","name":"E01-4","land_use":"High Density Mixed-Use","sector":"East","gfa":25603.4,"area":9223.4,"floors":22,"height":88.5,"coverage":0.7,"far":2.78,"style":"PolyStyle04"},"geometry":{"type":"Polygon","coordinates":[[[39.6972183295943,24.4721191124568],[39.6966056513437,24.472160080785],[39.6960839233646,24.4715126603447],[39.6965692826975,24.4711850184323],[39.6970948533136,24.4711495810457],[39.697147496568,24.4711913092965],[39.6972183295943,24.4721191124568]]]}},{"type":"Feature","properties":{"code":"C56-1","name":"C56-1","land_use":"High Density Mixed-Use","sector":"Central","gfa":57206.8,"area":16232.1,"floors":16,"height":67.5,"coverage":0.74,"far":3.52,"style":"PolyStyle04"},"geometry":{"type":"Polygon","coordinates":[[[39.6903015683466,24.4721656768997],[39.6902512274326,24.4722069017073],[39.6891785314235,24.4721214080346],[39.6891304783315,24.4720723452056],[39.6891585612229,24.4709182513194],[39.6893583330082,24.4709225078585],[39.6903337785807,24.4709432893522],[39.6903015683466,24.4721656768997]]]}},{"type":"Feature","properties":{"code":"E03-9","name":"E03-9","land_use":"Utilities","sector":"East","gfa":0,"area":5200,"floors":0,"height":0,"coverage":0,"far":0,"style":"PolyStyle039"},"geometry":{"type":"Polygon","coordinates":[[[39.691609646403,24.4716165890196],[39.6915947279636,24.4722034565413],[39.6914763499169,24.4722009357632],[39.6908055410318,24.4721866502019],[39.6908181662904,24.4716900699954],[39.6908204621457,24.4715997826802],[39.691609646403,24.4716165890196]]]}},{"type":"Feature","properties":{"code":"C05-1","name":"C05-1","land_use":"High Density Mixed-Use","sector":"Central","gfa":51540.6,"area":13949.85,"floors":19,"height":80,"coverage":0.77,"far":3.69,"style":"PolyStyle04"},"geometry":{"type":"Polygon","coordinates":[[[39.6719137719868,24.4723583252812],[39.671913749537,24.4723585574858],[39.6710290808939,24.4722874680875],[39.6709841890252,24.4722385307337],[39.6711016571163,24.4710058870222],[39.6711550943286,24.470964824526],[39.6720406731499,24.4710354911582],[39.6719137719868,24.4723583252812]]]}},{"type":"Feature","properties":{"code":"E03-OS5","name":"E03-OS5","land_use":"Open Space","sector":"East","gfa":36.7,"area":1834.89,"floors":2,"height":20,"coverage":0,"far":0.02,"style":"PolyStyle02"},"geometry":{"type":"Polygon","coordinates":[[[39.6914763499169,24.4722009357632],[39.6914742230309,24.4723043664438],[39.6906565687853,24.472239179809],[39.6906085190289,24.4721901165434],[39.6906197223515,24.4717310118738],[39.6906701943309,24.471686918008],[39.6908181662904,24.4716900699954],[39.6908055410318,24.4721866502019],[39.6914763499169,24.4722009357632]]]}},{"type":"Feature","properties":{"code":"E03-OS3","name":"E03-OS3","land_use":"Open Space","sector":"East","gfa":0,"area":1535.41,"floors":0,"height":0,"coverage":0,"far":0,"style":"PolyStyle02"},"geometry":{"type":"Polygon","coordinates":[[[39.6917395451359,24.4711658359457],[39.6917101279224,24.4723231646559],[39.6915924237476,24.4723137852317],[39.6916107960218,24.4715714453529],[39.6916110229854,24.4715624166331],[39.6916210900659,24.4711663781279],[39.6916212281362,24.4711609460757],[39.6917396336504,24.4711623512673],[39.6917395451359,24.4711658359457]]]}},{"type":"Feature","properties":{"code":"C05-2","name":"C05-2","land_use":"High Density Mixed-Use","sector":"Central","gfa":83789.3,"area":15084.15,"floors":26,"height":129.5,"coverage":0.8,"far":5.55,"style":"PolyStyle04"},"geometry":{"type":"Polygon","coordinates":[[[39.6730167819383,24.4724016223184],[39.6729633495468,24.4724426592531],[39.6719137719868,24.4723583252812],[39.6720406731499,24.4710354911582],[39.6724962144415,24.4710718793355],[39.6726459098281,24.4710838280406],[39.672675924997,24.4711450944947],[39.6727120253774,24.4712035458046],[39.6727538991264,24.4712586770421],[39.6728011845267,24.4713100119588],[39.6728534731112,24.4713571071],[39.6729103131916,24.4713995556358],[39.67297121376,24.4714369908753],[39.6730356487305,24.4714690894349],[39.6731030614843,24.4714955740314],[39.6730167819383,24.4724016223184]]]}},{"type":"Feature","properties":{"code":"E03-10","name":"E03-10","land_use":"High Density Residential & Commercial","sector":"East","gfa":28645,"area":10228.26,"floors":14,"height":65,"coverage":0.69,"far":2.8,"style":"PolyStyle012"},"geometry":{"type":"Polygon","coordinates":[[[39.6924795950416,24.4723392140018],[39.6924292962515,24.4723804429424],[39.6917101279224,24.4723231646559],[39.6917395451359,24.4711658359457],[39.6917396336504,24.4711623512673],[39.6924599359277,24.4711708987104],[39.6925081216884,24.4712166282176],[39.6924795950416,24.4723392140018]]]}},{"type":"Feature","properties":{"code":"E17-1","name":"E17-1","land_use":"High Density Mixed-Use","sector":"East","gfa":69564.6,"area":14798.18,"floors":20,"height":93,"coverage":0,"far":4.7,"style":"PolyStyle04"},"geometry":{"type":"Polygon","coordinates":[[[39.6982858503846,24.4723901169889],[39.698277148165,24.4723900774998],[39.6982685598431,24.4723887925004],[39.6982602969098,24.4723862936344],[39.6982525628431,24.4723826424372],[39.6982455480976,24.4723779288211],[39.698239425414,24.4723722688608],[39.6982343455659,24.4723658019351],[39.6982304336463,24.4723586872946],[39.6982277859876,24.4723511001401],[39.6982264677891,24.4723432273082],[39.698091395514,24.4706653752167],[39.6988682721474,24.4706129857153],[39.6989785068756,24.4719811390659],[39.6989793871306,24.4720188680095],[39.6989759621376,24.4720564751347],[39.6989682692695,24.4720935500395],[39.6989529997613,24.4721380159537],[39.6989316017608,24.4721803122768],[39.6989044315008,24.4722197348497],[39.6988719413136,24.4722556273555],[39.6988346721,24.4722873922461],[39.6988346699968,24.4722873687745],[39.698827594963,24.4722925628722],[39.6988055928991,24.4723071833123],[39.6987853223003,24.4723188894754],[39.6987508818533,24.4723354369016],[39.6987431612483,24.47233862452],[39.6987013778074,24.4723528525872],[39.6986581077894,24.4723626772784],[39.6986139032408,24.4723679732483],[39.6982858503846,24.4723901169889]]]}},{"type":"Feature","properties":{"code":"C05-3","name":"C05-3","land_use":"High Density Mixed-Use","sector":"Central","gfa":83931.2,"area":15109.62,"floors":26,"height":129.5,"coverage":0.8,"far":5.56,"style":"PolyStyle04"},"geometry":{"type":"Polygon","coordinates":[[[39.6746605775383,24.4712445834022],[39.6745340154549,24.4725690812775],[39.6734843047896,24.4724847489132],[39.673439439557,24.4724358139952],[39.6735257609338,24.4715292920949],[39.6735411829284,24.4715264931912],[39.673564195722,24.47152177381],[39.6736386985832,24.4715018708164],[39.6737107050297,24.4714753659608],[39.6737795185875,24.4714425156092],[39.6738444736669,24.4714036375035],[39.6739049420006,24.4713591076885],[39.6739603387207,24.4713093568736],[39.674010128016,24.4712548662674],[39.6740538283138,24.4711961629229],[39.674300593351,24.4712158927639],[39.6745063903692,24.4712323171715],[39.6746139493627,24.4712409008754],[39.6746605775383,24.4712445834022]]]}},{"type":"Feature","properties":{"code":"E03-11","name":"E03-11","land_use":"High Density Mixed-Use","sector":"East","gfa":28801,"area":11080.07,"floors":14,"height":65,"coverage":0.74,"far":2.6,"style":"PolyStyle04"},"geometry":{"type":"Polygon","coordinates":[[[39.6937470463499,24.4714019944821],[39.6937200430538,24.4724832831323],[39.6928329566717,24.4724126343805],[39.6927849514322,24.4723635752326],[39.6928098918483,24.471382050286],[39.6937470463499,24.4714019944821]]]}},{"type":"Feature","properties":{"code":"E03-12","name":"E03-12","land_use":"High Density Mixed-Use","sector":"East","gfa":69615.6,"area":23040.14,"floors":14,"height":65,"coverage":0.87,"far":3.02,"style":"PolyStyle04"},"geometry":{"type":"Polygon","coordinates":[[[39.6948797146956,24.4719776711458],[39.6940872952555,24.4725125758352],[39.6937200430538,24.4724832831323],[39.6937470463499,24.4714019944821],[39.6928098918483,24.471382050286],[39.6928267757462,24.4707175749959],[39.6934987652899,24.4702639666474],[39.6941801982581,24.4711096050873],[39.6948797146956,24.4719776711458]]]}},{"type":"Feature","properties":{"code":"C05-4","name":"C05-4","land_use":"High Density Mixed-Use","sector":"Central","gfa":44527.3,"area":13325.46,"floors":19,"height":80,"coverage":0.76,"far":3.34,"style":"PolyStyle04"},"geometry":{"type":"Polygon","coordinates":[[[39.6754722159079,24.4725991199766],[39.6754187753678,24.4726401568996],[39.6745340154549,24.4725690812775],[39.6746605775383,24.4712445834022],[39.6752995871827,24.4712955747996],[39.6752813003872,24.4714868069897],[39.6755269294059,24.4715065389874],[39.6755717862006,24.4715554715147],[39.6754722159079,24.4725991199766]]]}},{"type":"Feature","properties":{"code":"C32-1","name":"C32-1","land_use":"High Density Mixed-Use","sector":"Central","gfa":67473.8,"area":16041.76,"floors":19,"height":80,"coverage":0.79,"far":4.21,"style":"PolyStyle04"},"geometry":{"type":"Polygon","coordinates":[[[39.6770917897469,24.4714385733013],[39.6769646706416,24.4727643305921],[39.6761855892442,24.4727017529737],[39.6759397534783,24.472682005857],[39.6758948961337,24.4726330734579],[39.6760082782048,24.4714428236194],[39.6761151515842,24.4713606816486],[39.6763073642527,24.4713759875922],[39.6770917897469,24.4714385733013]]]}},{"type":"Feature","properties":{"code":"E01-5","name":"E01-5","land_use":"Commercial","sector":"East","gfa":2500,"area":3385.86,"floors":2,"height":20,"coverage":0.78,"far":0.74,"style":"PolyStyle05"},"geometry":{"type":"Polygon","coordinates":[[[39.6955326503734,24.4724684023653],[39.6952083032384,24.4726873475586],[39.6947605708145,24.4726514392299],[39.6946324547951,24.4724924561832],[39.6952280479044,24.4720904123062],[39.6953803489098,24.4722794074199],[39.6955326503734,24.4724684023653]]]}},{"type":"Feature","properties":{"code":"C32-2","name":"C32-2","land_use":"High Density Mixed-Use","sector":"Central","gfa":67686.3,"area":16092.28,"floors":19,"height":80,"coverage":0.79,"far":4.21,"style":"PolyStyle04"},"geometry":{"type":"Polygon","coordinates":[[[39.6780439083154,24.4728056806403],[39.6779904478158,24.4728467167423],[39.677614386741,24.4728165140093],[39.6769646706416,24.4727643305921],[39.6770917998945,24.4714386256374],[39.6781175671071,24.4715204132949],[39.6781624069675,24.4715693153083],[39.6780439083154,24.4728056806403]]]}},{"type":"Feature","properties":{"code":"E01-3","name":"E01-3","land_use":"High Density Mixed-Use","sector":"East","gfa":59741.2,"area":15644.13,"floors":22,"height":88.5,"coverage":0.78,"far":3.82,"style":"PolyStyle04"},"geometry":{"type":"Polygon","coordinates":[[[39.6972183295943,24.4721191124568],[39.6972769325949,24.4728532327664],[39.6960058530381,24.4727513069781],[39.6959085978462,24.4726306227656],[39.6953868713694,24.4719832008253],[39.6960839233646,24.4715126603447],[39.6966056513437,24.472160080785],[39.6972183295943,24.4721191124568]]]}},{"type":"Feature","properties":{"code":"C09-1","name":"C09-1","land_use":"High Density Mixed-Use","sector":"Central","gfa":74872.6,"area":15510.12,"floors":19,"height":80,"coverage":0.78,"far":4.76,"style":"PolyStyle04"},"geometry":{"type":"Polygon","coordinates":[[[39.6793596486372,24.4716195579155],[39.6792324705409,24.4729464621104],[39.6790432170839,24.4729312640479],[39.678246022817,24.4728672422587],[39.6782011852624,24.4728183122795],[39.6783196980311,24.4715819205984],[39.6783731607172,24.4715408581836],[39.6793596486372,24.4716195579155]]]}},{"type":"Feature","properties":{"code":"C09-2","name":"C09-2","land_use":"High Density Mixed-Use","sector":"Central","gfa":73864.3,"area":17386.62,"floors":19,"height":80,"coverage":0.81,"far":4.2,"style":"PolyStyle04"},"geometry":{"type":"Polygon","coordinates":[[[39.68057476695,24.4719663419838],[39.6804720190647,24.4730459979452],[39.6792324705409,24.4729464621104],[39.6793596486372,24.4716195579155],[39.6793596542232,24.4716194955744],[39.6801666635389,24.4716839334627],[39.6801429160682,24.471931665256],[39.68057476695,24.4719663419838]]]}},{"type":"Feature","properties":{"code":"C09-OS1","name":"C09-OS1","land_use":"Open Space","sector":"Central","gfa":0,"area":1440.39,"floors":0,"height":0,"coverage":0,"far":0,"style":"PolyStyle02"},"geometry":{"type":"Polygon","coordinates":[[[39.6806927874341,24.4719758179969],[39.680589977371,24.4730554688812],[39.6804720190647,24.4730459979452],[39.68057476695,24.4719663419838],[39.6806927874341,24.4719758179969]]]}},{"type":"Feature","properties":{"code":"E01-OS1","name":"E01-OS1","land_use":"Open Space","sector":"East","gfa":200,"area":9256.63,"floors":2,"height":20,"coverage":0,"far":0.02,"style":"PolyStyle02"},"geometry":{"type":"Polygon","coordinates":[[[39.6972769325949,24.4728532327664],[39.6972925576167,24.4730491151611],[39.695866386738,24.4729353674983],[39.6942881905108,24.4728097071534],[39.6946324547951,24.4724924561832],[39.6947605708145,24.4726514392299],[39.6952083032384,24.4726873475586],[39.6955326503734,24.4724684023653],[39.6953803489098,24.4722794074199],[39.6952280479044,24.4720904123062],[39.6953868713694,24.4719832008253],[39.6959085978462,24.4726306227656],[39.6960058530381,24.4727513069781],[39.6972769325949,24.4728532327664]]]}},{"type":"Feature","properties":{"code":"C09-3","name":"C09-3","land_use":"High Density Mixed-Use","sector":"Central","gfa":86209.1,"area":20238.99,"floors":19,"height":80,"coverage":0.82,"far":4.21,"style":"PolyStyle04"},"geometry":{"type":"Polygon","coordinates":[[[39.6821450810228,24.4718416080412],[39.6820186761463,24.4731701795344],[39.6805900198205,24.4730554723025],[39.6806927874341,24.4719758179969],[39.6811258923093,24.4720105940648],[39.6811495359526,24.4717622611357],[39.6821450810228,24.4718416080412]]]}},{"type":"Feature","properties":{"code":"C09-4","name":"C09-4","land_use":"High Density Mixed-Use","sector":"Central","gfa":90664.7,"area":21443.82,"floors":26,"height":129.5,"coverage":0.81,"far":4.23,"style":"PolyStyle04"},"geometry":{"type":"Polygon","coordinates":[[[39.6834517227848,24.4732398964354],[39.6833982915524,24.4732809369985],[39.6820186761463,24.4731701795344],[39.6821450810228,24.4718416080412],[39.6835248258081,24.4719517688723],[39.6835696945439,24.4720006745274],[39.6834517227848,24.4732398964354]]]}},{"type":"Feature","properties":{"code":"E16-4","name":"E16-4","land_use":"Medium Density Mixed-Use","sector":"East","gfa":5039.2,"area":4078.49,"floors":2,"height":20,"coverage":0.82,"far":1.24,"style":"PolyStyle03"},"geometry":{"type":"Polygon","coordinates":[[[39.7010281397486,24.4733852331785],[39.7005442458586,24.4734178892601],[39.7005215978235,24.4731367773478],[39.700483839797,24.4726681295688],[39.7009366644248,24.4726375984085],[39.7009744612685,24.4727191661024],[39.7010108864975,24.4731711499698],[39.701027946881,24.4733828362685],[39.7010281397486,24.4733852331785]]]}},{"type":"Feature","properties":{"code":"E16-5","name":"E16-5","land_use":"Utilities","sector":"East","gfa":0,"area":374,"floors":0,"height":0,"coverage":0,"far":0,"style":"PolyStyle039"},"geometry":{"type":"Polygon","coordinates":[[[39.7005441967033,24.4734177440844],[39.7005000778377,24.4734207221232],[39.7004395082865,24.4726709721989],[39.7004838281632,24.4726679887347],[39.700483839797,24.4726681295688],[39.7005215496651,24.4731366339737],[39.7005441967033,24.4734177440844]]]}},{"type":"Feature","properties":{"code":"C30","name":"C30","land_use":"High Density Mixed-Use","sector":"Central","gfa":164736,"area":38729.58,"floors":26,"height":129.5,"coverage":0.8,"far":4.25,"style":"PolyStyle04"},"geometry":{"type":"Polygon","coordinates":[[[39.6864531329753,24.473480808758],[39.6863997046081,24.4735218485468],[39.6839190439295,24.4733225055869],[39.6838744067082,24.4732738265956],[39.6839923642475,24.4720343796194],[39.6840457975702,24.4719933099425],[39.6865263567697,24.4721910992881],[39.6865712267145,24.4722400013137],[39.6864531329753,24.473480808758]]]}},{"type":"Feature","properties":{"code":"E16-2","name":"E16-2","land_use":"Utilities","sector":"East","gfa":10.7,"area":561.11,"floors":0,"height":0,"coverage":0,"far":0.02,"style":"PolyStyle039"},"geometry":{"type":"Polygon","coordinates":[[[39.6988932852294,24.4735268552964],[39.6988488968621,24.4735298286821],[39.6988076650046,24.4730165828318],[39.6987765938369,24.4726298146119],[39.6988617191579,24.4726240915843],[39.6988508088228,24.4724908204326],[39.6988841328,24.4724752607506],[39.6988939841104,24.4724692635726],[39.698909317542,24.472661755868],[39.6988242568049,24.4726673846988],[39.6988932852294,24.4735268552964]]]}},{"type":"Feature","properties":{"code":"E16-3","name":"E16-3","land_use":"Commercial","sector":"East","gfa":21729.8,"area":7243.25,"floors":3,"height":20,"coverage":0,"far":3,"style":"PolyStyle05"},"geometry":{"type":"Polygon","coordinates":[[[39.6988488968621,24.4735298286821],[39.698324517025,24.4735651069698],[39.6982774810728,24.4729792292804],[39.6982270802419,24.4723513968875],[39.6982272466198,24.4723524003976],[39.6982299004323,24.4723599870579],[39.6982338146904,24.4723671000736],[39.6982388986545,24.4723735682694],[39.6982450260824,24.4723792242467],[39.698252043317,24.4723839395679],[39.6982597809235,24.4723875876748],[39.6982680469911,24.4723900818506],[39.6982766359491,24.4723913634387],[39.698285339431,24.4723914035986],[39.6986134400029,24.4723691440381],[39.6986679730907,24.4723619161492],[39.6986885730481,24.4723564238082],[39.6987030876993,24.47235255272],[39.6987208765561,24.4723478103252],[39.6987343536813,24.4723422515689],[39.6987431612483,24.47233862452],[39.6987508818533,24.4723354369016],[39.6987592355299,24.4723319925763],[39.6987711177349,24.4723270932505],[39.6987813356579,24.4723211919224],[39.6987853223003,24.4723188894754],[39.6988055928991,24.4723071833123],[39.6988078660619,24.4723058704892],[39.6988177180765,24.4723001812796],[39.6988267065316,24.472293215427],[39.698827594963,24.4722925628722],[39.6988346721,24.4722873922461],[39.6988507961543,24.4724906705718],[39.6988508088228,24.4724908204326],[39.6988617191579,24.4726240915843],[39.6987765938369,24.4726298146119],[39.6988076650046,24.4730165828318],[39.6988488968621,24.4735298286821]]]}},{"type":"Feature","properties":{"code":"C31-1","name":"C31-1","land_use":"High Density Mixed-Use","sector":"Central","gfa":66458.1,"area":15509.52,"floors":19,"height":80,"coverage":0.78,"far":4.28,"style":"PolyStyle04"},"geometry":{"type":"Polygon","coordinates":[[[39.6877648839086,24.4722898863642],[39.687638273692,24.4736212458392],[39.6866552829288,24.4735423552576],[39.6866104113338,24.4734934243813],[39.6867285134449,24.4722524425007],[39.6867819460034,24.4722113827123],[39.6877648839086,24.4722898863642]]]}},{"type":"Feature","properties":{"code":"C31-2","name":"C31-2","land_use":"High Density Mixed-Use","sector":"Central","gfa":71095.6,"area":14726.65,"floors":19,"height":80,"coverage":0.78,"far":4.83,"style":"PolyStyle04"},"geometry":{"type":"Polygon","coordinates":[[[39.688666255056,24.473658501124],[39.6886159868927,24.4736997015856],[39.687638273692,24.4736212458392],[39.6877648839086,24.4722898863642],[39.6886483442993,24.4723602599499],[39.6886964071735,24.4724093201777],[39.688666255056,24.473658501124]]]}},{"type":"Feature","properties":{"code":"C28-1","name":"C28-1","land_use":"High Density Mixed-Use","sector":"Central","gfa":82564.5,"area":17716.92,"floors":16,"height":67.5,"coverage":0.8,"far":4.66,"style":"PolyStyle04"},"geometry":{"type":"Polygon","coordinates":[[[39.6903463188468,24.4724954786697],[39.6902186630742,24.4738282886785],[39.6891378610289,24.4737415757498],[39.6890898298832,24.4736924884443],[39.6891199765929,24.4724430826377],[39.6891702182721,24.4724018505246],[39.6903463188468,24.4724954786697]]]}},{"type":"Feature","properties":{"code":"C28-2","name":"C28-2","land_use":"High Density Mixed-Use","sector":"Central","gfa":86549,"area":17970.92,"floors":13,"height":57,"coverage":0.84,"far":4.82,"style":"PolyStyle04"},"geometry":{"type":"Polygon","coordinates":[[[39.6911389794233,24.4737208119372],[39.6911217470103,24.4739007444113],[39.6902186630742,24.4738282886785],[39.6903463188468,24.4724954786697],[39.6915836698111,24.4725942062895],[39.6914731977699,24.4737476239865],[39.6911389794233,24.4737208119372]]]}},{"type":"Feature","properties":{"code":"C28-OS1","name":"C28-OS1","land_use":"Open Space","sector":"Central","gfa":100,"area":3140.3,"floors":2,"height":20,"coverage":0,"far":0.03,"style":"PolyStyle02"},"geometry":{"type":"Polygon","coordinates":[[[39.6919253748537,24.4737838973496],[39.6919081435598,24.4739638307903],[39.6914559648487,24.4739275573951],[39.6911217470103,24.4739007444113],[39.6911389794233,24.4737208119372],[39.6914731977699,24.4737476239865],[39.6915836698111,24.4725942062895],[39.6917018787038,24.4726036258522],[39.6915911889193,24.4737570888653],[39.6919253748537,24.4737838973496]]]}},{"type":"Feature","properties":{"code":"C28-3","name":"C28-3","land_use":"High Density Mixed-Use","sector":"Central","gfa":79399,"area":16484.12,"floors":13,"height":57,"coverage":0.83,"far":4.82,"style":"PolyStyle04"},"geometry":{"type":"Polygon","coordinates":[[[39.6928394619574,24.4726941487256],[39.6927125524515,24.4740283576789],[39.692594592574,24.4740188953451],[39.6919081435598,24.4739638307903],[39.6919253748537,24.4737838973496],[39.6915911889193,24.4737570888653],[39.6917018787038,24.4726036258522],[39.6928394619574,24.4726941487256]]]}},{"type":"Feature","properties":{"code":"N31-4","name":"N31-4","land_use":"High Density Mixed-Use","sector":"North","gfa":98835.4,"area":23553.32,"floors":23,"height":128,"coverage":0.95,"far":4.2,"style":"PolyStyle04"},"geometry":{"type":"Polygon","coordinates":[[[39.6649470567267,24.4741542682109],[39.6644385960914,24.4741888126382],[39.6645600825806,24.4729231288874],[39.6645617301306,24.4729059567046],[39.6645838036635,24.4726759907172],[39.6657343677201,24.4727684915634],[39.666050242593,24.4727938883221],[39.6659180645617,24.4741647962262],[39.6658515966704,24.4741595059734],[39.6656709496862,24.4741478030579],[39.6654899848986,24.4741414239807],[39.6653088895606,24.4741403753428],[39.6651278510602,24.47414465823],[39.6649470567267,24.4741542682109]]]}},{"type":"Feature","properties":{"code":"C28-4","name":"C28-4","land_use":"High Density Mixed-Use","sector":"Central","gfa":73464.1,"area":16627.14,"floors":13,"height":57,"coverage":0.79,"far":4.42,"style":"PolyStyle04"},"geometry":{"type":"Polygon","coordinates":[[[39.6938229081726,24.4740720901037],[39.693769476104,24.4741131333781],[39.6927125524515,24.4740283576789],[39.6928394619574,24.4726941487256],[39.6938473783636,24.4727745744326],[39.6939371164457,24.4728723893681],[39.6938229081726,24.4740720901037]]]}},{"type":"Feature","properties":{"code":"N31-3","name":"N31-3","land_use":"High Density Mixed-Use","sector":"North","gfa":98832.6,"area":22839.55,"floors":23,"height":128,"coverage":0.95,"far":4.33,"style":"PolyStyle04"},"geometry":{"type":"Polygon","coordinates":[[[39.6675231993594,24.4729122964731],[39.6673930419551,24.474282191265],[39.6659180645617,24.4741647962262],[39.666050242593,24.4727938883221],[39.6675231993594,24.4729122964731]]]}},{"type":"Feature","properties":{"code":"E01-1","name":"E01-1","land_use":"High Density Mixed-Use","sector":"East","gfa":139883,"area":24077.45,"floors":16,"height":67.5,"coverage":0.88,"far":5.81,"style":"PolyStyle04"},"geometry":{"type":"Polygon","coordinates":[[[39.6958663802181,24.4729354379724],[39.6957385145541,24.474271049505],[39.6941921649673,24.474147037254],[39.6941472972094,24.4740981095608],[39.6942665929145,24.4728449317756],[39.6942881905108,24.4728097071534],[39.6947420782721,24.4728458694471],[39.6958663802181,24.4729354379724]]]}},{"type":"Feature","properties":{"code":"N31-2","name":"N31-2","land_use":"High Density Mixed-Use","sector":"North","gfa":98793.6,"area":22828.81,"floors":23,"height":128,"coverage":0.95,"far":4.33,"style":"PolyStyle04"},"geometry":{"type":"Polygon","coordinates":[[[39.6689976669392,24.4730308099647],[39.6688676357188,24.4743995401372],[39.6673930419551,24.474282191265],[39.6675231993594,24.4729122964731],[39.6689976669392,24.4730308099647]]]}},{"type":"Feature","properties":{"code":"N31-1","name":"N31-1","land_use":"High Density Mixed-Use","sector":"North","gfa":93962.8,"area":22686.5,"floors":23,"height":128,"coverage":0.92,"far":4.14,"style":"PolyStyle04"},"geometry":{"type":"Polygon","coordinates":[[[39.6702985739237,24.4744692465086],[39.6702341590647,24.4745082765909],[39.6701946621602,24.4745051336737],[39.6688676357188,24.4743995401372],[39.6689976669392,24.4730308099647],[39.6703764205475,24.4731416163236],[39.670423107917,24.4731453685229],[39.6704679416567,24.473194300875],[39.6704637699841,24.4732377844081],[39.6703863776916,24.4740555893466],[39.6703749770582,24.4741504746497],[39.6703587942604,24.4742447759132],[39.6703378639138,24.4743382913597],[39.670312230793,24.4744308208925],[39.6703091116629,24.4744395960096],[39.6702985739237,24.4744692465086]]]}},{"type":"Feature","properties":{"code":"C36-3","name":"C36-3","land_use":"Hospitality","sector":"Central","gfa":34033.1,"area":8300.44,"floors":22,"height":94.37,"coverage":0,"far":4.1,"style":"PolyStyle074"},"geometry":{"type":"Polygon","coordinates":[[[39.6752951350244,24.4744227579482],[39.6752824490629,24.4744904745116],[39.6745150612459,24.4744292541178],[39.674606000011,24.4734814599112],[39.6752942434054,24.4735365347334],[39.6753094189814,24.4735391116893],[39.675323887099,24.4735440318221],[39.6753372192829,24.4735511494214],[39.6753490206984,24.4735602536984],[39.6753589418445,24.4735710750288],[39.6753666889048,24.4735832929373],[39.6753720324479,24.4735965455885],[39.6753748142234,24.4736104405032],[39.6753749518475,24.4736245661808],[39.6753087553052,24.4743189480906],[39.6752951350244,24.4744227579482]]]}},{"type":"Feature","properties":{"code":"E01-2","name":"E01-2","land_use":"High Density Mixed-Use","sector":"East","gfa":129818.5,"area":23315.36,"floors":21,"height":90,"coverage":0.87,"far":5.57,"style":"PolyStyle04"},"geometry":{"type":"Polygon","coordinates":[[[39.6973971627348,24.4743593047043],[39.6973516075089,24.4744003995711],[39.6957385145541,24.474271049505],[39.6958663802181,24.4729354379724],[39.695866386738,24.4729353674983],[39.6972925576167,24.4730491151611],[39.6973971627348,24.4743593047043]]]}},{"type":"Feature","properties":{"code":"E16-1","name":"E16-1","land_use":"Train station and reservation","sector":"East","gfa":0,"area":96397.29,"floors":0,"height":0,"coverage":0,"far":0,"style":"PolyStyle0265"},"geometry":{"type":"Polygon","coordinates":[[[39.7010592028216,24.4737690764805],[39.6985378820876,24.4744390776884],[39.698508144464,24.4744215517808],[39.6984639417105,24.4743891965365],[39.6984235812723,24.4743528660113],[39.6983874955573,24.4743129537796],[39.698324517025,24.4735651069698],[39.6988513489054,24.473529812826],[39.6988932852294,24.4735268552964],[39.6988242568049,24.4726673846988],[39.698909317542,24.472661755868],[39.6988939841104,24.4724692635726],[39.698929498219,24.4724500854754],[39.6989626681972,24.472427665232],[39.698993142054,24.472402240761],[39.6990384501538,24.472358612376],[39.6990781965568,24.4723106475978],[39.6991118891853,24.472258939353],[39.6991390994343,24.4722041380747],[39.6991595014216,24.4721469117827],[39.6991728463818,24.4720879552332],[39.6991789589187,24.4720280260609],[39.6991777739115,24.4719678380391],[39.6990969884178,24.4709652316904],[39.6990162063891,24.4699626251287],[39.6989354258518,24.4689600183631],[39.6988546448322,24.4679574114027],[39.6987738672772,24.4669548042292],[39.6987114410041,24.4661799769165],[39.6988748447201,24.4666838520005],[39.6990212010161,24.4671351532819],[39.6991358738471,24.4674887523503],[39.699353745362,24.468168358468],[39.6995897747163,24.4689285782743],[39.6997515589681,24.4694496551691],[39.700017236547,24.4698257446435],[39.7002556634288,24.4700975979699],[39.7003556902673,24.4710062288785],[39.7004674564566,24.4716247709648],[39.7006152700183,24.4719437551768],[39.7008266352823,24.4723998771068],[39.7009367916693,24.4726375896902],[39.7009366644248,24.4726375984085],[39.7004838281632,24.4726679887347],[39.7004395082865,24.4726709721989],[39.7004772661653,24.4731396227018],[39.700499913106,24.4734207328212],[39.7005000778377,24.4734207221232],[39.7005000895066,24.4734208692789],[39.7005442458586,24.4734178892601],[39.7010281397486,24.4733852331785],[39.7010282669938,24.47338522446],[39.7010592028216,24.4737690764805]]]}},{"type":"Feature","properties":{"code":"N31-5","name":"N31-5","land_use":"High Density Mixed-Use","sector":"North","gfa":133568.1,"area":41844.03,"floors":35,"height":188.04,"coverage":0.93,"far":3.19,"style":"PolyStyle04"},"geometry":{"type":"Polygon","coordinates":[[[39.6629065513728,24.4747903790426],[39.6628889607292,24.4748054202175],[39.6628171408632,24.4748051437263],[39.6627898294968,24.4747813928315],[39.6622626560133,24.4743229422962],[39.6619390547696,24.4740410113893],[39.661935526905,24.4739762686147],[39.6623170857926,24.4735710272964],[39.6625937873102,24.4732775279712],[39.6625964251091,24.4732747284339],[39.6627609128594,24.4731002344089],[39.6627622867272,24.4730987797582],[39.6628368358473,24.4730196887565],[39.6632056393579,24.472628088823],[39.6632285196275,24.4726037970894],[39.6633098486904,24.472573559064],[39.6645838036635,24.4726759907172],[39.6645617301306,24.4729059567046],[39.6645600825806,24.4729231288874],[39.6644385960914,24.4741888126382],[39.6642855641312,24.4741992095042],[39.6641661766176,24.474210428325],[39.6640476707508,24.4742277935441],[39.6639304239856,24.4742512498519],[39.6638148097673,24.4742807225375],[39.6637011963418,24.4743161177274],[39.6635899455833,24.4743573226838],[39.6634814118416,24.4744042061644],[39.6633759408135,24.4744566188395],[39.6632738684421,24.4745143937683],[39.6631755198464,24.4745773469299],[39.6630812082863,24.4746452778102],[39.6629912341646,24.4747179700395],[39.6629065513728,24.4747903790426]]]}},{"type":"Feature","properties":{"code":"C36-2","name":"C36-2","land_use":"Commercial","sector":"Central","gfa":119708.2,"area":57003.41,"floors":4,"height":40,"coverage":0,"far":2.1,"style":"PolyStyle05"},"geometry":{"type":"Polygon","coordinates":[[[39.6745150612459,24.4744292541178],[39.6744749370824,24.4748474583048],[39.6729285930505,24.4747236797142],[39.6708480192509,24.4745571122685],[39.6708477289993,24.4745570864632],[39.670829089011,24.4745540755564],[39.6708112788905,24.4745482101399],[39.670794816444,24.4745396607431],[39.6707801802952,24.4745286759285],[39.6707677959705,24.4745155750652],[39.6707580235273,24.4745007390437],[39.6707511470853,24.4744845992014],[39.6707473665668,24.4744676247828],[39.670746791884,24.4744503092962],[39.6707494397438,24.4744331561658],[39.6707495199459,24.4744328351981],[39.6708091448803,24.4740890354973],[39.6708284879121,24.4738846305391],[39.670885478772,24.4732822469762],[39.6712344366006,24.4733102883878],[39.6712438012078,24.4732113168411],[39.674606000011,24.4734814599112],[39.6745150612459,24.4744292541178]]]}},{"type":"Feature","properties":{"code":"C36-4","name":"C36-4","land_use":"Medium Density Residential","sector":"Central","gfa":21676,"area":3440.37,"floors":22,"height":94.37,"coverage":0,"far":6.3,"style":"PolyStyle0113"},"geometry":{"type":"Polygon","coordinates":[[[39.675169362749,24.4748538001075],[39.6751579889611,24.4748659857691],[39.6751446366646,24.4748763545978],[39.6751296479096,24.4748846409715],[39.6751134066682,24.4748906326154],[39.675096328998,24.4748941760391],[39.6750788523838,24.4748951804695],[39.6750759369597,24.4748950950536],[39.6750701217353,24.4748947083034],[39.6744749370824,24.4748474583048],[39.6745150612459,24.4744292541178],[39.6752824490629,24.4744904745116],[39.6752506584127,24.4746278220561],[39.675220145763,24.474728578947],[39.6751841383594,24.4748278033865],[39.6751796586362,24.4748378519962],[39.6751740168188,24.4748473977877],[39.6751710424263,24.4748516115407],[39.675169362749,24.4748538001075]]]}},{"type":"Feature","properties":{"code":"C01-1","name":"C01-1","land_use":"High Density Mixed-Use","sector":"Central","gfa":71922.1,"area":16731.64,"floors":19,"height":70,"coverage":0.79,"far":4.3,"style":"PolyStyle04"},"geometry":{"type":"Polygon","coordinates":[[[39.6768784067164,24.4736639952677],[39.6767475796514,24.4750283811329],[39.6757345115096,24.4749475692058],[39.6756417745924,24.4749374696552],[39.6756078424629,24.4748891331804],[39.6756330068177,24.4748172813575],[39.675666808543,24.474701228134],[39.6756943602977,24.4745837992285],[39.6757155959919,24.4744652763992],[39.6757304646909,24.4743459440281],[39.6757919265211,24.4737159131774],[39.6758010869182,24.4736227910044],[39.6758546610167,24.4735817659928],[39.6760999190349,24.4736014661286],[39.6768784067164,24.4736639952677]]]}},{"type":"Feature","properties":{"code":"C02-OS1","name":"C02-OS1","land_use":"Open Space","sector":"Central","gfa":145.7,"area":1457.18,"floors":2,"height":20,"coverage":0,"far":0.1,"style":"PolyStyle02"},"geometry":{"type":"Polygon","coordinates":[[[39.6805043541594,24.4739551855493],[39.6804003799592,24.4750477019006],[39.6802824142411,24.4750382977162],[39.6803863969862,24.4739457136538],[39.6805043541594,24.4739551855493]]]}},{"type":"Feature","properties":{"code":"C01-2","name":"C01-2","land_use":"High Density Mixed-Use","sector":"Central","gfa":71543.4,"area":16562.79,"floors":19,"height":70,"coverage":0.79,"far":4.32,"style":"PolyStyle04"},"geometry":{"type":"Polygon","coordinates":[[[39.6778277880592,24.4750692123452],[39.6777743533528,24.475110278064],[39.6767475796514,24.4750283811329],[39.6768784067164,24.4736639952677],[39.6779042197915,24.4737463853204],[39.677949083237,24.4737953170682],[39.6778277880592,24.4750692123452]]]}},{"type":"Feature","properties":{"code":"N25-4","name":"N25-4","land_use":"Community Facilities","sector":"North","gfa":3100,"area":6577.41,"floors":2,"height":20,"coverage":0.88,"far":0.47,"style":"PolyStyle027"},"geometry":{"type":"Polygon","coordinates":[[[39.6663187069155,24.4747263424757],[39.6658134647554,24.475187152127],[39.6654921711528,24.4748830171669],[39.6654921298986,24.4748830534739],[39.6651462138756,24.47455568834],[39.6651307132145,24.4745372027426],[39.6651184085363,24.4745168028787],[39.6651095767701,24.4744949478703],[39.6651044166829,24.4744721295887],[39.6651030444061,24.4744488615845],[39.6651054908222,24.4744256675298],[39.6652854603783,24.4744193474393],[39.6654655623571,24.4744193678324],[39.6656455301882,24.4744257286783],[39.6658250974994,24.4744384205618],[39.6665693731754,24.4744976981808],[39.6663187069155,24.4747263424757]]]}},{"type":"Feature","properties":{"code":"C02-1","name":"C02-1","land_use":"High Density Mixed-Use","sector":"Central","gfa":69740.6,"area":15934.41,"floors":19,"height":70,"coverage":0.79,"far":4.38,"style":"PolyStyle04"},"geometry":{"type":"Polygon","coordinates":[[[39.6791462503176,24.4738461293928],[39.6790156096656,24.4752092696124],[39.6788731254977,24.4751979090491],[39.6780299449821,24.4751306628984],[39.6779850762257,24.4750817574066],[39.6781063633829,24.4738079487691],[39.6781597956162,24.4737669109454],[39.6791462503176,24.4738461293928]]]}},{"type":"Feature","properties":{"code":"N25-3","name":"N25-3","land_use":"Commercial","sector":"North","gfa":4700,"area":6554.69,"floors":2,"height":20,"coverage":0.9,"far":0.72,"style":"PolyStyle05"},"geometry":{"type":"Polygon","coordinates":[[[39.6673788575116,24.4749090455838],[39.6669447116848,24.4753012618173],[39.6663187069155,24.4747263424757],[39.6665693731754,24.4744976981808],[39.6675244369497,24.4745736792362],[39.6675393860428,24.4745759658731],[39.6675537576758,24.4745803716922],[39.6675671955652,24.47458678747],[39.6675793665749,24.4745950541545],[39.6675899689761,24.474604966808],[39.6675987399265,24.4746162796882],[39.667605461987,24.4746287123399],[39.6676099685117,24.4746419565479],[39.6676069012019,24.4746674096785],[39.6675991537131,24.47469201587],[39.667586951292,24.4747150597244],[39.6675706487085,24.4747358712668],[39.6675507199409,24.4747538454241],[39.6673788832912,24.4749090689514],[39.6673788575116,24.4749090455838]]]}},{"type":"Feature","properties":{"code":"N25-OS3","name":"N25-OS3","land_use":"Open Space","sector":"North","gfa":15,"area":915.92,"floors":2,"height":20,"coverage":0,"far":0.02,"style":"PolyStyle02"},"geometry":{"type":"Polygon","coordinates":[[[39.6658134647554,24.475187152127],[39.6656771855058,24.4753114419388],[39.6653538698045,24.475005398248],[39.6654921298986,24.4748830534739],[39.6658134647554,24.475187152127]]]}},{"type":"Feature","properties":{"code":"C02-2","name":"C02-2","land_use":"High Density Mixed-Use","sector":"Central","gfa":74942.1,"area":17784.71,"floors":19,"height":70,"coverage":0.81,"far":4.21,"style":"PolyStyle04"},"geometry":{"type":"Polygon","coordinates":[[[39.6798284650485,24.4752287392309],[39.6797750309485,24.4752698065468],[39.6790156096656,24.4752092696124],[39.6791462503176,24.4738461293928],[39.6803863969862,24.4739457136538],[39.6802824142411,24.4750382977162],[39.6798498711166,24.4750038176346],[39.6798284650485,24.4752287392309]]]}},{"type":"Feature","properties":{"code":"C06-1","name":"C06-1","land_use":"Hospitality","sector":"Central","gfa":14190.9,"area":2896.45,"floors":17,"height":65,"coverage":0.9,"far":4.9,"style":"PolyStyle074"},"geometry":{"type":"Polygon","coordinates":[[[39.6895166445933,24.4746785531599],[39.6894936426126,24.4752603582375],[39.6891010147499,24.4752288609292],[39.6890529830384,24.4751797736337],[39.6890651771441,24.4746875640439],[39.689115451442,24.4746463597933],[39.6895166445933,24.4746785531599]]]}},{"type":"Feature","properties":{"code":"C06-2","name":"C06-2","land_use":"Hospitality","sector":"Central","gfa":13396.5,"area":2909.37,"floors":17,"height":73,"coverage":0.92,"far":4.6,"style":"PolyStyle074"},"geometry":{"type":"Polygon","coordinates":[[[39.6899638115091,24.4747144271205],[39.6899349386006,24.4752957587016],[39.6894936426126,24.4752603582375],[39.6895166445933,24.4746785531599],[39.6899638115091,24.4747144271205]]]}},{"type":"Feature","properties":{"code":"C06-3","name":"C06-3","land_use":"Hospitality","sector":"Central","gfa":13415.1,"area":2909.34,"floors":17,"height":73,"coverage":0.92,"far":4.61,"style":"PolyStyle074"},"geometry":{"type":"Polygon","coordinates":[[[39.6904109786682,24.4747503042675],[39.6903762328281,24.47533115788],[39.6899349386006,24.4752957587016],[39.6899638115091,24.4747144271205],[39.6904109786682,24.4747503042675]]]}},{"type":"Feature","properties":{"code":"C06-4","name":"C06-4","land_use":"Hospitality","sector":"Central","gfa":13376.9,"area":2909.3,"floors":17,"height":73,"coverage":0.9,"far":4.6,"style":"PolyStyle074"},"geometry":{"type":"Polygon","coordinates":[[[39.6908581450594,24.4747861800898],[39.6908175252901,24.4753665548699],[39.6903762328281,24.47533115788],[39.6904109786682,24.4747503042675],[39.6908581450594,24.4747861800898]]]}},{"type":"Feature","properties":{"code":"N25-OS2","name":"N25-OS2","land_use":"Open Space","sector":"North","gfa":300,"area":1854.94,"floors":2,"height":20,"coverage":0,"far":0.16,"style":"PolyStyle02"},"geometry":{"type":"Polygon","coordinates":[[[39.6675880009738,24.4751009286222],[39.66715365492,24.475493158975],[39.6669447116848,24.4753012618173],[39.6673788832912,24.4749090689514],[39.6675880009738,24.4751009286222]]]}},{"type":"Feature","properties":{"code":"C02-3","name":"C02-3","land_use":"High Density Mixed-Use","sector":"Central","gfa":83664.6,"area":20669.84,"floors":19,"height":70,"coverage":0.82,"far":4.05,"style":"PolyStyle04"},"geometry":{"type":"Polygon","coordinates":[[[39.6819330502232,24.4740698959328],[39.6818034978862,24.4754314941612],[39.6808563918705,24.4753560039977],[39.680811519011,24.4753071011918],[39.6808329243345,24.4750821812981],[39.6804003799592,24.4750477019006],[39.6805043541594,24.4739551855493],[39.6819330502232,24.4740698959328]]]}},{"type":"Feature","properties":{"code":"C06-5","name":"C06-5","land_use":"Hospitality","sector":"Central","gfa":13386.2,"area":2989.19,"floors":17,"height":73,"coverage":0.9,"far":4.48,"style":"PolyStyle074"},"geometry":{"type":"Polygon","coordinates":[[[39.6912746452037,24.4753578921636],[39.6912211860873,24.4753989328714],[39.6908175252901,24.4753665548699],[39.6908581450594,24.4747861800898],[39.6912770298683,24.4748197825533],[39.691321497964,24.4748686786191],[39.6912746452037,24.4753578921636]]]}},{"type":"Feature","properties":{"code":"C02-4","name":"C02-4","land_use":"High Density Mixed-Use","sector":"Central","gfa":96760.6,"area":20851.78,"floors":26,"height":124.5,"coverage":0.81,"far":4.64,"style":"PolyStyle04"},"geometry":{"type":"Polygon","coordinates":[[[39.682985950838,24.4751676501121],[39.6829521389241,24.4755230382892],[39.6818034978862,24.4754314941612],[39.6819330502232,24.4740698959328],[39.6833143516509,24.4741807827446],[39.6833576277408,24.4742279110532],[39.6832661346193,24.4751899776582],[39.682985950838,24.4751676501121]]]}},{"type":"Feature","properties":{"code":"C02-OS2","name":"C02-OS2","land_use":"Open Space","sector":"Central","gfa":200,"area":1113.27,"floors":2,"height":20,"coverage":0,"far":0.18,"style":"PolyStyle02"},"geometry":{"type":"Polygon","coordinates":[[[39.6832365892894,24.475500380654],[39.683183154236,24.4755414482579],[39.6829521389241,24.4755230382892],[39.682985950838,24.4751676501121],[39.6832661346193,24.4751899776582],[39.6832365892894,24.475500380654]]]}},{"type":"Feature","properties":{"code":"N27-535","name":"N27-535","land_use":"Low/Med Density Residential","sector":"North","gfa":6627.8,"area":4418.53,"floors":3,"height":12,"coverage":0,"far":1.5,"style":"PolyStyle0286"},"geometry":{"type":"Polygon","coordinates":[[[39.6607121011109,24.4756918810658],[39.66070627376,24.4756952210443],[39.6606944883717,24.4756780010687],[39.6604877809049,24.4755150846402],[39.6614371256965,24.4745060143013],[39.6616389217309,24.4746650223385],[39.661642044336,24.4747032319498],[39.6607121011109,24.4756918810658]]]}},{"type":"Feature","properties":{"code":"C03-OS1","name":"C03-OS1","land_use":"Open Space","sector":"Central","gfa":200,"area":1113.21,"floors":2,"height":20,"coverage":0,"far":0.18,"style":"PolyStyle02"},"geometry":{"type":"Polygon","coordinates":[[[39.683969007682,24.4752459851663],[39.6839351807477,24.4756013717737],[39.6837041751194,24.4755829638183],[39.6836593040591,24.4755340618721],[39.6836888444184,24.4752236606417],[39.683969007682,24.4752459851663]]]}},{"type":"Feature","properties":{"code":"C08","name":"C08","land_use":"Offices","sector":"Central","gfa":9958.4,"area":5532.4,"floors":4,"height":21,"coverage":0.85,"far":1.8,"style":"PolyStyle0288"},"geometry":{"type":"Polygon","coordinates":[[[39.6940090882248,24.475629958426],[39.6939861621344,24.4756360776604],[39.6940332579509,24.4751409035169],[39.6940334430722,24.4751392120098],[39.6940338757123,24.4751360508786],[39.6940343354134,24.4751333258343],[39.6940348453044,24.4751307558975],[39.6940352055628,24.4751291511894],[39.6940356620744,24.4751272841319],[39.6940362683534,24.4751250163005],[39.694036941742,24.4751227499671],[39.6940375238149,24.4751209265862],[39.6940380793628,24.4751193047247],[39.6940386625896,24.4751176917674],[39.6940392764604,24.4751160886038],[39.6940399219571,24.4751144943262],[39.6940406828813,24.4751127152802],[39.6940416607964,24.4751105577297],[39.6940425057785,24.4751088117133],[39.6940435825777,24.47510669164],[39.6940445047005,24.4751049768788],[39.6940456794316,24.4751029006089],[39.6940465672491,24.4751014081749],[39.694047483762,24.4750999300591],[39.6940484260148,24.4750984671783],[39.6940515473492,24.4750939922885],[39.694053541135,24.4750913803137],[39.6940552926852,24.4750892219189],[39.6940563398354,24.4750879933696],[39.694058601474,24.4750854605427],[39.6940623949962,24.4750815596644],[39.6940678287746,24.4750766189755],[39.694070246362,24.475074632728],[39.6940725446688,24.4750728484262],[39.6940743225627,24.4750715352385],[39.6940760358653,24.4750703198855],[39.6940776776493,24.4750691987863],[39.6940791869437,24.4750682101525],[39.6940816366099,24.4750666753219],[39.694083168024,24.4750657615461],[39.6940845746841,24.4750649513],[39.6940861959726,24.4750640515614],[39.6940882011866,24.4750629838835],[39.6940900285793,24.4750620597168],[39.6940934054289,24.4750604528922],[39.6940985808693,24.4750582480624],[39.694100291272,24.4750575836309],[39.6941047901623,24.4750559888112],[39.6941064252976,24.4750554547759],[39.6941081226632,24.4750549321953],[39.6941098930986,24.4750544183104],[39.6941143568592,24.4750532553473],[39.6941206866497,24.4750519158299],[39.694133552298,24.4750502852833],[39.6941420242447,24.4750499971004],[39.6941516296282,24.4750503593813],[39.6957309772885,24.4751770214068],[39.6948434387308,24.475410464874],[39.6946045207931,24.475391275503],[39.6945964567742,24.475475426352],[39.6940091096612,24.4756299086555],[39.6940090882248,24.475629958426]]]}},{"type":"Feature","properties":{"code":"C03-1","name":"C03-1","land_use":"High Density Mixed-Use","sector":"Central","gfa":99792.5,"area":22646.62,"floors":26,"height":104.5,"coverage":0.82,"far":4.41,"style":"PolyStyle04"},"geometry":{"type":"Polygon","coordinates":[[[39.6853311360528,24.4743426729532],[39.68520180976,24.4757022954389],[39.6839351807477,24.4756013717737],[39.683969007682,24.4752459851663],[39.6836888444184,24.4752236606417],[39.6837802213656,24.4742635144206],[39.6838336528771,24.4742224737214],[39.6853311360528,24.4743426729532]]]}},{"type":"Feature","properties":{"code":"N27-541","name":"N27-541","land_use":"Low/Med Density Residential","sector":"North","gfa":7902.5,"area":5268.32,"floors":3,"height":12,"coverage":0,"far":1.5,"style":"PolyStyle0286"},"geometry":{"type":"Polygon","coordinates":[[[39.6625008457166,24.4755017134964],[39.6621610065934,24.4758290804672],[39.6614361585541,24.4751987935562],[39.6614340146868,24.4751596006621],[39.6617177234211,24.4748580795113],[39.661758502555,24.4748562120633],[39.6625008457166,24.4755017134964]]]}},{"type":"Feature","properties":{"code":"C03-2","name":"C03-2","land_use":"High Density Mixed-Use","sector":"Central","gfa":69314.6,"area":15838.77,"floors":19,"height":80,"coverage":0.79,"far":4.38,"style":"PolyStyle04"},"geometry":{"type":"Polygon","coordinates":[[[39.6862383030075,24.4757395581541],[39.6861848836146,24.4757806186039],[39.68520180976,24.4757022954389],[39.6853311360528,24.4743426729532],[39.6863141334136,24.4744215684055],[39.6863590042432,24.4744704984604],[39.6862383030075,24.4757395581541]]]}},{"type":"Feature","properties":{"code":"C04-1","name":"C04-1","land_use":"High Density Mixed-Use","sector":"Central","gfa":67172.8,"area":15830.67,"floors":19,"height":80,"coverage":0.79,"far":4.24,"style":"PolyStyle04"},"geometry":{"type":"Polygon","coordinates":[[[39.6875527102855,24.4745209661993],[39.6874235319841,24.4758792943799],[39.6864404548333,24.4758009793182],[39.6863955925937,24.4757520908097],[39.6865162838616,24.4744831204749],[39.6865697125827,24.4744420797389],[39.6869885766772,24.4744756942288],[39.6875527102855,24.4745209661993]]]}},{"type":"Feature","properties":{"code":"C04-2","name":"C04-2","land_use":"High Density Mixed-Use","sector":"Central","gfa":73105.2,"area":17443.14,"floors":19,"height":80,"coverage":0.79,"far":4.19,"style":"PolyStyle04"},"geometry":{"type":"Polygon","coordinates":[[[39.6886100059784,24.4759285699024],[39.688559734111,24.4759697992662],[39.6874235319841,24.4758792943799],[39.6875527102855,24.4745209661993],[39.6885935676665,24.4746044883753],[39.6886415989844,24.4746535767325],[39.6886100059784,24.4759285699024]]]}},{"type":"Feature","properties":{"code":"N27-1019","name":"N27-1019","land_use":"Open Space","sector":"North","gfa":828.9,"area":1657.8,"floors":3,"height":8,"coverage":0,"far":0.5,"style":"PolyStyle02"},"geometry":{"type":"Polygon","coordinates":[[[39.6605707502387,24.4757729176409],[39.6602549632752,24.476108570775],[39.6600681864627,24.4759610716726],[39.6604877809049,24.4755150846402],[39.6606944883717,24.4756780010687],[39.6606526747173,24.4757019724142],[39.6606644601071,24.4757191932961],[39.6605707502387,24.4757729176409]]]}},{"type":"Feature","properties":{"code":"N27-542","name":"N27-542","land_use":"Low/Med Density Residential","sector":"North","gfa":12207.3,"area":8137.82,"floors":3,"height":12,"coverage":0,"far":1.5,"style":"PolyStyle0286"},"geometry":{"type":"Polygon","coordinates":[[[39.6634747213423,24.4760990854055],[39.6634325389457,24.4761000744147],[39.6615101015833,24.4744284390591],[39.6616273404076,24.4743038253858],[39.6616329447861,24.4742978672642],[39.6616461475948,24.4742878684293],[39.6616608268026,24.4742797755244],[39.661676656683,24.4742737681281],[39.6616920674641,24.4742702068695],[39.6617078749836,24.4742686876827],[39.6617237578936,24.4742692414512],[39.6617393933142,24.4742718569173],[39.6617571845945,24.474277555052],[39.6617736728286,24.4742859147432],[39.6617883867541,24.4742966970564],[39.6636574194639,24.4759218922823],[39.6634747213423,24.4760990854055]]]}},{"type":"Feature","properties":{"code":"N27-536","name":"N27-536","land_use":"Low/Med Density Residential","sector":"North","gfa":5991.2,"area":3994.13,"floors":3,"height":12,"coverage":0,"far":1.5,"style":"PolyStyle0286"},"geometry":{"type":"Polygon","coordinates":[[[39.6611736149249,24.4761283457875],[39.6611318773143,24.4761311818239],[39.6608030416026,24.4758716998854],[39.660799938882,24.475833477528],[39.6612857810805,24.4753171389742],[39.6613265613582,24.4753152716352],[39.6616417565058,24.4755893481094],[39.6616438994471,24.4756285382918],[39.6611736149249,24.4761283457875]]]}},{"type":"Feature","properties":{"code":"C07-2","name":"C07-2","land_use":"Cultural & Commercial","sector":"Central","gfa":7396.7,"area":11268.25,"floors":5,"height":30,"coverage":0.76,"far":0.65,"style":"PolyStyle0208"},"geometry":{"type":"Polygon","coordinates":[[[39.6936812706013,24.4757174506601],[39.6925307362825,24.4760245079339],[39.6926348901402,24.4749287069137],[39.6936389932099,24.4750092450808],[39.6936577458283,24.4750122735023],[39.6936756394062,24.4750182350898],[39.6936921306814,24.475026948845],[39.6937067189661,24.475038150212],[39.6937189613486,24.4750514991088],[39.6937284861402,24.4750665902529],[39.6937350041599,24.4750829654654],[39.6937383175144,24.4751001275823],[39.6937383256063,24.4751175555481],[39.6936812706013,24.4757174506601]]]}},{"type":"Feature","properties":{"code":"N25-OS1","name":"N25-OS1","land_use":"Open Space","sector":"North","gfa":237.5,"area":11644.97,"floors":2,"height":20,"coverage":0,"far":0.02,"style":"PolyStyle02"},"geometry":{"type":"Polygon","coordinates":[[[39.6667055894782,24.4760250872866],[39.6665651386356,24.4761519223533],[39.6665561977719,24.4761438434381],[39.6665461586575,24.47613692904],[39.6665352009569,24.476131302902],[39.6665235207741,24.4761270657119],[39.6665157068152,24.4761250979378],[39.6665130644057,24.4761245803588],[39.6665104065741,24.4761241323889],[39.666507737277,24.476123755817],[39.666505055518,24.4761234488411],[39.6664913739556,24.4761229847568],[39.666477764452,24.47612434953],[39.6664751312403,24.4761248289674],[39.6664725151652,24.4761253769672],[39.6664699172134,24.476125993525],[39.6664673383671,24.4761266777334],[39.6664647835552,24.4761274286675],[39.6664622527825,24.4761282472304],[39.6664597480084,24.4761291307041],[39.6664526033412,24.4761320811405],[39.6664524143417,24.4761321695779],[39.6664500362432,24.4761333098853],[39.6664376627307,24.4761406537153],[39.6664267008142,24.4761496827332],[39.6662207671629,24.4759547638867],[39.6662312375216,24.4759447867265],[39.6662398191052,24.4759333987785],[39.6662462886644,24.4759208963002],[39.6662504778943,24.4759076045435],[39.666252277813,24.4758938692929],[39.6662516415964,24.4758800478707],[39.6662485857964,24.4758664998407],[39.6662431899103,24.4758535776541],[39.6662355943125,24.4758416174811],[39.6662259966025,24.4758309304648],[39.6656771855058,24.4753114419388],[39.6658134647554,24.475187152127],[39.6663187069155,24.4747263424757],[39.6669447116848,24.4753012618173],[39.66715365492,24.475493158975],[39.6667028389039,24.4759002585951],[39.6666929108382,24.4759108435014],[39.66668497971,24.4759227562225],[39.6666792535096,24.4759356843533],[39.6666758824043,24.4759492888606],[39.6666749548002,24.4759632129728],[39.6666764950243,24.4759770915373],[39.6666804626857,24.4759905605956],[39.6666867537351,24.4760032669282],[39.6666952031934,24.4760148773175],[39.6667055894782,24.4760250872866]]]}},{"type":"Feature","properties":{"code":"N05-OS2","name":"N05-OS2","land_use":"Open Space","sector":"North","gfa":200,"area":1113.37,"floors":2,"height":20,"coverage":0,"far":0.18,"style":"PolyStyle02"},"geometry":{"type":"Polygon","coordinates":[[[39.6832014900671,24.4758692620238],[39.6831719493729,24.4761796604483],[39.683171911856,24.4761796570055],[39.6828917407024,24.4761573310746],[39.6829255706905,24.4758019464654],[39.6831566181059,24.4758203599326],[39.6832014900671,24.4758692620238]]]}},{"type":"Feature","properties":{"code":"C06-6","name":"C06-6","land_use":"High Density Mixed-Use","sector":"Central","gfa":58439.7,"area":14714.97,"floors":17,"height":73,"coverage":0.85,"far":3.97,"style":"PolyStyle04"},"geometry":{"type":"Polygon","coordinates":[[[39.6912007701381,24.4761348135226],[39.6911473394595,24.4761758847827],[39.6890816297724,24.4760113689956],[39.6890335949553,24.4759623097152],[39.6890462625272,24.4754510203137],[39.6890965312076,24.4754098160937],[39.6912043646141,24.4755787731247],[39.6912490703335,24.4756274080146],[39.6912007701381,24.4761348135226]]]}},{"type":"Feature","properties":{"code":"N04-OS1","name":"N04-OS1","land_use":"Open Space","sector":"North","gfa":200,"area":1113.16,"floors":2,"height":20,"coverage":0,"far":0.18,"style":"PolyStyle02"},"geometry":{"type":"Polygon","coordinates":[[[39.6839086324448,24.4758802817985],[39.6838748052129,24.4762356674672],[39.6835946555639,24.4762133445533],[39.6836241971887,24.4759029442549],[39.6836776312479,24.475861874695],[39.6839086324448,24.4758802817985]]]}},{"type":"Feature","properties":{"code":"C07-1","name":"C07-1","land_use":"High Density Mixed-Use","sector":"Central","gfa":69362.9,"area":16036.32,"floors":14,"height":62.5,"coverage":0.77,"far":4.33,"style":"PolyStyle04"},"geometry":{"type":"Polygon","coordinates":[[[39.6925300155269,24.4760318292894],[39.6917796044762,24.47623076987],[39.6914860700185,24.4762073939853],[39.6914418364286,24.4762038692024],[39.6913969602241,24.4761549669288],[39.6914008086028,24.4761144837277],[39.6915129728849,24.4749346466401],[39.6915177824271,24.4748844287205],[39.6915712402498,24.4748433888195],[39.6916260436247,24.4748477845785],[39.6926348901402,24.4749287069137],[39.6925300155269,24.4760318292894]]]}},{"type":"Feature","properties":{"code":"N07-OS1","name":"N07-OS1","land_use":"Open Space","sector":"North","gfa":567.3,"area":1134.56,"floors":2,"height":20,"coverage":0,"far":0.5,"style":"PolyStyle02"},"geometry":{"type":"Polygon","coordinates":[[[39.6865642424043,24.476160856767],[39.6865813023276,24.4762640313266],[39.6859879120204,24.4762374082749],[39.6859980725436,24.4761306302978],[39.6859981043021,24.4761302996082],[39.6860017127104,24.4760923770728],[39.6860551460592,24.4760513075914],[39.6860957998136,24.4760545467592],[39.6864827677491,24.4760853749236],[39.6865035290129,24.4760870290543],[39.686560064425,24.4761355926424],[39.6865642424043,24.476160856767]]]}},{"type":"Feature","properties":{"code":"N05-5","name":"N05-5","land_use":"High Density Residential & Commercial","sector":"North","gfa":54049,"area":18964.71,"floors":13,"height":58,"coverage":0.8,"far":2.85,"style":"PolyStyle012"},"geometry":{"type":"Polygon","coordinates":[[[39.6786579748219,24.4763362654292],[39.6786055027834,24.4763785824671],[39.6784081837213,24.4763725225798],[39.6772027982975,24.4763354999575],[39.677005552358,24.4763294406174],[39.6769527819834,24.4762828804397],[39.6768822894031,24.4753650067611],[39.6769279828234,24.4753238812052],[39.6786710220011,24.4754628534777],[39.6787169513513,24.4755118298554],[39.6786946688872,24.4757174354694],[39.6786774066439,24.4759234450696],[39.6786651732485,24.4761297559937],[39.6786579748219,24.4763362654292]]]}},{"type":"Feature","properties":{"code":"N27-540","name":"N27-540","land_use":"Low/Med Density Residential","sector":"North","gfa":7806,"area":5204,"floors":3,"height":12,"coverage":0,"far":1.5,"style":"PolyStyle0286"},"geometry":{"type":"Polygon","coordinates":[[[39.6629707171441,24.4764957786775],[39.6629289385029,24.4764968235772],[39.6622039291601,24.4758664048689],[39.6625437682676,24.4755390378034],[39.663267567941,24.4761684035562],[39.6632687133854,24.4762067717166],[39.6629707171441,24.4764957786775]]]}},{"type":"Feature","properties":{"code":"N27-1046-1","name":"N27-1046-1","land_use":"Utilities","sector":"North","gfa":0,"area":32.54,"floors":0,"height":0,"coverage":0,"far":0,"style":"PolyStyle039"},"geometry":{"type":"Polygon","coordinates":[[[39.66374650995,24.4764667092402],[39.6637160120924,24.4764962898388],[39.6636641567459,24.4764515136358],[39.663694664459,24.4764219302948],[39.66374650995,24.4764667092402]]]}},{"type":"Feature","properties":{"code":"N25-OS5","name":"N25-OS5","land_use":"Open Space","sector":"North","gfa":40,"area":1647.45,"floors":2,"height":20,"coverage":0,"far":0.02,"style":"PolyStyle02"},"geometry":{"type":"Polygon","coordinates":[[[39.6664267008142,24.4761496827332],[39.6660424794435,24.4764966135517],[39.6658339643245,24.4763041322813],[39.6662207671629,24.4759547638867],[39.6664267008142,24.4761496827332]]]}},{"type":"Feature","properties":{"code":"N05-4","name":"N05-4","land_use":"High Density Residential & Commercial","sector":"North","gfa":25274.9,"area":8866.66,"floors":13,"height":58,"coverage":0.8,"far":2.85,"style":"PolyStyle012"},"geometry":{"type":"Polygon","coordinates":[[[39.6797975992262,24.4755526268612],[39.6797131593738,24.4764402446763],[39.6793191729315,24.4764183130047],[39.6792296406255,24.4764133292481],[39.6790982476829,24.4764060147587],[39.6789012545289,24.4763950473445],[39.6788552156244,24.476347245597],[39.6788621918596,24.4761419075165],[39.6788742542792,24.47593676703],[39.678891396654,24.4757319296506],[39.6789136101425,24.4755275007349],[39.6789659725713,24.4754863572522],[39.6797975992262,24.4755526268612]]]}},{"type":"Feature","properties":{"code":"N27-537","name":"N27-537","land_use":"Low/Med Density Residential","sector":"North","gfa":6499.9,"area":4333.26,"floors":3,"height":12,"coverage":0,"far":1.5,"style":"PolyStyle0286"},"geometry":{"type":"Polygon","coordinates":[[[39.6620717810197,24.4765657917359],[39.6620300003586,24.4765668345901],[39.6614752848149,24.4760844887764],[39.6614731419004,24.4760452958837],[39.6617656619973,24.4757344157432],[39.6618064394292,24.4757325464789],[39.6623778879584,24.4762294439787],[39.6623790301739,24.4762678121643],[39.6620717810197,24.4765657917359]]]}},{"type":"Feature","properties":{"code":"N27-1046-2","name":"N27-1046-2","land_use":"Utilities","sector":"North","gfa":0,"area":22.32,"floors":0,"height":0,"coverage":0,"far":0,"style":"PolyStyle039"},"geometry":{"type":"Polygon","coordinates":[[[39.6638215841137,24.4765452264783],[39.6637985538616,24.4765675609675],[39.6637626661562,24.4765365714056],[39.6637856983686,24.4765142342037],[39.6637884808602,24.4765119217018],[39.6637915980938,24.4765100267827],[39.6637949989323,24.4765085830867],[39.6638272089768,24.4765364025485],[39.6638258333399,24.4765395939396],[39.6638239522181,24.476542550931],[39.6638215841137,24.4765452264783]]]}},{"type":"Feature","properties":{"code":"N05-6","name":"N05-6","land_use":"High Density Residential & Commercial","sector":"North","gfa":30620.2,"area":10744.29,"floors":13,"height":58,"coverage":0.83,"far":2.85,"style":"PolyStyle012"},"geometry":{"type":"Polygon","coordinates":[[[39.6765604692609,24.4764059054957],[39.6763013169967,24.4764703347273],[39.6760436167834,24.4765394709407],[39.6759187542649,24.4761442903183],[39.6759433859774,24.4752454610984],[39.6766704326954,24.475303411162],[39.6767230456669,24.4753523735828],[39.6767962693943,24.4763058365337],[39.6767518559148,24.4763618101083],[39.6766055531633,24.4763952074296],[39.6765604692609,24.4764059054957]]]}},{"type":"Feature","properties":{"code":"N25-OS4","name":"N25-OS4","land_use":"Open Space","sector":"North","gfa":32,"area":1327.94,"floors":2,"height":20,"coverage":0,"far":0.02,"style":"PolyStyle02"},"geometry":{"type":"Polygon","coordinates":[[[39.6671611090739,24.4764562665211],[39.6670213257838,24.476583753828],[39.6665658141491,24.4761525876908],[39.6667055894782,24.4760250872866],[39.6671611090739,24.4764562665211]]]}},{"type":"Feature","properties":{"code":"N27-1046-3","name":"N27-1046-3","land_use":"Utilities","sector":"North","gfa":0,"area":32.52,"floors":0,"height":0,"coverage":0,"far":0,"style":"PolyStyle039"},"geometry":{"type":"Polygon","coordinates":[[[39.6639275386785,24.4766230516566],[39.6638970585041,24.476652615957],[39.6638452089789,24.4766078452123],[39.663875695052,24.4765782763806],[39.6639275386785,24.4766230516566]]]}},{"type":"Feature","properties":{"code":"N27-539","name":"N27-539","land_use":"Low/Med Density Residential","sector":"North","gfa":4341.4,"area":2894.24,"floors":3,"height":12,"coverage":0,"far":1.5,"style":"PolyStyle0286"},"geometry":{"type":"Polygon","coordinates":[[[39.6633069556042,24.476788146058],[39.6632651748934,24.4767891901581],[39.6630984131271,24.4766441872772],[39.663096922938,24.4765970801156],[39.6637289578666,24.4759841000894],[39.6639221172864,24.4761520522957],[39.6639232609648,24.476190422262],[39.6633069556042,24.476788146058]]]}},{"type":"Feature","properties":{"code":"N11","name":"N11","land_use":"Education","sector":"North","gfa":788.3,"area":1576.58,"floors":2,"height":20,"coverage":0.51,"far":0.5,"style":"PolyStyle00"},"geometry":{"type":"Polygon","coordinates":[[[39.6909775753002,24.4764433904166],[39.690056617603,24.4766875489533],[39.6900780285569,24.476453619336],[39.6900782222678,24.4764515024201],[39.6900813300597,24.4764175468327],[39.6901346162588,24.4763763176523],[39.6901545697311,24.4763778476279],[39.6909775753002,24.4764433904166]]]}},{"type":"Feature","properties":{"code":"N05-1","name":"N05-1","land_use":"High Density Mixed-Use","sector":"North","gfa":44926.9,"area":13851.89,"floors":26,"height":124.5,"coverage":0.72,"far":3.24,"style":"PolyStyle04"},"geometry":{"type":"Polygon","coordinates":[[[39.6830972601863,24.4766501431535],[39.6816791406239,24.4767388645908],[39.6817280572449,24.4762246346633],[39.6817769725406,24.4757104056013],[39.6829255706905,24.4758019464654],[39.6828917407024,24.4761573310746],[39.683171911856,24.4761796570055],[39.6831581906309,24.4763239254033],[39.683154219616,24.4763721605576],[39.6831515511279,24.4764205704484],[39.6831501851799,24.4764689744495],[39.6831474223469,24.4766019150089],[39.6830972601863,24.4766501431535]]]}},{"type":"Feature","properties":{"code":"N27-538","name":"N27-538","land_use":"Low/Med Density Residential","sector":"North","gfa":1915.6,"area":1277.19,"floors":3,"height":12,"coverage":0,"far":1.5,"style":"PolyStyle0286"},"geometry":{"type":"Polygon","coordinates":[[[39.6626703793574,24.4765118046211],[39.6623309049271,24.4768412078363],[39.6623235601655,24.4768277979988],[39.6623142625698,24.4768154447952],[39.6623031902648,24.4768043848896],[39.6621803446804,24.4766975634656],[39.6621792015452,24.4766591979931],[39.6624864516395,24.4763612163968],[39.6625282302475,24.4763601725234],[39.6626720420557,24.4764852199501],[39.6626856171305,24.4764970266672],[39.6626703793574,24.4765118046211]]]}},{"type":"Feature","properties":{"code":"N25-5","name":"N25-5","land_use":"High Density Residential & Commercial","sector":"North","gfa":119409,"area":44068.25,"floors":19,"height":91.2,"coverage":0.94,"far":2.71,"style":"PolyStyle012"},"geometry":{"type":"Polygon","coordinates":[[[39.6652661933851,24.4768169479876],[39.6652535419293,24.4768265565113],[39.6652392898138,24.4768340567385],[39.6652238519631,24.4768392303135],[39.6652076778223,24.4768419266168],[39.6651912382727,24.4768420671505],[39.6651750119225,24.4768396478231],[39.6651594711728,24.4768347390689],[39.6651450684646,24.4768274837976],[39.6651322231067,24.4768180932334],[39.664958117413,24.4766667080185],[39.6648129738151,24.4765405063417],[39.6647558217379,24.4764908127904],[39.664372922207,24.4761578792342],[39.6641145729689,24.4759332400623],[39.6639912539108,24.4758260112662],[39.6636108148849,24.4754952143237],[39.6635535864086,24.4754454492829],[39.6631696612482,24.4751116157022],[39.663110874809,24.4750604999151],[39.6631111582059,24.4749985699752],[39.6631597422048,24.4749570276061],[39.6632000711706,24.4749225433093],[39.6632842932178,24.4748548494233],[39.6633729071723,24.474792027266],[39.6634655771445,24.4747343149592],[39.6635619518721,24.4746819312556],[39.6636616660519,24.4746350747103],[39.663764341724,24.474593922928],[39.6638695897047,24.4745586318899],[39.6639770110611,24.4745293353623],[39.6640861986237,24.4745061443902],[39.6641967385289,24.4744891468758],[39.6643082117879,24.474478407246],[39.664721705832,24.4744503211886],[39.664735034219,24.4744503018328],[39.664748223588,24.4744520591863],[39.6647609927078,24.4744555557778],[39.6647730693076,24.4744607170508],[39.664784195883,24.4744674329538],[39.6647941351865,24.4744755602862],[39.6653538698045,24.475005398248],[39.6653537843547,24.4750054744874],[39.6656771855058,24.4753114419388],[39.6662259966025,24.4758309304648],[39.6662355943125,24.4758416174811],[39.6662431899103,24.4758535776541],[39.6662485857964,24.4758664998407],[39.6662516415964,24.4758800478707],[39.666252277813,24.4758938692929],[39.6662504778943,24.4759076045435],[39.6662462886644,24.4759208963002],[39.6662398191052,24.4759333987785],[39.6662312375216,24.4759447867265],[39.6662207671629,24.4759547638867],[39.6658339643245,24.4763041322813],[39.6652661933851,24.4768169479876]]]}},{"type":"Feature","properties":{"code":"N07-5","name":"N07-5","land_use":"Medium Density Mixed-Use","sector":"North","gfa":2097.6,"area":3496.03,"floors":2,"height":20,"coverage":0.62,"far":0.6,"style":"PolyStyle03"},"geometry":{"type":"Polygon","coordinates":[[[39.6866509982079,24.4766855257111],[39.6859350179078,24.4767687039052],[39.6859418333793,24.4767214835464],[39.6859418744352,24.4767212295806],[39.6859879120204,24.4762374082749],[39.6865813023276,24.4762640313266],[39.6866509982079,24.4766855257111]]]}},{"type":"Feature","properties":{"code":"N05-2","name":"N05-2","land_use":"High Density Residential & Commercial","sector":"North","gfa":55422,"area":11454.38,"floors":19,"height":80,"coverage":0.7,"far":4.84,"style":"PolyStyle012"},"geometry":{"type":"Polygon","coordinates":[[[39.6816791090568,24.4767388665395],[39.6807882420982,24.4767945792958],[39.6807433047305,24.4767526724236],[39.6808454033668,24.4756814910746],[39.6808988441873,24.4756404233551],[39.6817769725406,24.4757104056013],[39.6817280572449,24.4762246346633],[39.6816791406239,24.4767388645908],[39.6816791090568,24.4767388665395]]]}},{"type":"Feature","properties":{"code":"N05-3","name":"N05-3","land_use":"Commercial","sector":"North","gfa":707.7,"area":1415.34,"floors":2,"height":20,"coverage":0.65,"far":0.5,"style":"PolyStyle05"},"geometry":{"type":"Polygon","coordinates":[[[39.6804904952274,24.4768132236597],[39.6802410772549,24.4768288221601],[39.6803097287125,24.4763648767365],[39.6805807232774,24.47637996053],[39.6805440075576,24.4767651591903],[39.6804904952274,24.4768132236597]]]}},{"type":"Feature","properties":{"code":"N10-2","name":"N10-2","land_use":"Medical","sector":"North","gfa":1208.3,"area":2408.15,"floors":2,"height":20,"coverage":0.65,"far":0.5,"style":"PolyStyle0140"},"geometry":{"type":"Polygon","coordinates":[[[39.6898539069119,24.4767388710268],[39.6896595552411,24.4767907380974],[39.689356237159,24.4767667299179],[39.6893973268673,24.4763175373821],[39.6898256441293,24.4763516507486],[39.6898256727949,24.476351659649],[39.6898399176907,24.4763587697486],[39.6898526096239,24.4763680213736],[39.6898633683767,24.4763791373694],[39.6898718716445,24.4763917847297],[39.6898778646908,24.4764055845725],[39.6898811679786,24.4764201234902],[39.6898816825491,24.4764349659344],[39.6898814760933,24.4764372797904],[39.6898814649314,24.4764374044732],[39.6898787375628,24.4764674802844],[39.6898539069119,24.4767388710268]]]}},{"type":"Feature","properties":{"code":"N05-11","name":"N05-11","land_use":"Education","sector":"North","gfa":699.6,"area":1399.24,"floors":1,"height":15,"coverage":0.81,"far":0.5,"style":"PolyStyle00"},"geometry":{"type":"Polygon","coordinates":[[[39.6802410772549,24.4768288221601],[39.6799916601971,24.4768444202455],[39.6800284558054,24.4764577952917],[39.6800387351864,24.476349792451],[39.6801569711447,24.476356374208],[39.6803097287125,24.4763648767365],[39.6802410772549,24.4768288221601]]]}},{"type":"Feature","properties":{"code":"N25-2","name":"N25-2","land_use":"High Density Residential & Commercial","sector":"North","gfa":122867,"area":48689.51,"floors":19,"height":91.8,"coverage":0.94,"far":2.52,"style":"PolyStyle012"},"geometry":{"type":"Polygon","coordinates":[[[39.6680001323197,24.4769338319882],[39.6678653681697,24.4770579355131],[39.66779629152,24.4770575011716],[39.6671611090739,24.4764562665211],[39.6667055894782,24.4760250872866],[39.6666952031934,24.4760148773175],[39.6666867537351,24.4760032669282],[39.6666804626857,24.4759905605956],[39.6666764950243,24.4759770915373],[39.6666749548002,24.4759632129728],[39.6666758824043,24.4759492888606],[39.6666792535096,24.4759356843533],[39.66668497971,24.4759227562225],[39.6666929108382,24.4759108435014],[39.6667028389039,24.4759002585951],[39.66715365492,24.475493158975],[39.6675880009738,24.4751009286222],[39.6680877878817,24.4746495984768],[39.6681005922839,24.4746398839015],[39.6681150334128,24.4746323327602],[39.6681306797053,24.4746271707136],[39.6681470635827,24.4746245520257],[39.6681636954243,24.4746245549543],[39.6699977715181,24.474770493455],[39.6700161439477,24.4747733597311],[39.670033732368,24.4747790016791],[39.6700500399245,24.4747872599198],[39.6700646059453,24.4747979011663],[39.6700770189548,24.4748106248144],[39.6700869282975,24.474825071434],[39.6700940540438,24.4748408329229],[39.6700981948974,24.4748574640348],[39.670099233882,24.4748744949573],[39.6700971416463,24.4748914445835],[39.6700919772925,24.4749078341032],[39.6700838867075,24.474923200528],[39.6700241304532,24.4750111198606],[39.6699596773815,24.47509612843],[39.6698905489854,24.4751781863972],[39.6698170609634,24.4752569076225],[39.6697393507626,24.4753321596332],[39.6694957855014,24.475556468789],[39.6691061360042,24.4759153020662],[39.6690504675451,24.4759665682881],[39.6687219080319,24.476269146753],[39.668387153298,24.4765774244938],[39.6680001323197,24.4769338319882]]]}},{"type":"Feature","properties":{"code":"N10-1","name":"N10-1","land_use":"Community Facilities","sector":"North","gfa":1591.2,"area":3182.45,"floors":2,"height":20,"coverage":0.64,"far":0.5,"style":"PolyStyle027"},"geometry":{"type":"Polygon","coordinates":[[[39.6896655141376,24.4767912103281],[39.6888998036037,24.4769941902794],[39.6888641656504,24.4769628967817],[39.6889271815944,24.4767277489392],[39.6889507665729,24.4766393767855],[39.6889740039075,24.4765376049358],[39.6889914136654,24.4764348629397],[39.6890029485316,24.4763314301061],[39.6890548252355,24.4762902583032],[39.6893973268673,24.4763175373821],[39.6893562124847,24.4767667291273],[39.689356237159,24.4767667299179],[39.6896595552411,24.4767907380974],[39.6896655141376,24.4767912103281]]]}},{"type":"Feature","properties":{"code":"N27-OS8","name":"N27-OS8","land_use":"Open Space","sector":"North","gfa":1589.3,"area":3179.03,"floors":1,"height":3.5,"coverage":0,"far":0.5,"style":"PolyStyle02"},"geometry":{"type":"Polygon","coordinates":[[[39.6628909522102,24.4770628820907],[39.6628047745797,24.4770962323107],[39.6627202956529,24.4771330434268],[39.6626376812681,24.4771732431766],[39.6623285205167,24.4769295843693],[39.6623355366119,24.4769125651334],[39.6623393435979,24.4768947116587],[39.662339834223,24.476876526926],[39.6623369946662,24.4768585232479],[39.6623309049271,24.4768412078363],[39.6626703793574,24.4765118046211],[39.6627061804027,24.4765428797218],[39.6627214130538,24.4765282544162],[39.6627370173385,24.4765418214642],[39.6627047871682,24.4765728680198],[39.6629730623438,24.4768061370235],[39.6630053307952,24.4767750532154],[39.6631124982619,24.476868212444],[39.6630964040318,24.4769688874939],[39.6630299139377,24.4770037840887],[39.6629613554533,24.4770351497252],[39.6628909522102,24.4770628820907]]]}},{"type":"Feature","properties":{"code":"N05-7","name":"N05-7","land_use":"High Density Residential & Commercial","sector":"North","gfa":33131.9,"area":11622.95,"floors":13,"height":58,"coverage":0.82,"far":2.85,"style":"PolyStyle012"},"geometry":{"type":"Polygon","coordinates":[[[39.6751217659048,24.477106550366],[39.6750541207222,24.4771548802029],[39.6749808093494,24.4771503127636],[39.6742635830482,24.4764761245823],[39.6742665515812,24.4764143064723],[39.6747748994324,24.4760136822891],[39.6748107127756,24.4759854701968],[39.6748387712306,24.4759630610293],[39.6749100163821,24.4759032011945],[39.6749959395759,24.4758249385856],[39.6757681488309,24.4766457572056],[39.675446668131,24.4768750527856],[39.6754450195257,24.4768762260974],[39.6752083524411,24.4770437390463],[39.6752089630547,24.4770444380501],[39.6751217659048,24.477106550366]]]}},{"type":"Feature","properties":{"code":"N27-521","name":"N27-521","land_use":"Low/Med Density Residential","sector":"North","gfa":4378.4,"area":2918.95,"floors":3,"height":12,"coverage":0,"far":1.5,"style":"PolyStyle0286"},"geometry":{"type":"Polygon","coordinates":[[[39.6637859765615,24.477213351204],[39.6637441279754,24.4772144616657],[39.663571881449,24.4770657002082],[39.663570669157,24.4770274009877],[39.6641923870717,24.4764244286264],[39.6642341676432,24.4764233833694],[39.6644273244649,24.4765913367151],[39.6637859765615,24.477213351204]]]}},{"type":"Feature","properties":{"code":"N27-533","name":"N27-533","land_use":"Low/Med Density Residential","sector":"North","gfa":13812.2,"area":9208.15,"floors":3,"height":12,"coverage":0,"far":1.5,"style":"PolyStyle0286"},"geometry":{"type":"Polygon","coordinates":[[[39.6600347907777,24.4773386321164],[39.6599930517577,24.4773414696573],[39.659611401134,24.477040309618],[39.6596083215347,24.4770021070044],[39.6602314377539,24.4763411886932],[39.6606125196752,24.4759361370131],[39.6606542670198,24.475933284822],[39.6610354193498,24.4762336948645],[39.6610385339295,24.476271904518],[39.6600347907777,24.4773386321164]]]}},{"type":"Feature","properties":{"code":"N27-534","name":"N27-534","land_use":"Low/Med Density Residential","sector":"North","gfa":7033,"area":4688.64,"floors":3,"height":12,"coverage":0,"far":1.5,"style":"PolyStyle0286"},"geometry":{"type":"Polygon","coordinates":[[[39.6590642915885,24.4773717634524],[39.6590225307304,24.4773745836614],[39.6588581161284,24.4772448413906],[39.6599324626602,24.4761053321714],[39.6600681864627,24.4759610716726],[39.6602549632752,24.476108570775],[39.6601193209721,24.4762527416717],[39.6590642915885,24.4773717634524]]]}},{"type":"Feature","properties":{"code":"N04-1","name":"N04-1","land_use":"High Density Mixed-Use","sector":"North","gfa":107337.3,"area":29180.51,"floors":26,"height":129.5,"coverage":0.78,"far":3.68,"style":"PolyStyle04"},"geometry":{"type":"Polygon","coordinates":[[[39.6838876009538,24.4774376011323],[39.6838530471303,24.4774462135356],[39.6837917036812,24.4774146802386],[39.6836434148216,24.4769429015642],[39.6836167105596,24.4768469947104],[39.6835964618069,24.476749773272],[39.6835827442775,24.4766516008494],[39.6835756092584,24.476552844599],[39.6835750834186,24.4764538738599],[39.6835811687091,24.4763550587722],[39.6835946555639,24.4762133445533],[39.6838748052129,24.4762356674672],[39.6839086324448,24.4758802817985],[39.6857194673631,24.4760245643346],[39.6857601483753,24.4760282839343],[39.6858049652749,24.4760777544535],[39.685801465161,24.476114548485],[39.685801427814,24.4761149406128],[39.6857452307303,24.476705533513],[39.6857452241182,24.4767057701629],[39.6857371297897,24.4767534049936],[39.6857221773433,24.4767996293015],[39.6857006330482,24.4768436199136],[39.6856728805637,24.4768845934344],[39.6856394141076,24.4769218201965],[39.6856008296552,24.4769546372553],[39.6855578143259,24.4769824601949],[39.6855111341473,24.4770047935356],[39.6854616204132,24.4770212395583],[39.6838876009538,24.4774376011323]]]}},{"type":"Feature","properties":{"code":"N07-4","name":"N07-4","land_use":"Utilities","sector":"North","gfa":0,"area":5289.96,"floors":0,"height":0,"coverage":0,"far":0,"style":"PolyStyle039"},"geometry":{"type":"Polygon","coordinates":[[[39.6867451495463,24.4772550473716],[39.6860586969739,24.4774370225832],[39.6858895500107,24.4769014201795],[39.6858895197436,24.4769014799235],[39.6858895097046,24.4769014483595],[39.6859088147434,24.4768584475426],[39.685924021453,24.4768140905605],[39.6859350179078,24.4767687039052],[39.6866509982079,24.4766855257111],[39.6867451495463,24.4772550473716]]]}},{"type":"Feature","properties":{"code":"N09","name":"N09","land_use":"High Density Mixed-Use","sector":"North","gfa":29069.7,"area":20763.02,"floors":11,"height":52,"coverage":0.92,"far":1.4,"style":"PolyStyle04"},"geometry":{"type":"Polygon","coordinates":[[[39.6870829054346,24.4774758134465],[39.6870680948978,24.4774785159592],[39.6870529981766,24.4774788827944],[39.6870380518147,24.4774769033447],[39.6870236880079,24.4774726348484],[39.6870103221066,24.4774662007356],[39.6869983406049,24.4774577870579],[39.6869880899652,24.4774476371088],[39.6869798665988,24.4774360443889],[39.6869739082959,24.4774233441182],[39.6869703873484,24.4774099035432],[39.6867723418787,24.4762119845711],[39.6867713233422,24.4761983023449],[39.6867727644576,24.4761846519715],[39.6867766263866,24.4761714013252],[39.6867828050503,24.476158907508],[39.6867911339346,24.4761475072251],[39.6868013885775,24.4761375077113],[39.6868132926186,24.4761291784511],[39.6868265252469,24.4761227439157],[39.6868407298463,24.4761183775142],[39.6868555236066,24.4761161969198],[39.68687050784,24.4761162608991],[39.6884965087484,24.4762457838283],[39.6885125684165,24.4762483656176],[39.688527896354,24.4762534551577],[39.6885420288433,24.4762608984743],[39.6885545383329,24.4762704703841],[39.6885650463716,24.4762818813072],[39.6885732350581,24.4762947860278],[39.6885788566585,24.4763087941379],[39.6885817411009,24.4763234818487],[39.6885818011209,24.4763384048108],[39.6885807942638,24.4763494086096],[39.6885690066684,24.4764503752733],[39.6885529498865,24.4765333340294],[39.6884038645498,24.4771256604873],[39.6870829054346,24.4774758134465]]]}},{"type":"Feature","properties":{"code":"N27-OS10","name":"N27-OS10","land_use":"Open Space","sector":"North","gfa":600.4,"area":12405.46,"floors":2,"height":3.5,"coverage":0,"far":0.05,"style":"PolyStyle02"},"geometry":{"type":"Polygon","coordinates":[[[39.6615154963365,24.4775918611421],[39.661467989259,24.4776041169222],[39.6612969999869,24.4775539233351],[39.661250100643,24.4775399024594],[39.6612235208233,24.4775291161713],[39.6611985112638,24.477515543165],[39.6611754124537,24.4774993797374],[39.6610692866613,24.4774156161781],[39.661066183825,24.4773773965458],[39.6613237559648,24.4771036606481],[39.6612118408922,24.477014998642],[39.6609542696678,24.4772887343491],[39.6609125179197,24.4772915830367],[39.6605835127315,24.477032276652],[39.6605803982738,24.4769940687966],[39.6613378022636,24.4761891305608],[39.6613785828114,24.4761872613958],[39.6616937803028,24.4764613403908],[39.6616959232912,24.4765005323736],[39.6614383541538,24.4767742688799],[39.6615457912502,24.4768676890644],[39.6618033603309,24.476593951476],[39.6618441143795,24.4765920868151],[39.6620017139571,24.4767291249822],[39.6621593138756,24.4768661629752],[39.6621614580096,24.4769053558449],[39.6615154963365,24.4775918611421]]]}},{"type":"Feature","properties":{"code":"N34-11","name":"N34-11","land_use":"Community Facilities","sector":"North","gfa":960,"area":6356.71,"floors":2,"height":20,"coverage":0.83,"far":0.15,"style":"PolyStyle027"},"geometry":{"type":"Polygon","coordinates":[[[39.681875116041,24.477464645846],[39.681549685657,24.4775277681601],[39.6815493790596,24.4775230597207],[39.6815493346689,24.4775230626303],[39.6815138797758,24.4770479269448],[39.6831559175696,24.4769452013934],[39.6832174578568,24.4769858484527],[39.683235600634,24.4770502661333],[39.6832512095872,24.4770999281946],[39.6830025376579,24.4771658367283],[39.6821720835302,24.4773859395997],[39.6819005127242,24.477457914897],[39.681875116041,24.477464645846]]]}},{"type":"Feature","properties":{"code":"N27-OS9","name":"N27-OS9","land_use":"Open Space","sector":"North","gfa":820.8,"area":1641.64,"floors":1,"height":3.5,"coverage":0,"far":0.5,"style":"PolyStyle02"},"geometry":{"type":"Polygon","coordinates":[[[39.6607229717191,24.4773212156548],[39.6604152832573,24.4776478186303],[39.6603779157802,24.4776183312185],[39.6603634159708,24.4776337216551],[39.6601705493113,24.4774815314011],[39.6601669299579,24.4774369378873],[39.6601795189326,24.4774235562569],[39.6602045684512,24.477443299461],[39.6603024470784,24.4773392833378],[39.6602773975519,24.4773195374402],[39.6604438203757,24.4771426739333],[39.6604925158116,24.4771393642275],[39.6607229717191,24.4773212156548]]]}},{"type":"Feature","properties":{"code":"N27-168","name":"N27-168","land_use":"Low/Med Density Residential","sector":"North","gfa":340,"area":329.74,"floors":3,"height":12,"coverage":0,"far":1.03,"style":"PolyStyle0286"},"geometry":{"type":"Polygon","coordinates":[[[39.6585435989169,24.4777610298391],[39.658537803847,24.4777671891752],[39.6584390815087,24.4776892871266],[39.6584448815187,24.4776831286759],[39.6584706726283,24.4776557841149],[39.6586002479372,24.4775183432622],[39.6586988979138,24.4775961904321],[39.6586612727227,24.4776356091242],[39.6585693898605,24.4777336545558],[39.6585435989169,24.4777610298391]]]}},{"type":"Feature","properties":{"code":"N34-144","name":"N34-144","land_use":"Medium Density Residential","sector":"North","gfa":17528.1,"area":4499.8,"floors":7,"height":30,"coverage":0.87,"far":3.9,"style":"PolyStyle0113"},"geometry":{"type":"Polygon","coordinates":[[[39.6805519927322,24.4776738626385],[39.6805517737391,24.4776738771719],[39.6805097192977,24.4771107401229],[39.6812185255293,24.4770664039115],[39.6812538950558,24.4775400011359],[39.6812605820985,24.477629537993],[39.6805519927322,24.4776738626385]]]}},{"type":"Feature","properties":{"code":"N27-169","name":"N27-169","land_use":"Low/Med Density Residential","sector":"North","gfa":340,"area":330.13,"floors":3,"height":12,"coverage":0,"far":1.03,"style":"PolyStyle0286"},"geometry":{"type":"Polygon","coordinates":[[[39.6586422510167,24.4778388752255],[39.6586364559388,24.477845032759],[39.658537803847,24.4777671891752],[39.6585435989169,24.4777610298391],[39.6585693898605,24.4777336545558],[39.6586612727227,24.4776356091242],[39.6586988979138,24.4775961904321],[39.658797549985,24.4776740375257],[39.6587598207103,24.4777133645761],[39.6587375380661,24.4777377334199],[39.6587089639355,24.4777680623685],[39.6586884892201,24.4777897979163],[39.6586819296073,24.4777967598632],[39.6586775329804,24.4778014265515],[39.6586720892118,24.4778072050452],[39.6586680309348,24.4778114683641],[39.6586422510167,24.4778388752255]]]}},{"type":"Feature","properties":{"code":"N07-3","name":"N07-3","land_use":"Utilities","sector":"North","gfa":0,"area":2305.72,"floors":0,"height":0,"coverage":0,"far":0,"style":"PolyStyle039"},"geometry":{"type":"Polygon","coordinates":[[[39.686719613465,24.4775720958888],[39.6861491238841,24.477723318484],[39.6860586969739,24.4774370225832],[39.6867451495463,24.4772550473716],[39.6867826667185,24.4774819578609],[39.6867826728548,24.4774819975707],[39.6867869346054,24.4775077697641],[39.6867469020807,24.4775649075779],[39.686719613465,24.4775720958888]]]}},{"type":"Feature","properties":{"code":"N27-675","name":"N27-675","land_use":"Community Facilities","sector":"North","gfa":1417,"area":2832.25,"floors":2,"height":20,"coverage":0.76,"far":0.5,"style":"PolyStyle027"},"geometry":{"type":"Polygon","coordinates":[[[39.6630376654393,24.4778957498647],[39.6629958166158,24.477896860124],[39.6625606374373,24.477521016028],[39.6626291849048,24.4774756551583],[39.6626999431758,24.4774332329537],[39.6627727619593,24.4773938395179],[39.6628509501372,24.4773559927277],[39.6629309932954,24.4773215467287],[39.6630127149599,24.4772905774644],[39.663320095574,24.4775560469574],[39.6633221185894,24.4776198804866],[39.6630376654393,24.4778957498647]]]}},{"type":"Feature","properties":{"code":"N27-170","name":"N27-170","land_use":"Low/Med Density Residential","sector":"North","gfa":340,"area":330.13,"floors":3,"height":12,"coverage":0,"far":1.03,"style":"PolyStyle0286"},"geometry":{"type":"Polygon","coordinates":[[[39.6587409071658,24.4779167169144],[39.6587351032318,24.4779228790059],[39.6586364559388,24.477845032759],[39.6586422510167,24.4778388752255],[39.6586680309348,24.4778114683641],[39.6586720892118,24.4778072050452],[39.6586775329804,24.4778014265515],[39.6586819296073,24.4777967598632],[39.6586884892201,24.4777897979163],[39.6587089639355,24.4777680623685],[39.6587375380661,24.4777377334199],[39.6587598207103,24.4777133645761],[39.658797549985,24.4776740375257],[39.6588962001987,24.4777518836569],[39.6588585435373,24.4777913196939],[39.6588576394363,24.4777928011615],[39.6588438784183,24.4778074097333],[39.6588276491999,24.4778246373138],[39.6587888735557,24.477865799584],[39.65877348343,24.4778821402364],[39.6587667000515,24.4778893379771],[39.6587409071658,24.4779167169144]]]}},{"type":"Feature","properties":{"code":"N13-2","name":"N13-2","land_use":"High Density Residential & Commercial","sector":"North","gfa":60624.1,"area":20035.27,"floors":15,"height":65,"coverage":0.78,"far":3.03,"style":"PolyStyle012"},"geometry":{"type":"Polygon","coordinates":[[[39.6690839826657,24.4774337638888],[39.6685658747535,24.4778922571096],[39.668068561184,24.477421716326],[39.6686469175636,24.4768891100046],[39.6687561147501,24.4767885489038],[39.6692600481769,24.4763244723635],[39.6693291175355,24.4763249114935],[39.6702553901879,24.4772019816418],[39.6702532534788,24.477264906862],[39.6696479759528,24.4777709844279],[39.6695376775595,24.4778631862403],[39.6690839826657,24.4774337638888]]]}},{"type":"Feature","properties":{"code":"N07-2","name":"N07-2","land_use":"Utilities","sector":"North","gfa":0,"area":3992.36,"floors":0,"height":0,"coverage":0,"far":0,"style":"PolyStyle039"},"geometry":{"type":"Polygon","coordinates":[[[39.6861491238841,24.477723318484],[39.6856752083744,24.4778489449298],[39.6854722892833,24.47720644288],[39.6855164357895,24.4771947611023],[39.6855762838819,24.4771757023565],[39.6856335633701,24.477150898493],[39.6856876180266,24.4771206336806],[39.6857378285707,24.4770852546515],[39.6857836197637,24.4770451667293],[39.6858244669991,24.4770008291851],[39.6858599023126,24.4769527499756],[39.6858895197436,24.4769014799235],[39.6860586969739,24.4774370225832],[39.6861491238841,24.477723318484]]]}},{"type":"Feature","properties":{"code":"N27-522","name":"N27-522","land_use":"Low/Med Density Residential","sector":"North","gfa":7413.4,"area":4942.29,"floors":3,"height":12,"coverage":0,"far":1.5,"style":"PolyStyle0286"},"geometry":{"type":"Polygon","coordinates":[[[39.6649369700633,24.4776237714881],[39.6645983392716,24.4779521933812],[39.6639091969106,24.4773570237484],[39.6639079835153,24.4773187227324],[39.6642069327853,24.4770287876696],[39.6642478260081,24.4770286042819],[39.6649369700633,24.4776237714881]]]}},{"type":"Feature","properties":{"code":"N27-171","name":"N27-171","land_use":"Low/Med Density Residential","sector":"North","gfa":340,"area":329.97,"floors":3,"height":12,"coverage":0,"far":1.03,"style":"PolyStyle0286"},"geometry":{"type":"Polygon","coordinates":[[[39.6588395595075,24.4779945621652],[39.6588337565711,24.4780007260622],[39.6587351032318,24.4779228790059],[39.6587409071658,24.4779167169144],[39.6587667000515,24.4778893379771],[39.65877348343,24.4778821402364],[39.6587888735557,24.477865799584],[39.6588276491999,24.4778246373138],[39.6588438784183,24.4778074097333],[39.6588576394363,24.4777928011615],[39.6588585435373,24.4777913196939],[39.6588962001987,24.4777518836569],[39.6589948515203,24.4778297297161],[39.658957241195,24.4778691556406],[39.6589379339804,24.477890147367],[39.6589359878833,24.4778922122875],[39.6589175328484,24.4779117968266],[39.6588914671779,24.4779394677874],[39.6588715959912,24.4779605567938],[39.6588670295821,24.4779654030481],[39.6588653523963,24.4779671850177],[39.6588395595075,24.4779945621652]]]}},{"type":"Feature","properties":{"code":"N34-139","name":"N34-139","land_use":"Hospitality","sector":"North","gfa":17528.1,"area":5613.24,"floors":7,"height":30,"coverage":0.88,"far":3.12,"style":"PolyStyle074"},"geometry":{"type":"Polygon","coordinates":[[[39.6799123831964,24.4778538343821],[39.6795619069125,24.4779287941042],[39.6795055103084,24.4771735513766],[39.680214345968,24.4771292170234],[39.680256401074,24.4776923532699],[39.6802628620004,24.477778872939],[39.6799123831964,24.4778538343821]]]}},{"type":"Feature","properties":{"code":"N05-8","name":"N05-8","land_use":"High Density Residential & Commercial","sector":"North","gfa":38383.9,"area":13465.39,"floors":13,"height":58,"coverage":0.77,"far":2.85,"style":"PolyStyle012"},"geometry":{"type":"Polygon","coordinates":[[[39.6740288292391,24.4778947786184],[39.673920587704,24.4779732964846],[39.6738497274712,24.4779671262545],[39.6732204411569,24.4772982442079],[39.6732256373758,24.4772345611588],[39.6735672114124,24.4769653950276],[39.6735725385294,24.4769611970077],[39.6736323533444,24.4769140587443],[39.6740419982317,24.4765913674512],[39.6741138122607,24.4765942640158],[39.6748232788071,24.477261158652],[39.6748190309948,24.4773215609477],[39.6746643650963,24.4774337585099],[39.6740288292391,24.4778947786184]]]}},{"type":"Feature","properties":{"code":"N27-52","name":"N27-52","land_use":"Low/Med Density Residential","sector":"North","gfa":340,"area":401,"floors":3,"height":12,"coverage":0,"far":0.85,"style":"PolyStyle0286"},"geometry":{"type":"Polygon","coordinates":[[[39.6585092653508,24.4779593141514],[39.6584237398737,24.478050093179],[39.6584170157286,24.4780447831618],[39.6583871247604,24.4780211899311],[39.6582374760975,24.477903113444],[39.6583423816143,24.477791848307],[39.6585061771168,24.4779211007147],[39.6585092653508,24.4779593141514]]]}},{"type":"Feature","properties":{"code":"C36-1","name":"C36-1","land_use":"High Density Mixed-Use","sector":"Central","gfa":158769.2,"area":119799.78,"floors":0,"height":94.37,"coverage":0.94,"far":1.33,"style":"PolyStyle04"},"geometry":{"type":"Polygon","coordinates":[[[39.6716179588362,24.4779889848549],[39.6716055433897,24.4779972133736],[39.6715917984523,24.4780034244167],[39.6715771116612,24.4780074428191],[39.6715618972158,24.4780091552532],[39.6715465841967,24.4780085134246],[39.6715316044645,24.4780055354342],[39.6715173804804,24.4780003052678],[39.6715043133915,24.4779929704275],[39.671492771718,24.4779837377718],[39.6695422203195,24.4761368222102],[39.6695360634373,24.4761298863313],[39.6695312970432,24.4761220870536],[39.6695280622908,24.4761136553483],[39.6695264549754,24.4761048409157],[39.6695265226963,24.4760959047902],[39.6695282634477,24.4760871116104],[39.6695316256779,24.4760787217809],[39.669536509816,24.4760709837617],[39.6695427712209,24.4760641267099],[39.6700403433238,24.4756058973954],[39.6701345850283,24.4755145401179],[39.6702235897175,24.4754188845813],[39.6703071237048,24.4753191819474],[39.6703849676698,24.4752156940041],[39.6704569172337,24.4751086924775],[39.6705227834957,24.4749984583184],[39.6705823935295,24.474885280965],[39.6705824071911,24.4748852520041],[39.670622156132,24.4747960737832],[39.6706511645112,24.4747281587609],[39.6706779851525,24.4746594946656],[39.6707166431783,24.4745471004174],[39.6707494397438,24.4744331561658],[39.670746791884,24.4744503092962],[39.6707473665668,24.4744676247828],[39.6707511470853,24.4744845992014],[39.6707580235273,24.4745007390437],[39.6707677959705,24.4745155750652],[39.6707801802952,24.4745286759285],[39.670794816444,24.4745396607431],[39.6708112788905,24.4745482101399],[39.670829089011,24.4745540755564],[39.6708477289993,24.4745570864632],[39.6708480192509,24.4745571122685],[39.6729285930505,24.4747236797142],[39.6744749370824,24.4748474583048],[39.6750701217353,24.4748947083034],[39.6750759369597,24.4748950950536],[39.6750788523838,24.4748951804695],[39.6750963370183,24.4748942047919],[39.6751134248189,24.4748906772039],[39.6751296740661,24.4748846888938],[39.6751446647168,24.4748763946595],[39.6751580092631,24.4748660089068],[39.675169362749,24.4748538001075],[39.6751710424263,24.4748516115407],[39.6751740168188,24.4748473977877],[39.675141691916,24.4749234756735],[39.6750999722682,24.4750103771054],[39.6750419688678,24.4751156587552],[39.674977309664,24.4752176409742],[39.6749062178537,24.4753159717049],[39.6748401618831,24.4753973749281],[39.6747698166084,24.4754757102437],[39.6746953518593,24.4755507885232],[39.6746169474122,24.4756224285016],[39.6745347925566,24.4756904572146],[39.6716179588362,24.4779889848549]]]}},{"type":"Feature","properties":{"code":"N27-172","name":"N27-172","land_use":"Low/Med Density Residential","sector":"North","gfa":340,"area":329.96,"floors":3,"height":12,"coverage":0,"far":1.03,"style":"PolyStyle0286"},"geometry":{"type":"Polygon","coordinates":[[[39.6589382227685,24.4780723964635],[39.6589324060843,24.4780785730681],[39.6588337565711,24.4780007260622],[39.6588395595075,24.4779945621652],[39.6588653523963,24.4779671850177],[39.6588670295821,24.4779654030481],[39.6588715959912,24.4779605567938],[39.6588914671779,24.4779394677874],[39.6589175328484,24.4779117968266],[39.6589359878833,24.4778922122875],[39.6589379339804,24.477890147367],[39.658957241195,24.4778691556406],[39.6589948515203,24.4778297297161],[39.6590935029675,24.4779075766106],[39.6590557903909,24.4779468837916],[39.6590447152351,24.47795936011],[39.6590406061516,24.4779637193923],[39.6589663483964,24.4780425399607],[39.6589640146689,24.4780450202069],[39.6589382227685,24.4780723964635]]]}},{"type":"Feature","properties":{"code":"N27-51","name":"N27-51","land_use":"Low/Med Density Residential","sector":"North","gfa":340,"area":330.48,"floors":3,"height":12,"coverage":0,"far":1.03,"style":"PolyStyle0286"},"geometry":{"type":"Polygon","coordinates":[[[39.6584237398737,24.478050093179],[39.6583384164494,24.4781406590425],[39.6583314499089,24.4781356083738],[39.6583015510212,24.4781120115485],[39.6581948932395,24.4780274029389],[39.6581521149712,24.4779936477592],[39.6582374760975,24.477903113444],[39.6583871247604,24.4780211899311],[39.6584170157286,24.4780447831618],[39.6584237398737,24.478050093179]]]}},{"type":"Feature","properties":{"code":"N27-528","name":"N27-528","land_use":"Low/Med Density Residential","sector":"North","gfa":8688,"area":5791.99,"floors":3,"height":12,"coverage":0,"far":1.5,"style":"PolyStyle0286"},"geometry":{"type":"Polygon","coordinates":[[[39.6600448886473,24.4781455504511],[39.6600031384601,24.4781483790164],[39.6591794773729,24.4774984292614],[39.659176396893,24.4774602248368],[39.6594600485289,24.4771593691814],[39.6595018092986,24.4771565479499],[39.660325328032,24.4778063846197],[39.6603284168061,24.4778445971051],[39.6600448886473,24.4781455504511]]]}},{"type":"Feature","properties":{"code":"N27-173","name":"N27-173","land_use":"Low/Med Density Residential","sector":"North","gfa":340,"area":330.07,"floors":3,"height":12,"coverage":0,"far":1.03,"style":"PolyStyle0286"},"geometry":{"type":"Polygon","coordinates":[[[39.6590370259654,24.4781503601352],[39.6590310567052,24.4781564200018],[39.6589324060843,24.4780785730681],[39.6589382227685,24.4780723964635],[39.6589640146689,24.4780450202069],[39.6589663483964,24.4780425399607],[39.6590406061516,24.4779637193923],[39.6590447152351,24.47795936011],[39.6590557903909,24.4779468837916],[39.6590935029675,24.4779075766106],[39.6591921545263,24.4779854216311],[39.659154448847,24.4780247251936],[39.6591468252207,24.478033535096],[39.6591225456825,24.4780593062406],[39.6590965761693,24.4780868684406],[39.6590772811185,24.4781073552802],[39.6590626613584,24.4781228716533],[39.6590370259654,24.4781503601352]]]}},{"type":"Feature","properties":{"code":"N27-674","name":"N27-674","land_use":"Community Facilities","sector":"North","gfa":835.3,"area":1669.48,"floors":2,"height":20,"coverage":0.67,"far":0.5,"style":"PolyStyle027"},"geometry":{"type":"Polygon","coordinates":[[[39.66268364729,24.4778135185656],[39.6623470218874,24.4781437727176],[39.6621334531292,24.4779594104852],[39.6621312383353,24.4779202955998],[39.6622732024009,24.4777694969418],[39.6623280959989,24.4777133750299],[39.6623855847469,24.477659473432],[39.6624455615308,24.4776078925755],[39.6626527189067,24.4777868068066],[39.66268364729,24.4778135185656]]]}},{"type":"Feature","properties":{"code":"N25-1","name":"N25-1","land_use":"High Density Residential & Commercial","sector":"North","gfa":65110,"area":26216.95,"floors":11,"height":62.4,"coverage":0.93,"far":2.48,"style":"PolyStyle012"},"geometry":{"type":"Polygon","coordinates":[[[39.6667067725095,24.478124867086],[39.6666362202449,24.478125793433],[39.6665932995954,24.478088475747],[39.665486662797,24.4771261767204],[39.665476378229,24.4771156769443],[39.6654680568599,24.4771038093154],[39.6654619120908,24.4770908781793],[39.6654581015039,24.4770772151552],[39.6654567228208,24.4770631706316],[39.6654578113972,24.4770491047801],[39.6654613393156,24.4770353783195],[39.6654672161018,24.4770223432646],[39.6654752910452,24.4770103338991],[39.6654853570634,24.4769996582028],[39.6660424794435,24.4764966135517],[39.6660434135461,24.4764974755375],[39.6664267008142,24.4761496827332],[39.6664376627307,24.4761406537153],[39.6664500362432,24.4761333098853],[39.6664524143417,24.4761321695779],[39.6664526033412,24.4761320811405],[39.6664597480084,24.4761291307041],[39.6664622527825,24.4761282472304],[39.6664647835552,24.4761274286675],[39.6664673383671,24.4761266777334],[39.6664699172134,24.476125993525],[39.6664725151652,24.4761253769672],[39.6664751312403,24.4761248289674],[39.666477764452,24.47612434953],[39.6664913739556,24.4761229847568],[39.666505055518,24.4761234488411],[39.666507737277,24.476123755817],[39.6665104065741,24.4761241323889],[39.6665130644057,24.4761245803588],[39.6665157068152,24.4761250979378],[39.6665235207741,24.4761270657119],[39.6665376433156,24.4761324411889],[39.666550622869,24.4761398467934],[39.6665621139606,24.4761490854125],[39.6665658141491,24.4761525876908],[39.6670213257838,24.476583753828],[39.6676327089684,24.4771624527113],[39.6676414771564,24.4771722037502],[39.6676484361651,24.4771831085834],[39.6676534082722,24.4771948887191],[39.6676562664974,24.4772072433114],[39.6676569378456,24.4772198568438],[39.667655405171,24.4772324071868],[39.667651707615,24.4772445738243],[39.6676459396068,24.4772560460396],[39.6676382484518,24.4772665308503],[39.6676288305695,24.4772757604906],[39.6667485046546,24.4780864362032],[39.6667067725095,24.478124867086]]]}},{"type":"Feature","properties":{"code":"N34-140","name":"N34-140","land_use":"Hospitality","sector":"North","gfa":17528.1,"area":6690.22,"floors":7,"height":30,"coverage":0.89,"far":2.62,"style":"PolyStyle074"},"geometry":{"type":"Polygon","coordinates":[[[39.6789184673895,24.4780542533257],[39.6787430516196,24.4780849138286],[39.6785665303775,24.4781096970636],[39.6785013238174,24.477236353161],[39.6792101612894,24.4771920234998],[39.6792665902669,24.4779477403641],[39.6792693281061,24.4779844050733],[39.6791523850183,24.4780077330234],[39.6789184673895,24.4780542533257]]]}},{"type":"Feature","properties":{"code":"N27-50","name":"N27-50","land_use":"Low/Med Density Residential","sector":"North","gfa":340,"area":330.09,"floors":3,"height":12,"coverage":0,"far":1.03,"style":"PolyStyle0286"},"geometry":{"type":"Polygon","coordinates":[[[39.6583384164494,24.4781406590425],[39.6582530762219,24.4782312429948],[39.6582461096843,24.4782261932253],[39.6582162627849,24.4782025374534],[39.6581095668529,24.4781179975892],[39.6580667380379,24.478084201965],[39.6581521149712,24.4779936477592],[39.6581948932395,24.4780274029389],[39.6583015510212,24.4781120115485],[39.6583314499089,24.4781356083738],[39.6583384164494,24.4781406590425]]]}},{"type":"Feature","properties":{"code":"N27-530","name":"N27-530","land_use":"Low/Med Density Residential","sector":"North","gfa":14376.3,"area":9588.58,"floors":3,"height":12,"coverage":0,"far":1.5,"style":"PolyStyle0286"},"geometry":{"type":"Polygon","coordinates":[[[39.661503488831,24.4782040838946],[39.6614576487006,24.4782175579264],[39.6614484651307,24.4782148625445],[39.661065336962,24.4781023960997],[39.6609984330609,24.4780800109614],[39.6609337046557,24.4780527905534],[39.6608715681753,24.478020909998],[39.6608124233721,24.4779845743983],[39.660756650751,24.4779440175188],[39.6604007854133,24.4776632072556],[39.6604152832573,24.4776478186303],[39.6607229717191,24.4773212156548],[39.6610788377347,24.477602020657],[39.661120993685,24.4776310274317],[39.6611669987724,24.4776546316642],[39.6612160316426,24.4776724119344],[39.661306709603,24.4776990295629],[39.6613274550212,24.4777335287289],[39.6612751177592,24.4779178884304],[39.6613916455064,24.4779311086891],[39.6614108625229,24.4779106851211],[39.6623113577532,24.4769536702798],[39.6623208158581,24.4769421505959],[39.6623285205167,24.4769295843693],[39.6626376812681,24.4771732431766],[39.6626354630017,24.4771743881425],[39.6626341274828,24.4771750713489],[39.6626325016712,24.477175910264],[39.6626307272573,24.4771768265971],[39.6626291024467,24.4771776682171],[39.6626276282735,24.477178444151],[39.6626243915939,24.4771801490095],[39.6626056593469,24.4771900066646],[39.6626023253958,24.477191792328],[39.6626005708637,24.4771927365706],[39.6625988123844,24.4771936808305],[39.66259705984,24.4771946277737],[39.6625948851331,24.477195799642],[39.6625293898279,24.4772327504106],[39.6625276760979,24.4772337604021],[39.6625259623585,24.4772347685874],[39.66246994479,24.4772689837271],[39.6624497060813,24.4772819375839],[39.6623830313887,24.4773269710147],[39.6623183385393,24.4773743638649],[39.6622283234276,24.4774470668138],[39.6621858178362,24.4774844459052],[39.6621350568062,24.4775279039851],[39.6620890585229,24.4775755968106],[39.6620710621389,24.4775946595128],[39.6619785512542,24.4776928623549],[39.6617971327708,24.4778845034525],[39.6616180816828,24.4780780006788],[39.6616009755303,24.4780961707455],[39.6615832727184,24.4781149774218],[39.6615708859268,24.4781281324982],[39.661565571837,24.4781337768626],[39.6615124443902,24.4781933651447],[39.661503488831,24.4782040838946]]]}},{"type":"Feature","properties":{"code":"N27-174","name":"N27-174","land_use":"Low/Med Density Residential","sector":"North","gfa":340,"area":329.53,"floors":3,"height":12,"coverage":0,"far":1.03,"style":"PolyStyle0286"},"geometry":{"type":"Polygon","coordinates":[[[39.6591355359041,24.4782280775605],[39.6591297094018,24.4782342632467],[39.6590310567052,24.4781564200018],[39.6590370259654,24.4781503601352],[39.6590626613584,24.4781228716533],[39.6590772811185,24.4781073552802],[39.6590965761693,24.4780868684406],[39.6591225456825,24.4780593062406],[39.6591468252207,24.478033535096],[39.659154448847,24.4780247251936],[39.6591921545263,24.4779854216311],[39.659290805238,24.4780632702005],[39.6592532303038,24.4781026653362],[39.6591611354744,24.4782005332244],[39.6591355359041,24.4782280775605]]]}},{"type":"Feature","properties":{"code":"N34-128","name":"N34-128","land_use":"Medium Density Residential","sector":"North","gfa":27518.4,"area":7056.01,"floors":7,"height":30,"coverage":0.89,"far":3.9,"style":"PolyStyle0113"},"geometry":{"type":"Polygon","coordinates":[[[39.6779175024455,24.4781599852324],[39.6775630822506,24.4781821474993],[39.677540210796,24.477875798974],[39.6775186852603,24.4775874735879],[39.6774971598348,24.4772991472827],[39.677851578563,24.4772769852169],[39.6782060001059,24.4772548223091],[39.6782275251552,24.4775431475858],[39.6782490513113,24.4778314737451],[39.6782712046392,24.4781281654781],[39.6782711789923,24.4781281673995],[39.6782719007855,24.478137822234],[39.6779175024455,24.4781599852324]]]}},{"type":"Feature","properties":{"code":"N27-520","name":"N27-520","land_use":"Low/Med Density Residential","sector":"North","gfa":8089.6,"area":5392.74,"floors":3,"height":12,"coverage":0,"far":1.5,"style":"PolyStyle0286"},"geometry":{"type":"Polygon","coordinates":[[[39.664321609114,24.4779242961399],[39.663982977865,24.478252713974],[39.6634174396376,24.4777642918469],[39.6634162263887,24.4777259917291],[39.6635652250812,24.4775814883375],[39.6631565713577,24.4772285539072],[39.6632173010325,24.4771973995254],[39.6632765103333,24.477163883369],[39.6632982047318,24.4771532377402],[39.6633215246503,24.4771460295181],[39.6633458257805,24.4771424611229],[39.6633704267067,24.4771426213435],[39.6633946801156,24.4771465157312],[39.6634178867558,24.4771540308525],[39.6634394100614,24.4771649635888],[39.663458652397,24.4771790076938],[39.664321609114,24.4779242961399]]]}},{"type":"Feature","properties":{"code":"N34-141","name":"N34-141","land_use":"Hospitality","sector":"North","gfa":9977.5,"area":6651.16,"floors":8,"height":40,"coverage":0.87,"far":1.5,"style":"PolyStyle074"},"geometry":{"type":"Polygon","coordinates":[[[39.6772018949162,24.4773190763773],[39.6772677058439,24.4782006187001],[39.676762642752,24.4781995737283],[39.6763058720599,24.4774997719556],[39.6764514170799,24.4774557282018],[39.6765988114626,24.4774171786427],[39.6767478077134,24.4773841880072],[39.6768981556486,24.47735681169],[39.6770496028155,24.4773350956589],[39.6772018949162,24.4773190763773]]]}},{"type":"Feature","properties":{"code":"N27-53","name":"N27-53","land_use":"Low/Med Density Residential","sector":"North","gfa":340,"area":410.22,"floors":3,"height":12,"coverage":0,"far":0.83,"style":"PolyStyle0286"},"geometry":{"type":"Polygon","coordinates":[[[39.6587959611667,24.4782082040595],[39.6587205735793,24.4782882324086],[39.6585704742009,24.4781695675823],[39.6585405802238,24.4781459762027],[39.6585337333917,24.4781407958737],[39.6586213698171,24.4780477750392],[39.6586631220041,24.4780449504596],[39.6588275414143,24.4781746919908],[39.6588217413779,24.4781808459404],[39.6587959611667,24.4782082040595]]]}},{"type":"Feature","properties":{"code":"N34-135","name":"N34-135","land_use":"Medium Density Residential","sector":"North","gfa":17528.1,"area":4437.49,"floors":7,"height":30,"coverage":0.87,"far":3.95,"style":"PolyStyle0113"},"geometry":{"type":"Polygon","coordinates":[[[39.6825082843627,24.4780302258862],[39.6818353081565,24.4782085899506],[39.6816637524144,24.477666416854],[39.6823367250467,24.4774880563127],[39.6825082843627,24.4780302258862]]]}},{"type":"Feature","properties":{"code":"N27-175","name":"N27-175","land_use":"Low/Med Density Residential","sector":"North","gfa":340,"area":330.55,"floors":3,"height":12,"coverage":0,"far":1.03,"style":"PolyStyle0286"},"geometry":{"type":"Polygon","coordinates":[[[39.6592341946222,24.4783059170956],[39.6592283602599,24.4783121091418],[39.6591297094018,24.4782342632467],[39.6591355359041,24.4782280775605],[39.6591611354744,24.4782005332244],[39.6592532303038,24.4781026653362],[39.659290805238,24.4780632702005],[39.6593894580161,24.478141113275],[39.6593518692897,24.4781805112042],[39.6593441778088,24.478189176008],[39.6593229327176,24.4782117233055],[39.6593138647062,24.4782213505323],[39.6592879109118,24.4782488973426],[39.6592602273999,24.4782787519747],[39.6592573828727,24.4782813030924],[39.6592527644544,24.4782862046761],[39.6592459359536,24.4782934532102],[39.659238130975,24.4783017391883],[39.6592341946222,24.4783059170956]]]}},{"type":"Feature","properties":{"code":"N27-49","name":"N27-49","land_use":"Low/Med Density Residential","sector":"North","gfa":340,"area":329.49,"floors":3,"height":12,"coverage":0,"far":1.03,"style":"PolyStyle0286"},"geometry":{"type":"Polygon","coordinates":[[[39.6582530762219,24.4782312429948],[39.6581677800434,24.4783217815512],[39.6581608115164,24.4783167290772],[39.6581563422908,24.4783127566997],[39.6581311619464,24.4782928782557],[39.6581086806856,24.4782751131216],[39.6580802859793,24.4782527063516],[39.6580417981613,24.4782223336523],[39.6580246171598,24.4782081841418],[39.6579814061592,24.4781747143832],[39.6580667380379,24.478084201965],[39.6581095668529,24.4781179975892],[39.6582162627849,24.4782025374534],[39.6582461096843,24.4782261932253],[39.6582530762219,24.4782312429948]]]}},{"type":"Feature","properties":{"code":"N27-673","name":"N27-673","land_use":"Education","sector":"North","gfa":800.5,"area":1601,"floors":2,"height":20,"coverage":0.72,"far":0.5,"style":"PolyStyle00"},"geometry":{"type":"Polygon","coordinates":[[[39.6625974400704,24.4783226942235],[39.6625555743234,24.4783238044374],[39.6623470218874,24.4781437727176],[39.66268364729,24.4778135185656],[39.6628942263004,24.4779953860369],[39.662895439396,24.4780336861609],[39.6625974400704,24.4783226942235]]]}},{"type":"Feature","properties":{"code":"N07-1","name":"N07-1","land_use":"Community Facilities","sector":"North","gfa":15092,"area":12576.67,"floors":2,"height":20,"coverage":1,"far":1.2,"style":"PolyStyle027"},"geometry":{"type":"Polygon","coordinates":[[[39.6841537264965,24.4782522212296],[39.684110116623,24.4782637773607],[39.6840489976665,24.478232967473],[39.6840359662781,24.4781917913852],[39.6838845598971,24.477710100844],[39.6838738313125,24.4776764987965],[39.6839073514541,24.4776204903092],[39.6839436214192,24.4776107899813],[39.6854722537984,24.477206450266],[39.6856751006175,24.4778487268615],[39.6841564540823,24.4782514981154],[39.684153927518,24.4782521679378],[39.6841537264965,24.4782522212296]]]}},{"type":"Feature","properties":{"code":"N27-54","name":"N27-54","land_use":"Low/Med Density Residential","sector":"North","gfa":340,"area":330.5,"floors":3,"height":12,"coverage":0,"far":1.03,"style":"PolyStyle0286"},"geometry":{"type":"Polygon","coordinates":[[[39.6586664428421,24.4783456872747],[39.6586355132238,24.4783785182214],[39.6585927604754,24.4783447820265],[39.658485332286,24.4782603052342],[39.6584553981259,24.4782363888855],[39.6584486730014,24.4782310824869],[39.6585337333917,24.4781407958737],[39.6585405802238,24.4781459762027],[39.6585704742009,24.4781695675823],[39.6587205735793,24.4782882324086],[39.6586664428421,24.4783456872747]]]}},{"type":"Feature","properties":{"code":"N27-176","name":"N27-176","land_use":"Low/Med Density Residential","sector":"North","gfa":340,"area":330.05,"floors":3,"height":12,"coverage":0,"far":1.03,"style":"PolyStyle0286"},"geometry":{"type":"Polygon","coordinates":[[[39.6593328455904,24.478383761113],[39.6593270132173,24.4783899558636],[39.6592283602599,24.4783121091418],[39.6592341946222,24.4783059170956],[39.659238130975,24.4783017391883],[39.6592459359536,24.4782934532102],[39.6592527644544,24.4782862046761],[39.6592573828727,24.4782813030924],[39.6592602273999,24.4782787519747],[39.6592879109118,24.4782488973426],[39.6593138647062,24.4782213505323],[39.6593229327176,24.4782117233055],[39.6593441778088,24.478189176008],[39.6593518692897,24.4781805112042],[39.6593894580161,24.478141113275],[39.6594881109292,24.4782189589909],[39.659450801532,24.4782585562204],[39.6593586374654,24.4783563847907],[39.6593328455904,24.478383761113]]]}},{"type":"Feature","properties":{"code":"N05-OS1","name":"N05-OS1","land_use":"Open Space","sector":"North","gfa":4526.5,"area":54591.21,"floors":2,"height":20,"coverage":0,"far":0.08,"style":"PolyStyle02"},"geometry":{"type":"Polygon","coordinates":[[[39.6749820256719,24.4777961261811],[39.6739897029,24.4783373662251],[39.6738611890398,24.478200768357],[39.6741268132504,24.4780080853627],[39.6740288292391,24.4778947786184],[39.6746643650963,24.4774337585099],[39.6747624377622,24.477546999424],[39.6753044702337,24.4771538021019],[39.6752089630547,24.4770444380501],[39.6754450195257,24.4768762260974],[39.675446668131,24.4768750527856],[39.6757681488309,24.4766457572056],[39.6749959395759,24.4758249385856],[39.6750038556453,24.4758173539504],[39.6750045339443,24.4758166835064],[39.675092973243,24.4757273019959],[39.6751770985773,24.475633374385],[39.6752560705545,24.4755357091214],[39.6753198756337,24.4754486231464],[39.6753205649596,24.4754476157839],[39.6753819855033,24.4753552842185],[39.6754350368777,24.4752673684191],[39.6754421772906,24.475256644333],[39.6754487894221,24.4752488135303],[39.6754575242031,24.4752404403912],[39.675472116887,24.4752299087724],[39.6754884282908,24.475221731156],[39.6755056601773,24.4752162913283],[39.6755227121819,24.4752135607037],[39.6755400210353,24.4752133082009],[39.6759433859774,24.4752454610984],[39.6759187542649,24.4761442903183],[39.6760436167834,24.4765394709407],[39.6763014195416,24.4764706671038],[39.6765604692609,24.4764059054957],[39.6765843328024,24.4765323073741],[39.6766843769503,24.4765065402289],[39.6767856747131,24.4764852676089],[39.6768879851826,24.4764685401048],[39.6771999597623,24.4764598873083],[39.6772027982975,24.4763354999575],[39.6784081837213,24.4763725225798],[39.6783989234436,24.4765118485458],[39.679088662204,24.4765502471158],[39.6790982476829,24.4764060147587],[39.6792296406255,24.4764133292481],[39.6793191729315,24.4764183130047],[39.6797131593738,24.4764402446763],[39.6797976357511,24.4755526294062],[39.6806039274412,24.4756169060554],[39.6806487924458,24.475665809859],[39.6805807232774,24.47637996053],[39.6803097287125,24.4763648767365],[39.6801569711447,24.476356374208],[39.6800387351864,24.476349792451],[39.6800284558054,24.4764577952917],[39.6799916601971,24.4768444202455],[39.6774749389581,24.4770018126442],[39.6771713494202,24.4770223606105],[39.6770058004864,24.477039774328],[39.6768411700291,24.4770633806901],[39.6766777344806,24.4770931400598],[39.6765157682675,24.4771290024684],[39.6763555433499,24.4771709076995],[39.6761973287648,24.47721878539],[39.6758648850158,24.4773311222177],[39.6752510001021,24.4776584856387],[39.6749820256719,24.4777961261811]]]}},{"type":"Feature","properties":{"code":"N27-48","name":"N27-48","land_use":"Low/Med Density Residential","sector":"North","gfa":340,"area":330.38,"floors":3,"height":12,"coverage":0,"far":1.03,"style":"PolyStyle0286"},"geometry":{"type":"Polygon","coordinates":[[[39.6581677800434,24.4783217815512],[39.6580825043439,24.4784122964899],[39.6580757683234,24.4784069810908],[39.6580456928128,24.478383580965],[39.6580140472651,24.4783582784485],[39.6579709894941,24.4783243013635],[39.6579389770861,24.4782990383598],[39.6578960927671,24.4782651995796],[39.6579814061592,24.4781747143832],[39.6580246171598,24.4782081841418],[39.6580417981613,24.4782223336523],[39.6580802859793,24.4782527063516],[39.6581086806856,24.4782751131216],[39.6581311619464,24.4782928782557],[39.6581563422908,24.4783127566997],[39.6581608115164,24.4783167290772],[39.6581677800434,24.4783217815512]]]}},{"type":"Feature","properties":{"code":"N27-96","name":"N27-96","land_use":"Low/Med Density Residential","sector":"North","gfa":340,"area":329.96,"floors":3,"height":12,"coverage":0,"far":1.03,"style":"PolyStyle0286"},"geometry":{"type":"Polygon","coordinates":[[[39.6588016732535,24.4783841879547],[39.6587650954897,24.4784235343698],[39.6586664428421,24.4783456872747],[39.6587205735793,24.4782882324086],[39.6587959611667,24.4782082040595],[39.6588217413779,24.4781808459404],[39.6588275414143,24.4781746919908],[39.6589261920441,24.4782525380887],[39.6589206724377,24.4782589147958],[39.6589027181421,24.4782774540311],[39.6588943596279,24.4782863258296],[39.6588030508667,24.4783832435929],[39.6588016732535,24.4783841879547]]]}},{"type":"Feature","properties":{"code":"N27-55","name":"N27-55","land_use":"Low/Med Density Residential","sector":"North","gfa":340,"area":329.49,"floors":3,"height":12,"coverage":0,"far":1.03,"style":"PolyStyle0286"},"geometry":{"type":"Polygon","coordinates":[[[39.6586355132238,24.4783785182214],[39.6585504557076,24.4784688039748],[39.6585079433848,24.478434811122],[39.6584005328127,24.4783505003703],[39.6583700991502,24.4783269311785],[39.6583636174146,24.4783213672259],[39.6584486730014,24.4782310824869],[39.6584553981259,24.4782363888855],[39.658485332286,24.4782603052342],[39.6585927604754,24.4783447820265],[39.6586355132238,24.4783785182214]]]}},{"type":"Feature","properties":{"code":"N27-177","name":"N27-177","land_use":"Low/Med Density Residential","sector":"North","gfa":340,"area":329.38,"floors":3,"height":12,"coverage":0,"far":1.03,"style":"PolyStyle0286"},"geometry":{"type":"Polygon","coordinates":[[[39.6594315074873,24.478461595984],[39.659425664322,24.4784678025261],[39.6593270132173,24.4783899558636],[39.6593328455904,24.478383761113],[39.6593586374654,24.4783563847907],[39.659450801532,24.4782585562204],[39.6594881109292,24.4782189589909],[39.6595867619944,24.4782968055508],[39.6595491456603,24.4783362045517],[39.6594571119765,24.4784340524805],[39.6594315074873,24.478461595984]]]}},{"type":"Feature","properties":{"code":"N27-47","name":"N27-47","land_use":"Low/Med Density Residential","sector":"North","gfa":340,"area":330.39,"floors":3,"height":12,"coverage":0,"far":1.03,"style":"PolyStyle0286"},"geometry":{"type":"Polygon","coordinates":[[[39.6580825043439,24.4784122964899],[39.6579972501008,24.4785027860002],[39.6579902815702,24.4784977335184],[39.6579599891219,24.4784745555883],[39.6579301168211,24.4784498115964],[39.6578851297936,24.478414312079],[39.6578537515423,24.4783895493411],[39.6578108028051,24.4783556593392],[39.6578960927671,24.4782651995796],[39.6579389770861,24.4782990383598],[39.6579709894941,24.4783243013635],[39.6580140472651,24.4783582784485],[39.6580456928128,24.478383580965],[39.6580757683234,24.4784069810908],[39.6580825043439,24.4784122964899]]]}},{"type":"Feature","properties":{"code":"N27-95","name":"N27-95","land_use":"Low/Med Density Residential","sector":"North","gfa":340,"area":329.9,"floors":3,"height":12,"coverage":0,"far":1.03,"style":"PolyStyle0286"},"geometry":{"type":"Polygon","coordinates":[[[39.6589006117317,24.478461947012],[39.6588637462753,24.4785013795995],[39.6587650954897,24.4784235343698],[39.6588016732535,24.4783841879547],[39.6588030508667,24.4783832435929],[39.6588943596279,24.4782863258296],[39.6589027181421,24.4782774540311],[39.6589206724377,24.4782589147958],[39.6589261920441,24.4782525380887],[39.6590248447732,24.4783303850133],[39.6590191874258,24.4783366512394],[39.6590136821864,24.4783421861677],[39.6590055670511,24.4783507977115],[39.6589929301318,24.4783641099139],[39.6589756611273,24.4783825450178],[39.6589146450218,24.4784473092506],[39.6589006117317,24.478461947012]]]}},{"type":"Feature","properties":{"code":"N27-178","name":"N27-178","land_use":"Low/Med Density Residential","sector":"North","gfa":340,"area":330.63,"floors":3,"height":12,"coverage":0,"far":1.03,"style":"PolyStyle0286"},"geometry":{"type":"Polygon","coordinates":[[[39.6595301655909,24.4785394371263],[39.6595243165345,24.4785456491167],[39.659425664322,24.4784678025261],[39.6594315074873,24.478461595984],[39.6594571119765,24.4784340524805],[39.6595491456603,24.4783362045517],[39.6595867619944,24.4782968055508],[39.6596854131806,24.4783746520429],[39.6596480841883,24.478414272887],[39.659555935852,24.4785120816374],[39.6595301655909,24.4785394371263]]]}},{"type":"Feature","properties":{"code":"N27-56","name":"N27-56","land_use":"Low/Med Density Residential","sector":"North","gfa":340,"area":330,"floors":3,"height":12,"coverage":0,"far":1.03,"style":"PolyStyle0286"},"geometry":{"type":"Polygon","coordinates":[[[39.6585053477878,24.478516683278],[39.6584653970837,24.4785590896862],[39.6584228827834,24.4785250977217],[39.658315474143,24.4784407832899],[39.6582850375321,24.4784172177067],[39.6582785538219,24.4784116537591],[39.6583636174146,24.4783213672259],[39.6583700991502,24.4783269311785],[39.6584005328127,24.4783505003703],[39.6585079433848,24.478434811122],[39.6585504557076,24.4784688039748],[39.6585369182927,24.4784831658925],[39.6585111429068,24.4785105266524],[39.6585053477878,24.478516683278]]]}},{"type":"Feature","properties":{"code":"N34-136","name":"N34-136","land_use":"Medium Density Residential","sector":"North","gfa":17528.1,"area":4437.49,"floors":7,"height":30,"coverage":0.87,"far":3.95,"style":"PolyStyle0113"},"geometry":{"type":"Polygon","coordinates":[[[39.6815509517165,24.4782839521857],[39.6808779727094,24.4784623120388],[39.6807064216551,24.4779201377865],[39.6813793960966,24.4777417805578],[39.6815509517165,24.4782839521857]]]}},{"type":"Feature","properties":{"code":"N27-524","name":"N27-524","land_use":"Low/Med Density Residential","sector":"North","gfa":12325.6,"area":8216.62,"floors":3,"height":12,"coverage":0,"far":1.5,"style":"PolyStyle0286"},"geometry":{"type":"Polygon","coordinates":[[[39.6663762780224,24.4784292264564],[39.6662493710651,24.478546091439],[39.6643126491197,24.4768734908329],[39.6643115069908,24.4768352527256],[39.6644987585693,24.4766536457489],[39.6663739982242,24.4782839433969],[39.6663858000083,24.4782959792541],[39.6663953656993,24.4783095763716],[39.6664024529537,24.4783243902722],[39.666406882218,24.4783400456519],[39.6664085412775,24.478356145888],[39.6664073880996,24.4783722830873],[39.6664034518986,24.4783880484203],[39.6663968323955,24.4784030424781],[39.6663876972922,24.478416885392],[39.6663762780224,24.4784292264564]]]}},{"type":"Feature","properties":{"code":"N27-94","name":"N27-94","land_use":"Low/Med Density Residential","sector":"North","gfa":340,"area":329.85,"floors":3,"height":12,"coverage":0,"far":1.03,"style":"PolyStyle0286"},"geometry":{"type":"Polygon","coordinates":[[[39.6589992276696,24.4785400903366],[39.6589623991649,24.4785792265591],[39.6588637462753,24.4785013795995],[39.6589006117317,24.478461947012],[39.6589146450218,24.4784473092506],[39.6589756611273,24.4783825450178],[39.6589929301318,24.4783641099139],[39.6590055670511,24.4783507977115],[39.6590136821864,24.4783421861677],[39.6590191874258,24.4783366512394],[39.6590248447732,24.4783303850133],[39.6591234976139,24.4784082300639],[39.6591176659526,24.4784143742281],[39.6590913599364,24.478441950539],[39.6589992276696,24.4785400903366]]]}},{"type":"Feature","properties":{"code":"N27-46","name":"N27-46","land_use":"Low/Med Density Residential","sector":"North","gfa":340,"area":329.59,"floors":3,"height":12,"coverage":0,"far":1.03,"style":"PolyStyle0286"},"geometry":{"type":"Polygon","coordinates":[[[39.6579972501008,24.4785027860002],[39.657912016365,24.4785932573113],[39.6579048236039,24.4785883521097],[39.6578973453473,24.4785816798171],[39.6578929240248,24.4785781903994],[39.6578753754733,24.4785643396043],[39.6577685019263,24.4784800089015],[39.657725532354,24.4784460990977],[39.6578108028051,24.4783556593392],[39.6578537515423,24.4783895493411],[39.6578851297936,24.478414312079],[39.6579301168211,24.4784498115964],[39.6579599891219,24.4784745555883],[39.6579902815702,24.4784977335184],[39.6579972501008,24.4785027860002]]]}},{"type":"Feature","properties":{"code":"N27-77","name":"N27-77","land_use":"Low/Med Density Residential","sector":"North","gfa":340,"area":330,"floors":3,"height":12,"coverage":0,"far":1.03,"style":"PolyStyle0286"},"geometry":{"type":"Polygon","coordinates":[[[39.6586097955926,24.4785883738465],[39.658603998492,24.4785945286782],[39.6585053477878,24.478516683278],[39.6585111429068,24.4785105266524],[39.6585369182927,24.4784831658925],[39.6585504557076,24.4784688039748],[39.6586355132238,24.4783785182214],[39.6586664428421,24.4783456872747],[39.6587650954897,24.4784235343698],[39.6587282343001,24.4784626553256],[39.6586358310534,24.4785607391904],[39.6586097955926,24.4785883738465]]]}},{"type":"Feature","properties":{"code":"N27-527","name":"N27-527","land_use":"Low/Med Density Residential","sector":"North","gfa":6929.8,"area":4619.89,"floors":3,"height":12,"coverage":0,"far":1.5,"style":"PolyStyle0286"},"geometry":{"type":"Polygon","coordinates":[[[39.6601424655086,24.4784371890399],[39.6599813713792,24.4786081847734],[39.6598827168838,24.478530341207],[39.6597840664614,24.4784524984586],[39.6596854131806,24.4783746520429],[39.6595867619944,24.4782968055508],[39.6594881109292,24.4782189589909],[39.6593894580161,24.478141113275],[39.659290805238,24.4780632702005],[39.6591921545263,24.4779854216311],[39.6590935029675,24.4779075766106],[39.6589948515203,24.4778297297161],[39.6588962001987,24.4777518836569],[39.658797549985,24.4776740375257],[39.6586988979138,24.4775961904321],[39.6586002479372,24.4775183432622],[39.6587614169298,24.4773474064433],[39.6601424655086,24.4784371890399]]]}},{"type":"Feature","properties":{"code":"N27-179","name":"N27-179","land_use":"Low/Med Density Residential","sector":"North","gfa":340,"area":330,"floors":3,"height":12,"coverage":0,"far":1.03,"style":"PolyStyle0286"},"geometry":{"type":"Polygon","coordinates":[[[39.659628761991,24.4786173443993],[39.6596229708228,24.4786234920183],[39.6595243165345,24.4785456491167],[39.6595301655909,24.4785394371263],[39.659555935852,24.4785120816374],[39.6596480841883,24.478414272887],[39.6596854131806,24.4783746520429],[39.6597840664614,24.4784524984586],[39.659746781625,24.4784920694614],[39.6596545832579,24.4785899308709],[39.659628761991,24.4786173443993]]]}},{"type":"Feature","properties":{"code":"N27-57","name":"N27-57","land_use":"Low/Med Density Residential","sector":"North","gfa":340,"area":330.18,"floors":3,"height":12,"coverage":0,"far":1.03,"style":"PolyStyle0286"},"geometry":{"type":"Polygon","coordinates":[[[39.6584434844214,24.4785823451186],[39.6583803343964,24.4786493762715],[39.6583379094253,24.4786152953873],[39.6583334664643,24.4786123913069],[39.6583262954292,24.4786067337214],[39.658325048891,24.4786057493197],[39.6582782909811,24.4785688514617],[39.6582364141851,24.4785358031493],[39.6582304163673,24.4785310715775],[39.6582135148553,24.4785177354982],[39.6581999797309,24.4785075023651],[39.6581934960196,24.478501938414],[39.6582630879617,24.4784280678443],[39.6582785538219,24.4784116537591],[39.6582850375321,24.4784172177067],[39.658315474143,24.4784407832899],[39.6584228827834,24.4785250977217],[39.6584653970837,24.4785590896862],[39.6584434844214,24.4785823451186]]]}},{"type":"Feature","properties":{"code":"N27-93","name":"N27-93","land_use":"Low/Med Density Residential","sector":"North","gfa":340,"area":329.96,"floors":3,"height":12,"coverage":0,"far":1.03,"style":"PolyStyle0286"},"geometry":{"type":"Polygon","coordinates":[[[39.6590979156349,24.4786176399218],[39.6590610501925,24.4786570716532],[39.6589623991649,24.4785792265591],[39.6589992276696,24.4785400903366],[39.6590913599364,24.478441950539],[39.6591176659526,24.4784143742281],[39.6591234976139,24.4784082300639],[39.6592221486113,24.4784860768616],[39.6592163238119,24.4784922119682],[39.6591900178207,24.4785197919084],[39.6591323000431,24.4785813998383],[39.6590979156349,24.4786176399218]]]}},{"type":"Feature","properties":{"code":"N34-12","name":"N34-12","land_use":"Medium Density Mixed-Use","sector":"North","gfa":16000,"area":10039.82,"floors":5,"height":30,"coverage":0.77,"far":1.59,"style":"PolyStyle03"},"geometry":{"type":"Polygon","coordinates":[[[39.6835662884637,24.4784079127643],[39.6829847663302,24.4785620417791],[39.6829825757783,24.4785551264838],[39.6827624375341,24.4778594255593],[39.6827240082768,24.4777379783475],[39.6826210782075,24.4774126908384],[39.6825949964152,24.4773302653195],[39.6832676091343,24.4771519944224],[39.6836333168287,24.4783154956897],[39.6836338843794,24.4783288734466],[39.6836321710443,24.4783421691383],[39.6836282185413,24.4783550590233],[39.6836221231107,24.4783672292407],[39.6836140331719,24.4783783834531],[39.6836041457097,24.4783882500623],[39.6835927014773,24.478396588822],[39.6835799791348,24.4784031966886],[39.6835662884637,24.4784079127643]]]}},{"type":"Feature","properties":{"code":"N27-78","name":"N27-78","land_use":"Low/Med Density Residential","sector":"North","gfa":340,"area":329.9,"floors":3,"height":12,"coverage":0,"far":1.03,"style":"PolyStyle0286"},"geometry":{"type":"Polygon","coordinates":[[[39.6587089230255,24.4786665937036],[39.6587026493266,24.4786723758169],[39.658603998492,24.4785945286782],[39.6586097955926,24.4785883738465],[39.6586358310534,24.4785607391904],[39.6587282343001,24.4784626553256],[39.6587650954897,24.4784235343698],[39.6588637462753,24.4785013795995],[39.6588265459523,24.4785405625677],[39.6587958649695,24.4785733861403],[39.6587617418767,24.4786096078499],[39.6587343572049,24.478638332169],[39.6587089230255,24.4786665937036]]]}},{"type":"Feature","properties":{"code":"N27-45","name":"N27-45","land_use":"Low/Med Density Residential","sector":"North","gfa":340,"area":329.9,"floors":3,"height":12,"coverage":0,"far":1.03,"style":"PolyStyle0286"},"geometry":{"type":"Polygon","coordinates":[[[39.657912016365,24.4785932573113],[39.6578268109606,24.4786836968424],[39.6578200828676,24.4786783886228],[39.6577901730356,24.4786547818117],[39.6576832974689,24.4785704465431],[39.6576402892616,24.4785365097897],[39.657725532354,24.4784460990977],[39.6577685019263,24.4784800089015],[39.6578753754733,24.4785643396043],[39.6578929240248,24.4785781903994],[39.6578973453473,24.4785816798171],[39.6579048236039,24.4785883521097],[39.657912016365,24.4785932573113]]]}},{"type":"Feature","properties":{"code":"N27-523","name":"N27-523","land_use":"Low/Med Density Residential","sector":"North","gfa":8449,"area":5632.65,"floors":3,"height":12,"coverage":0,"far":1.5,"style":"PolyStyle0286"},"geometry":{"type":"Polygon","coordinates":[[[39.6654673604666,24.4786654603033],[39.6654249562197,24.4786660787696],[39.6646413600713,24.4779893459317],[39.6649799888913,24.4776609275651],[39.6657729526796,24.4783457464888],[39.6657736104529,24.4783835532009],[39.6656204866171,24.478524506823],[39.6655856852839,24.4785565397885],[39.6654673604666,24.4786654603033]]]}},{"type":"Feature","properties":{"code":"N27-180","name":"N27-180","land_use":"Low/Med Density Residential","sector":"North","gfa":340,"area":330.05,"floors":3,"height":12,"coverage":0,"far":1.03,"style":"PolyStyle0286"},"geometry":{"type":"Polygon","coordinates":[[[39.6597277225335,24.4786954189009],[39.6597216212989,24.4787013375788],[39.6596229708228,24.4786234920183],[39.659628761991,24.4786173443993],[39.6596545832579,24.4785899308709],[39.659746781625,24.4784920694614],[39.6597840664614,24.4784524984586],[39.6598827168838,24.478530341207],[39.6598450524539,24.4785697847435],[39.6597534925842,24.4786680254484],[39.6597277225335,24.4786954189009]]]}},{"type":"Feature","properties":{"code":"N34-92","name":"N34-92","land_use":"Low/Med Density Residential","sector":"North","gfa":580,"area":389.94,"floors":4,"height":20,"coverage":0.83,"far":1.49,"style":"PolyStyle0286"},"geometry":{"type":"Polygon","coordinates":[[[39.6825781971728,24.4785758320811],[39.6824549570095,24.4786084309541],[39.6823727810896,24.4783482175988],[39.6824960039468,24.4783155628799],[39.6825781971728,24.4785758320811]]]}},{"type":"Feature","properties":{"code":"N27-529","name":"N27-529","land_use":"Low/Med Density Residential","sector":"North","gfa":5403.2,"area":3605.46,"floors":3,"height":12,"coverage":0,"far":1.5,"style":"PolyStyle0286"},"geometry":{"type":"Polygon","coordinates":[[[39.6607703596742,24.4786892269018],[39.6607099697632,24.4787061276085],[39.660160086024,24.4782722226456],[39.6601569943408,24.4782340128803],[39.6604405224062,24.4779330566196],[39.6604822745021,24.4779302315388],[39.6606471067957,24.4780602952886],[39.6607073600514,24.478104431879],[39.6607709749977,24.478144422652],[39.6608376117699,24.4781800539541],[39.6609069143581,24.4782111354226],[39.6609240200985,24.4782472807174],[39.6608687320526,24.4783933941224],[39.6608175009732,24.4785407409623],[39.6607703596742,24.4786892269018]]]}},{"type":"Feature","properties":{"code":"N27-519","name":"N27-519","land_use":"Low/Med Density Residential","sector":"North","gfa":5180.5,"area":3453.64,"floors":3,"height":12,"coverage":0,"far":1.5,"style":"PolyStyle0286"},"geometry":{"type":"Polygon","coordinates":[[[39.6645343762278,24.4786916818691],[39.6644919709694,24.478692299175],[39.6640211580564,24.4782856893137],[39.664359790277,24.4779572713913],[39.6648399689153,24.4783719662876],[39.6648406284029,24.4784097766133],[39.6645343762278,24.4786916818691]]]}},{"type":"Feature","properties":{"code":"N27-92","name":"N27-92","land_use":"Low/Med Density Residential","sector":"North","gfa":340,"area":330.18,"floors":3,"height":12,"coverage":0,"far":1.03,"style":"PolyStyle0286"},"geometry":{"type":"Polygon","coordinates":[[[39.6591965608769,24.4786954894661],[39.6591597023325,24.4787349175784],[39.6590610501925,24.4786570716532],[39.6590979156349,24.4786176399218],[39.6591323000431,24.4785813998383],[39.6591900178207,24.4785197919084],[39.6592163238119,24.4784922119682],[39.6592221486113,24.4784860768616],[39.659320579739,24.4785637475376],[39.6593149938079,24.478570083004],[39.659293594588,24.4785927971464],[39.6592889426278,24.4785977024901],[39.659285994461,24.4786008185183],[39.6592567558981,24.4786318576203],[39.6592201195481,24.4786707410918],[39.6591965608769,24.4786954894661]]]}},{"type":"Feature","properties":{"code":"N27-58","name":"N27-58","land_use":"Low/Med Density Residential","sector":"North","gfa":340,"area":329.66,"floors":3,"height":12,"coverage":0,"far":1.03,"style":"PolyStyle0286"},"geometry":{"type":"Polygon","coordinates":[[[39.6583455369356,24.4786863124962],[39.6582952755258,24.4787396609869],[39.6582528505556,24.4787055818856],[39.6581453554915,24.4786213562191],[39.6581150022658,24.4785976981196],[39.6581084331624,24.4785922230439],[39.6581934960196,24.478501938414],[39.6581999797309,24.4785075023651],[39.6582135148553,24.4785177354982],[39.6582304163673,24.4785310715775],[39.6582364141851,24.4785358031493],[39.6582782909811,24.4785688514617],[39.658325048891,24.4786057493197],[39.6583262954292,24.4786067337214],[39.6583334664643,24.4786123913069],[39.6583379094253,24.4786152953873],[39.6583803343964,24.4786493762715],[39.6583455369356,24.4786863124962]]]}},{"type":"Feature","properties":{"code":"N34-91","name":"N34-91","land_use":"Low/Med Density Residential","sector":"North","gfa":580,"area":299.9,"floors":4,"height":20,"coverage":0.83,"far":1.93,"style":"PolyStyle0286"},"geometry":{"type":"Polygon","coordinates":[[[39.6824549570095,24.4786084309541],[39.6823601566895,24.4786335073602],[39.6822779949944,24.478373337237],[39.6823727810896,24.4783482175988],[39.6824549570095,24.4786084309541]]]}},{"type":"Feature","properties":{"code":"N27-79","name":"N27-79","land_use":"Low/Med Density Residential","sector":"North","gfa":340,"area":329.77,"floors":3,"height":12,"coverage":0,"far":1.03,"style":"PolyStyle0286"},"geometry":{"type":"Polygon","coordinates":[[[39.6588070824368,24.4787440410199],[39.6588013042198,24.4787502210643],[39.6587026493266,24.4786723758169],[39.6587089230255,24.4786665937036],[39.6587343572049,24.478638332169],[39.6587617418767,24.4786096078499],[39.6587958649695,24.4785733861403],[39.6588265459523,24.4785405625677],[39.6588637462753,24.4785013795995],[39.6589623991649,24.4785792265591],[39.658925198846,24.4786184086478],[39.6588983659326,24.4786471504585],[39.6588330159996,24.4787161701542],[39.6588070824368,24.4787440410199]]]}},{"type":"Feature","properties":{"code":"N34-129","name":"N34-129","land_use":"Medium Density Residential","sector":"North","gfa":27037.8,"area":6993.01,"floors":7,"height":30,"coverage":0.89,"far":3.86,"style":"PolyStyle0113"},"geometry":{"type":"Polygon","coordinates":[[[39.6765104821763,24.4783451442966],[39.6758983317243,24.4786752426924],[39.6754149442326,24.4779159931126],[39.6760288279538,24.4775886272213],[39.6765068408447,24.4783394239168],[39.6765104821763,24.4783451442966]]]}},{"type":"Feature","properties":{"code":"N34-90","name":"N34-90","land_use":"Low/Med Density Residential","sector":"North","gfa":580,"area":299.84,"floors":4,"height":20,"coverage":0.83,"far":1.93,"style":"PolyStyle0286"},"geometry":{"type":"Polygon","coordinates":[[[39.6823601566895,24.4786335073602],[39.6822653573125,24.4786585827999],[39.6821832088552,24.4783984559134],[39.6822779949944,24.478373337237],[39.6823601566895,24.4786335073602]]]}},{"type":"Feature","properties":{"code":"N27-44","name":"N27-44","land_use":"Low/Med Density Residential","sector":"North","gfa":340,"area":330.18,"floors":3,"height":12,"coverage":0,"far":1.03,"style":"PolyStyle0286"},"geometry":{"type":"Polygon","coordinates":[[[39.6578268109606,24.4786836968424],[39.6577416103546,24.4787741335962],[39.6577345711401,24.4787691527581],[39.6577271563358,24.4787627276394],[39.6577047409084,24.4787454832678],[39.6576173308499,24.4786760624421],[39.6575983658162,24.4786606129134],[39.6575550479886,24.4786269141047],[39.6576402892616,24.4785365097897],[39.6576832974689,24.4785704465431],[39.6577901730356,24.4786547818117],[39.6578200828676,24.4786783886228],[39.6578268109606,24.4786836968424]]]}},{"type":"Feature","properties":{"code":"N27-181","name":"N27-181","land_use":"Low/Med Density Residential","sector":"North","gfa":340,"area":329.37,"floors":3,"height":12,"coverage":0,"far":1.03,"style":"PolyStyle0286"},"geometry":{"type":"Polygon","coordinates":[[[39.6598519501107,24.4787455601833],[39.6598202728875,24.4787791839702],[39.6597216212989,24.4787013375788],[39.6597277225335,24.4786954189009],[39.6597534925842,24.4786680254484],[39.6598450524539,24.4785697847435],[39.6598827168838,24.478530341207],[39.6599813713792,24.4786081847734],[39.6599435682439,24.4786473318094],[39.6598756387953,24.4787204092472],[39.6598736387431,24.4787225349251],[39.6598519501107,24.4787455601833]]]}},{"type":"Feature","properties":{"code":"N34-89","name":"N34-89","land_use":"Low/Med Density Residential","sector":"North","gfa":580,"area":299.8,"floors":4,"height":20,"coverage":0.83,"far":1.93,"style":"PolyStyle0286"},"geometry":{"type":"Polygon","coordinates":[[[39.6822653573125,24.4786585827999],[39.6821705559277,24.478683659093],[39.6820884226818,24.4784235754342],[39.6821832088552,24.4783984559134],[39.6822653573125,24.4786585827999]]]}},{"type":"Feature","properties":{"code":"N05-9","name":"N05-9","land_use":"High Density Residential & Commercial","sector":"North","gfa":59913.2,"area":11203.53,"floors":19,"height":80,"coverage":0.69,"far":5.35,"style":"PolyStyle012"},"geometry":{"type":"Polygon","coordinates":[[[39.6735070795299,24.47860059549],[39.6732902085447,24.4787348019017],[39.6732901162492,24.4787347038717],[39.673280314022,24.4787242847841],[39.6724522871359,24.4778441234033],[39.6724766972882,24.4778248882493],[39.672974559653,24.4774325839338],[39.673022001896,24.4773951979335],[39.6730313020583,24.477387869142],[39.6731008853817,24.4773926257295],[39.6738611890398,24.478200768357],[39.6739897029,24.4783373662251],[39.6739359700569,24.4783666731815],[39.6737614220296,24.4784618758073],[39.6736935997394,24.4784988589026],[39.6735070795299,24.47860059549]]]}},{"type":"Feature","properties":{"code":"N34-137","name":"N34-137","land_use":"Medium Density Residential","sector":"North","gfa":17528.1,"area":4437.5,"floors":7,"height":30,"coverage":0.87,"far":3.95,"style":"PolyStyle0113"},"geometry":{"type":"Polygon","coordinates":[[[39.6805936150957,24.4785376743005],[39.6799206332781,24.4787160281358],[39.6797490839515,24.4781738527413],[39.680422063172,24.4779955006183],[39.6805936150957,24.4785376743005]]]}},{"type":"Feature","properties":{"code":"N34-88","name":"N34-88","land_use":"Low/Med Density Residential","sector":"North","gfa":580,"area":299.74,"floors":4,"height":20,"coverage":0.83,"far":1.93,"style":"PolyStyle0286"},"geometry":{"type":"Polygon","coordinates":[[[39.6821705559277,24.478683659093],[39.6820757564726,24.4787087344152],[39.6819936364644,24.4784486939931],[39.6820884226818,24.4784235754342],[39.6821705559277,24.478683659093]]]}},{"type":"Feature","properties":{"code":"N27-91","name":"N27-91","land_use":"Low/Med Density Residential","sector":"North","gfa":340,"area":329.91,"floors":3,"height":12,"coverage":0,"far":1.03,"style":"PolyStyle0286"},"geometry":{"type":"Polygon","coordinates":[[[39.6592952200174,24.4787733316574],[39.6592583545981,24.4788127643389],[39.6591597023325,24.4787349175784],[39.6591965608769,24.4786954894661],[39.6592201195481,24.4786707410918],[39.6592567558981,24.4786318576203],[39.659285994461,24.4786008185183],[39.6592889426278,24.4785977024901],[39.659293594588,24.4785927971464],[39.6593149938079,24.478570083004],[39.659320579739,24.4785637475376],[39.6594194529286,24.4786417675356],[39.6594136281414,24.4786479044559],[39.6593873221437,24.4786754808172],[39.659369873826,24.4786943466388],[39.659323561002,24.4787435066626],[39.6592952200174,24.4787733316574]]]}},{"type":"Feature","properties":{"code":"N27-80","name":"N27-80","land_use":"Low/Med Density Residential","sector":"North","gfa":340,"area":330.07,"floors":3,"height":12,"coverage":0,"far":1.03,"style":"PolyStyle0286"},"geometry":{"type":"Polygon","coordinates":[[[39.6589057276192,24.4788218934638],[39.6588999523312,24.4788280671772],[39.6588892824183,24.4788196477461],[39.6588013042198,24.4787502210643],[39.6588070824368,24.4787440410199],[39.6588330159996,24.4787161701542],[39.6588983659326,24.4786471504585],[39.658925198846,24.4786184086478],[39.6589623991649,24.4785792265591],[39.6590610501925,24.4786570716532],[39.6590237944761,24.4786962260103],[39.6590095915687,24.4787116466342],[39.6589569603754,24.478767512773],[39.6589316611707,24.4787940216784],[39.6589057276192,24.4788218934638]]]}},{"type":"Feature","properties":{"code":"N27-76","name":"N27-76","land_use":"Low/Med Density Residential","sector":"North","gfa":340,"area":375.83,"floors":3,"height":12,"coverage":0,"far":0.91,"style":"PolyStyle0286"},"geometry":{"type":"Polygon","coordinates":[[[39.6586109926193,24.4787503012024],[39.6585323757436,24.4788337465402],[39.6585254521763,24.4788286189281],[39.6585155276533,24.4788204500014],[39.6584955856742,24.4788050265211],[39.6583455369356,24.4786863124962],[39.6583803343964,24.4786493762715],[39.6584434844214,24.4785823451186],[39.658607904334,24.4787120886759],[39.6586109926193,24.4787503012024]]]}},{"type":"Feature","properties":{"code":"N34-87","name":"N34-87","land_use":"Low/Med Density Residential","sector":"North","gfa":580,"area":299.69,"floors":4,"height":20,"coverage":0.83,"far":1.93,"style":"PolyStyle0286"},"geometry":{"type":"Polygon","coordinates":[[[39.6820757564726,24.4787087344152],[39.6819809559917,24.4787338096832],[39.6818988502227,24.4784738152026],[39.6819936364644,24.4784486939931],[39.6820757564726,24.4787087344152]]]}},{"type":"Feature","properties":{"code":"N27-59","name":"N27-59","land_use":"Low/Med Density Residential","sector":"North","gfa":340,"area":410.95,"floors":3,"height":12,"coverage":0,"far":0.83,"style":"PolyStyle0286"},"geometry":{"type":"Polygon","coordinates":[[[39.6582952755258,24.4787396609869],[39.6581883037832,24.4788532019556],[39.658023887058,24.4787234570228],[39.6580207960043,24.4786852472026],[39.6581084331624,24.4785922230439],[39.6581150022658,24.4785976981196],[39.6581453554915,24.4786213562191],[39.6582528505556,24.4787055818856],[39.6582952755258,24.4787396609869]]]}},{"type":"Feature","properties":{"code":"N27-43","name":"N27-43","land_use":"Low/Med Density Residential","sector":"North","gfa":340,"area":330.18,"floors":3,"height":12,"coverage":0,"far":1.03,"style":"PolyStyle0286"},"geometry":{"type":"Polygon","coordinates":[[[39.6577416103546,24.4787741335962],[39.6576564056566,24.4788645658049],[39.6576496292077,24.4788592577883],[39.6576194839208,24.4788359192963],[39.6575635440377,24.4787912870161],[39.6575128921182,24.4787513180568],[39.657469809564,24.4787173201665],[39.6575550479886,24.4786269141047],[39.6575983658162,24.4786606129134],[39.6576173308499,24.4786760624421],[39.6577047409084,24.4787454832678],[39.6577271563358,24.4787627276394],[39.6577345711401,24.4787691527581],[39.6577416103546,24.4787741335962]]]}},{"type":"Feature","properties":{"code":"N34-86","name":"N34-86","land_use":"Low/Med Density Residential","sector":"North","gfa":580,"area":299.64,"floors":4,"height":20,"coverage":0.83,"far":1.93,"style":"PolyStyle0286"},"geometry":{"type":"Polygon","coordinates":[[[39.6819809559917,24.4787338096832],[39.6818861554718,24.4787588848924],[39.6818040649286,24.478498936349],[39.6818988502227,24.4784738152026],[39.6819809559917,24.4787338096832]]]}},{"type":"Feature","properties":{"code":"N34-85","name":"N34-85","land_use":"Low/Med Density Residential","sector":"North","gfa":580,"area":299.59,"floors":4,"height":20,"coverage":0.83,"far":1.93,"style":"PolyStyle0286"},"geometry":{"type":"Polygon","coordinates":[[[39.6818861554718,24.4787588848924],[39.6817913549129,24.4787839600429],[39.6817092786087,24.478524057441],[39.6818040649286,24.478498936349],[39.6818861554718,24.4787588848924]]]}},{"type":"Feature","properties":{"code":"N27-90","name":"N27-90","land_use":"Low/Med Density Residential","sector":"North","gfa":340,"area":330.11,"floors":3,"height":12,"coverage":0,"far":1.03,"style":"PolyStyle0286"},"geometry":{"type":"Polygon","coordinates":[[[39.6593937281388,24.478851143734],[39.6593570069754,24.4788906092254],[39.6592583545981,24.4788127643389],[39.6592952200174,24.4787733316574],[39.659323561002,24.4787435066626],[39.659369873826,24.4786943466388],[39.6593873221437,24.4786754808172],[39.6594136281414,24.4786479044559],[39.6594194529286,24.4786417675356],[39.6595181033021,24.4787196141342],[39.6595124766851,24.4787259055319],[39.6594862055406,24.4787533517069],[39.6594728040529,24.478767649894],[39.6594341559192,24.4788086762996],[39.6594048878792,24.4788397417493],[39.6593937281388,24.478851143734]]]}},{"type":"Feature","properties":{"code":"N27-182","name":"N27-182","land_use":"Low/Med Density Residential","sector":"North","gfa":340,"area":330.26,"floors":3,"height":12,"coverage":0,"far":1.03,"style":"PolyStyle0286"},"geometry":{"type":"Polygon","coordinates":[[[39.6599695696265,24.4788862557028],[39.6599637686565,24.4788924151181],[39.6598651159052,24.4788145688295],[39.6598967852588,24.4787809504865],[39.6599279423372,24.4787478807698],[39.6599295812352,24.4787461377906],[39.6599485956035,24.4787259564263],[39.6599656432451,24.4787078581458],[39.6599817311225,24.4786907854988],[39.6599889315291,24.4786831388324],[39.6600262134015,24.4786435713966],[39.6601248651265,24.4787214175867],[39.6600878509373,24.4787612214006],[39.6600581790148,24.4787922011349],[39.6600138124891,24.4788392901083],[39.6599994371387,24.4788545490127],[39.6599956314311,24.4788589882771],[39.6599695696265,24.4788862557028]]]}},{"type":"Feature","properties":{"code":"N27-81","name":"N27-81","land_use":"Low/Med Density Residential","sector":"North","gfa":340,"area":329.97,"floors":3,"height":12,"coverage":0,"far":1.03,"style":"PolyStyle0286"},"geometry":{"type":"Polygon","coordinates":[[[39.6590043866814,24.4788997349423],[39.6589986035239,24.4789059132094],[39.6588999523312,24.4788280671772],[39.6589057276192,24.4788218934638],[39.6589316611707,24.4787940216784],[39.6589569603754,24.478767512773],[39.6590095915687,24.4787116466342],[39.6590237944761,24.4786962260103],[39.6590610501925,24.4786570716532],[39.6591597023325,24.4787349175784],[39.6591228242859,24.4787740161237],[39.6590303182433,24.4788718613428],[39.6590043866814,24.4788997349423]]]}},{"type":"Feature","properties":{"code":"N34-84","name":"N34-84","land_use":"Low/Med Density Residential","sector":"North","gfa":580,"area":299.53,"floors":4,"height":20,"coverage":0.83,"far":1.93,"style":"PolyStyle0286"},"geometry":{"type":"Polygon","coordinates":[[[39.6817913549129,24.4787839600429],[39.6816965543151,24.4788090351346],[39.6816144932414,24.478549179373],[39.6817092786087,24.478524057441],[39.6817913549129,24.4787839600429]]]}},{"type":"Feature","properties":{"code":"N34-83","name":"N34-83","land_use":"Low/Med Density Residential","sector":"North","gfa":580,"area":299.48,"floors":4,"height":20,"coverage":0.83,"far":1.93,"style":"PolyStyle0286"},"geometry":{"type":"Polygon","coordinates":[[[39.6816965543151,24.4788090351346],[39.6816017536782,24.4788341101676],[39.6815197068434,24.4785743003477],[39.6816144932414,24.478549179373],[39.6816965543151,24.4788090351346]]]}},{"type":"Feature","properties":{"code":"N27-42","name":"N27-42","land_use":"Low/Med Density Residential","sector":"North","gfa":340,"area":329.78,"floors":3,"height":12,"coverage":0,"far":1.03,"style":"PolyStyle0286"},"geometry":{"type":"Polygon","coordinates":[[[39.6576564056566,24.4788645658049],[39.6575712469962,24.478954955319],[39.657564518899,24.4789496470882],[39.6575598112049,24.4789459313178],[39.6575346060876,24.4789260402406],[39.6575131031509,24.4789091151911],[39.6574662422984,24.4788721344409],[39.657427713607,24.4788416913218],[39.6573846122335,24.4788076817489],[39.657469809564,24.4787173201665],[39.6575128921182,24.4787513180568],[39.6575635440377,24.4787912870161],[39.6576194839208,24.4788359192963],[39.6576496292077,24.4788592577883],[39.6576564056566,24.4788645658049]]]}},{"type":"Feature","properties":{"code":"N27-89","name":"N27-89","land_use":"Low/Med Density Residential","sector":"North","gfa":340,"area":329.93,"floors":3,"height":12,"coverage":0,"far":1.03,"style":"PolyStyle0286"},"geometry":{"type":"Polygon","coordinates":[[[39.659492518977,24.4789290258569],[39.6594556584962,24.4789684558547],[39.6593570069754,24.4788906092254],[39.6593937281388,24.478851143734],[39.6594048878792,24.4788397417493],[39.6594341559192,24.4788086762996],[39.6594728040529,24.478767649894],[39.6594862055406,24.4787533517069],[39.6595124766851,24.4787259055319],[39.6595181033021,24.4787196141342],[39.6596167547739,24.4787974588545],[39.6596109250932,24.4788036030287],[39.6595846210815,24.4788311794149],[39.659571826507,24.4788451019674],[39.6595708667148,24.4788461221815],[39.6595519003617,24.4788662536174],[39.659536839951,24.4788822415879],[39.6595209168765,24.4788991418739],[39.6595048475885,24.4789162008448],[39.6595026188456,24.478918565943],[39.659492518977,24.4789290258569]]]}},{"type":"Feature","properties":{"code":"N27-183","name":"N27-183","land_use":"Low/Med Density Residential","sector":"North","gfa":340,"area":330.08,"floors":3,"height":12,"coverage":0,"far":1.03,"style":"PolyStyle0286"},"geometry":{"type":"Polygon","coordinates":[[[39.660068207752,24.4789641128218],[39.6600624205232,24.4789702577307],[39.6599637686565,24.4788924151181],[39.6599695696265,24.4788862557028],[39.6599956314311,24.4788589882771],[39.6599994371387,24.4788545490127],[39.6600138124891,24.4788392901083],[39.6600581790148,24.4787922011349],[39.6600878509373,24.4787612214006],[39.6601248651265,24.4787214175867],[39.6602235159857,24.4787992637134],[39.6601862076388,24.4788388602127],[39.6600943349995,24.4789369065066],[39.660068207752,24.4789641128218]]]}},{"type":"Feature","properties":{"code":"N34-82","name":"N34-82","land_use":"Low/Med Density Residential","sector":"North","gfa":580,"area":299.97,"floors":4,"height":20,"coverage":0.83,"far":1.93,"style":"PolyStyle0286"},"geometry":{"type":"Polygon","coordinates":[[[39.6815401919502,24.4788509386444],[39.6814453922354,24.478876013576],[39.6813632101683,24.4786157761938],[39.6814579966308,24.4785906553162],[39.6815401919502,24.4788509386444]]]}},{"type":"Feature","properties":{"code":"N27-75","name":"N27-75","land_use":"Low/Med Density Residential","sector":"North","gfa":455,"area":605.17,"floors":3,"height":12,"coverage":0,"far":0.75,"style":"PolyStyle0286"},"geometry":{"type":"Polygon","coordinates":[[[39.6583944772805,24.478980119462],[39.6583527237955,24.478982944881],[39.6581883037832,24.4788532019556],[39.6582952755258,24.4787396609869],[39.6583455369356,24.4786863124962],[39.6584955856742,24.4788050265211],[39.6585155276533,24.4788204500014],[39.6585254521763,24.4788286189281],[39.6585323757436,24.4788337465402],[39.6583944772805,24.478980119462]]]}},{"type":"Feature","properties":{"code":"N27-82","name":"N27-82","land_use":"Low/Med Density Residential","sector":"North","gfa":340,"area":330.12,"floors":3,"height":12,"coverage":0,"far":1.03,"style":"PolyStyle0286"},"geometry":{"type":"Polygon","coordinates":[[[39.6591031826965,24.4789777012916],[39.6590972568112,24.4789837591652],[39.6589986035239,24.4789059132094],[39.6590043866814,24.4788997349423],[39.6590303182433,24.4788718613428],[39.6591228242859,24.4787740161237],[39.6591597023325,24.4787349175784],[39.6592583545981,24.4788127643389],[39.6592210890879,24.4788519296239],[39.659210727357,24.4788632721193],[39.6591775650872,24.4788984728013],[39.6591468130952,24.4789311134175],[39.6591289091671,24.478949861083],[39.6591031826965,24.4789777012916]]]}},{"type":"Feature","properties":{"code":"N34-81","name":"N34-81","land_use":"Low/Med Density Residential","sector":"North","gfa":580,"area":299.92,"floors":4,"height":20,"coverage":0.83,"far":1.93,"style":"PolyStyle0286"},"geometry":{"type":"Polygon","coordinates":[[[39.6814453922354,24.478876013576],[39.6813505905129,24.4789010893609],[39.6812684246536,24.4786408970083],[39.6813632101683,24.4786157761938],[39.6814453922354,24.478876013576]]]}},{"type":"Feature","properties":{"code":"N34-80","name":"N34-80","land_use":"Low/Med Density Residential","sector":"North","gfa":580,"area":299.87,"floors":4,"height":20,"coverage":0.83,"far":1.93,"style":"PolyStyle0286"},"geometry":{"type":"Polygon","coordinates":[[[39.6813505905129,24.4789010893609],[39.6812557907201,24.478926164175],[39.6811736381178,24.4786660186716],[39.6812684246536,24.4786408970083],[39.6813505905129,24.4789010893609]]]}},{"type":"Feature","properties":{"code":"N27-41","name":"N27-41","land_use":"Low/Med Density Residential","sector":"North","gfa":340,"area":329.75,"floors":3,"height":12,"coverage":0,"far":1.03,"style":"PolyStyle0286"},"geometry":{"type":"Polygon","coordinates":[[[39.6575712469962,24.478954955319],[39.6574861058972,24.4790453293564],[39.6574793758249,24.4790400211304],[39.6574494629978,24.4790164124601],[39.6574377259884,24.4790071522366],[39.6574099188275,24.4789852097064],[39.657392164176,24.478971198092],[39.6573774812855,24.4789596142776],[39.6573428197763,24.4789317995862],[39.6572994334278,24.4788980233346],[39.6573846122335,24.4788076817489],[39.657427713607,24.4788416913218],[39.6574662422984,24.4788721344409],[39.6575131031509,24.4789091151911],[39.6575346060876,24.4789260402406],[39.6575598112049,24.4789459313178],[39.657564518899,24.4789496470882],[39.6575712469962,24.478954955319]]]}},{"type":"Feature","properties":{"code":"N27-88","name":"N27-88","land_use":"Low/Med Density Residential","sector":"North","gfa":340,"area":319.73,"floors":3,"height":12,"coverage":0,"far":1.06,"style":"PolyStyle0286"},"geometry":{"type":"Polygon","coordinates":[[[39.6595881859871,24.4790045092837],[39.6595513205861,24.4790439402288],[39.6594556584962,24.4789684558547],[39.659492518977,24.4789290258569],[39.6595026188456,24.478918565943],[39.6595048475885,24.4789162008448],[39.6595209168765,24.4788991418739],[39.659536839951,24.4788822415879],[39.6595519003617,24.4788662536174],[39.6595708667148,24.4788461221815],[39.659571826507,24.4788451019674],[39.6595846210815,24.4788311794149],[39.6596109250932,24.4788036030287],[39.6596167547739,24.4787974588545],[39.6597124188038,24.4788729440236],[39.6597065940302,24.4788790827611],[39.6596802890377,24.478906659168],[39.6595881859871,24.4790045092837]]]}},{"type":"Feature","properties":{"code":"N34-79","name":"N34-79","land_use":"Low/Med Density Residential","sector":"North","gfa":580,"area":299.81,"floors":4,"height":20,"coverage":0.83,"far":1.93,"style":"PolyStyle0286"},"geometry":{"type":"Polygon","coordinates":[[[39.6812557907201,24.478926164175],[39.6811609899015,24.4789512389348],[39.6810788525249,24.4786911393686],[39.6811736381178,24.4786660186716],[39.6812557907201,24.478926164175]]]}},{"type":"Feature","properties":{"code":"N27-184","name":"N27-184","land_use":"Low/Med Density Residential","sector":"North","gfa":340,"area":329.91,"floors":3,"height":12,"coverage":0,"far":1.03,"style":"PolyStyle0286"},"geometry":{"type":"Polygon","coordinates":[[[39.6601668470088,24.4790419743844],[39.6601610744986,24.4790481029762],[39.6600624205232,24.4789702577307],[39.660068207752,24.4789641128218],[39.6600943349995,24.4789369065066],[39.6601862076388,24.4788388602127],[39.6602235159857,24.4787992637134],[39.6603221699168,24.478877107953],[39.6602848468714,24.4789167226031],[39.6601929078238,24.479014708736],[39.6601668470088,24.4790419743844]]]}},{"type":"Feature","properties":{"code":"N34-138","name":"N34-138","land_use":"Medium Density Residential","sector":"North","gfa":17528.1,"area":4437.49,"floors":7,"height":30,"coverage":0.87,"far":3.95,"style":"PolyStyle0113"},"geometry":{"type":"Polygon","coordinates":[[[39.6796362725074,24.4787913886268],[39.6789632898629,24.4789697382414],[39.6787917442377,24.478427561696],[39.6794647252718,24.4782492137891],[39.6796362725074,24.4787913886268]]]}},{"type":"Feature","properties":{"code":"N27-83","name":"N27-83","land_use":"Low/Med Density Residential","sector":"North","gfa":340,"area":329.86,"floors":3,"height":12,"coverage":0,"far":1.03,"style":"PolyStyle0286"},"geometry":{"type":"Polygon","coordinates":[[[39.6592016854937,24.4790554295226],[39.6591959082506,24.479061605965],[39.6590972568112,24.4789837591652],[39.6591031826965,24.4789777012916],[39.6591289091671,24.478949861083],[39.6591468130952,24.4789311134175],[39.6591775650872,24.4788984728013],[39.659210727357,24.4788632721193],[39.6592210890879,24.4788519296239],[39.6592583545981,24.4788127643389],[39.6593570069754,24.4788906092254],[39.6593198135714,24.4789297859603],[39.6592483154863,24.4790059367018],[39.6592276190395,24.4790275603969],[39.6592016854937,24.4790554295226]]]}},{"type":"Feature","properties":{"code":"N34-78","name":"N34-78","land_use":"Low/Med Density Residential","sector":"North","gfa":580,"area":299.76,"floors":4,"height":20,"coverage":0.83,"far":1.93,"style":"PolyStyle0286"},"geometry":{"type":"Polygon","coordinates":[[[39.6811609899015,24.4789512389348],[39.6810661890439,24.4789763136359],[39.6809840659062,24.4787162600113],[39.6810788525249,24.4786911393686],[39.6811609899015,24.4789512389348]]]}},{"type":"Feature","properties":{"code":"N27-60","name":"N27-60","land_use":"Low/Med Density Residential","sector":"North","gfa":455,"area":495.08,"floors":3,"height":12,"coverage":0,"far":0.92,"style":"PolyStyle0286"},"geometry":{"type":"Polygon","coordinates":[[[39.6580916454361,24.4789557989225],[39.6579627654249,24.4790925950948],[39.6578127884341,24.478973798045],[39.6578096199276,24.4789717436669],[39.657806093358,24.4789689593104],[39.6578024924875,24.478966119283],[39.6577977649842,24.4789623909626],[39.6577931831134,24.4789587721902],[39.6577899964434,24.4789562609057],[39.6577828728273,24.4789502328038],[39.6577759258721,24.4789451576404],[39.6578854752375,24.4788288818855],[39.6579272257063,24.4788260529967],[39.6580916454361,24.4789557989225]]]}},{"type":"Feature","properties":{"code":"N34-77","name":"N34-77","land_use":"Low/Med Density Residential","sector":"North","gfa":580,"area":299.71,"floors":4,"height":20,"coverage":0.83,"far":1.93,"style":"PolyStyle0286"},"geometry":{"type":"Polygon","coordinates":[[[39.6810661890439,24.4789763136359],[39.6809713881474,24.4790013882782],[39.6808892802352,24.4787413805908],[39.6809840659062,24.4787162600113],[39.6810661890439,24.4789763136359]]]}},{"type":"Feature","properties":{"code":"N34-76","name":"N34-76","land_use":"Low/Med Density Residential","sector":"North","gfa":580,"area":299.66,"floors":4,"height":20,"coverage":0.83,"far":1.93,"style":"PolyStyle0286"},"geometry":{"type":"Polygon","coordinates":[[[39.6809713881474,24.4790013882782],[39.6808765872118,24.4790264628618],[39.6807944945251,24.4787665011116],[39.6808892802352,24.4787413805908],[39.6809713881474,24.4790013882782]]]}},{"type":"Feature","properties":{"code":"N05-10","name":"N05-10","land_use":"High Density Residential & Commercial","sector":"North","gfa":50990.7,"area":9535.06,"floors":19,"height":80,"coverage":0.68,"far":5.35,"style":"PolyStyle012"},"geometry":{"type":"Polygon","coordinates":[[[39.6727001070589,24.4790528579731],[39.6726759321373,24.4790655164207],[39.6726036983985,24.4790516823448],[39.6725894868308,24.4790341589461],[39.6725262802512,24.4789653346646],[39.6724596604317,24.4788992618071],[39.6719134805104,24.4783821178854],[39.6718836019178,24.4783516698416],[39.6718880235472,24.4782886089244],[39.6719212997998,24.4782623857397],[39.671921374489,24.4782623276072],[39.6723311767688,24.4779393845744],[39.6723868681584,24.4778955010617],[39.6724521948416,24.4778440253728],[39.6724522871359,24.4778441234033],[39.673280314022,24.4787242847841],[39.6732901162492,24.4787347038717],[39.6729791396511,24.478904314671],[39.6727546802019,24.4790242810495],[39.6727001070589,24.4790528579731]]]}},{"type":"Feature","properties":{"code":"N27-40","name":"N27-40","land_use":"Low/Med Density Residential","sector":"North","gfa":340,"area":330.15,"floors":3,"height":12,"coverage":0,"far":1.03,"style":"PolyStyle0286"},"geometry":{"type":"Polygon","coordinates":[[[39.6574861058972,24.4790453293564],[39.6574009567966,24.4791357060909],[39.6573942306561,24.4791303951348],[39.6573643178367,24.4791067891573],[39.657359205886,24.4791027590433],[39.6572606437047,24.4790249810821],[39.6572576746445,24.479022186159],[39.6572142486082,24.4789883703182],[39.6572994334278,24.4788980233346],[39.6573428197763,24.4789317995862],[39.6573774812855,24.4789596142776],[39.657392164176,24.478971198092],[39.6574099188275,24.4789852097064],[39.6574377259884,24.4790071522366],[39.6574494629978,24.4790164124601],[39.6574793758249,24.4790400211304],[39.6574861058972,24.4790453293564]]]}},{"type":"Feature","properties":{"code":"N27-126","name":"N27-126","land_use":"Low/Med Density Residential","sector":"North","gfa":340,"area":375.51,"floors":3,"height":12,"coverage":0,"far":0.91,"style":"PolyStyle0286"},"geometry":{"type":"Polygon","coordinates":[[[39.6588965343752,24.4790280880032],[39.6587985849502,24.4791320538703],[39.6586483627606,24.4790135134172],[39.658618465648,24.4789899302011],[39.6586117434034,24.4789846174765],[39.6586903593302,24.4789011721025],[39.6587321137557,24.4788983447803],[39.6588965343752,24.4790280880032]]]}},{"type":"Feature","properties":{"code":"N27-87","name":"N27-87","land_use":"Low/Med Density Residential","sector":"North","gfa":340,"area":354.13,"floors":3,"height":12,"coverage":0,"far":0.96,"style":"PolyStyle0286"},"geometry":{"type":"Polygon","coordinates":[[[39.6598001508537,24.4789779483333],[39.6596583860599,24.4791284259431],[39.6595513205861,24.4790439402288],[39.6595881859871,24.4790045092837],[39.6596802890377,24.478906659168],[39.6597065940302,24.4788790827611],[39.6597124188038,24.4788729440236],[39.6597970622074,24.4789397367431],[39.6598001508537,24.4789779483333]]]}},{"type":"Feature","properties":{"code":"N27-185","name":"N27-185","land_use":"Low/Med Density Residential","sector":"North","gfa":340,"area":329.97,"floors":3,"height":12,"coverage":0,"far":1.03,"style":"PolyStyle0286"},"geometry":{"type":"Polygon","coordinates":[[[39.660265485395,24.4791198349803],[39.660259726626,24.4791259490657],[39.6601610744986,24.4790481029762],[39.6601668470088,24.4790419743844],[39.6601929078238,24.479014708736],[39.6602848468714,24.4789167226031],[39.6603221699168,24.478877107953],[39.6604208219906,24.4789549512305],[39.6603837656567,24.4789948049718],[39.6603749285203,24.4790036626861],[39.6603438853557,24.4790366145879],[39.6603109481055,24.4790715779092],[39.6602915471907,24.479092569311],[39.660265485395,24.4791198349803]]]}},{"type":"Feature","properties":{"code":"N27-526","name":"N27-526","land_use":"Low/Med Density Residential","sector":"North","gfa":2883.7,"area":1922.12,"floors":3,"height":12,"coverage":0,"far":1.5,"style":"PolyStyle0286"},"geometry":{"type":"Polygon","coordinates":[[[39.6607136528649,24.478892729343],[39.6606799249799,24.4790117747834],[39.6606425344584,24.4791299003318],[39.6605194741995,24.4790327971494],[39.6604208219906,24.4789549512305],[39.6603221699168,24.478877107953],[39.6602235159857,24.4787992637134],[39.6601248651265,24.4787214175867],[39.6600262134015,24.4786435713966],[39.6601873065073,24.4784725720083],[39.660615704657,24.4788106131712],[39.6606526496053,24.4788359431145],[39.6606931417001,24.478856229539],[39.6607136528649,24.478892729343]]]}},{"type":"Feature","properties":{"code":"N27-84","name":"N27-84","land_use":"Low/Med Density Residential","sector":"North","gfa":340,"area":329.95,"floors":3,"height":12,"coverage":0,"far":1.03,"style":"PolyStyle0286"},"geometry":{"type":"Polygon","coordinates":[[[39.6593003419584,24.4791332708107],[39.6592945617751,24.4791394508821],[39.6591959082506,24.479061605965],[39.6592016854937,24.4790554295226],[39.6592276190395,24.4790275603969],[39.6592483154863,24.4790059367018],[39.6593198135714,24.4789297859603],[39.6593570069754,24.4788906092254],[39.6594556584962,24.4789684558547],[39.6594183320653,24.4790074787582],[39.6593988101896,24.4790287668032],[39.6593642768831,24.4790654149086],[39.6593262764749,24.479105399858],[39.6593003419584,24.4791332708107]]]}},{"type":"Feature","properties":{"code":"N34-75","name":"N34-75","land_use":"Low/Med Density Residential","sector":"North","gfa":580,"area":299.6,"floors":4,"height":20,"coverage":0.83,"far":1.93,"style":"PolyStyle0286"},"geometry":{"type":"Polygon","coordinates":[[[39.6808765872118,24.4790264628618],[39.6807817862372,24.4790515373866],[39.6806997077941,24.4787916224813],[39.6807944945251,24.4787665011116],[39.6808765872118,24.4790264628618]]]}},{"type":"Feature","properties":{"code":"N27-507","name":"N27-507","land_use":"Low/Med Density Residential","sector":"North","gfa":5363.7,"area":3576.7,"floors":3,"height":12,"coverage":0,"far":1.5,"style":"PolyStyle0286"},"geometry":{"type":"Polygon","coordinates":[[[39.661999176395,24.4784756846793],[39.6619454793644,24.4785380135654],[39.6618979061643,24.4786043786992],[39.6618568170189,24.478674277578],[39.6618225230581,24.4787471809415],[39.6617952839614,24.4788225367793],[39.6617753059912,24.4788997745101],[39.6617627404311,24.4789783093021],[39.6617576824395,24.4790575465015],[39.661760170329,24.4791368861347],[39.6616964501096,24.4791167987091],[39.661631906713,24.4790990485222],[39.6615682111806,24.4790826871516],[39.6615039234936,24.4790683966975],[39.6614710232802,24.4790409121261],[39.6614656935177,24.4790071946465],[39.6614659677388,24.4789731270953],[39.6614765711301,24.4788911234716],[39.6614933988239,24.4788099964963],[39.6615163688309,24.4787301413847],[39.6615453692399,24.4786519471554],[39.6615802587632,24.4785757947351],[39.6616208674243,24.4785020551032],[39.6616669973873,24.4784310874845],[39.6617184239199,24.478363237599],[39.6617748964887,24.4782988359783],[39.6619830993474,24.4780776788258],[39.6620239532046,24.4780757504522],[39.6621964194261,24.4782247032606],[39.6621986263725,24.4782638217901],[39.661999176395,24.4784756846793]]]}},{"type":"Feature","properties":{"code":"N27-OS6","name":"N27-OS6","land_use":"Open Space","sector":"North","gfa":500.1,"area":10354.88,"floors":1,"height":3.5,"coverage":0,"far":0.05,"style":"PolyStyle02"},"geometry":{"type":"Polygon","coordinates":[[[39.6635228346525,24.4791358635649],[39.6634814959058,24.4791364650683],[39.6631727430622,24.4788555088229],[39.6630223659323,24.478726932437],[39.6627063071727,24.4784539710694],[39.6627050941129,24.4784156682355],[39.6632739999617,24.4778639274732],[39.6633158527313,24.4778628198291],[39.6636316358188,24.4781355680169],[39.6637823536068,24.4782657101481],[39.6640981406903,24.4785384600042],[39.6640993540315,24.4785767357239],[39.6635228346525,24.4791358635649]]]}},{"type":"Feature","properties":{"code":"N27-61","name":"N27-61","land_use":"Low/Med Density Residential","sector":"North","gfa":340,"area":330.34,"floors":3,"height":12,"coverage":0,"far":1.03,"style":"PolyStyle0286"},"geometry":{"type":"Polygon","coordinates":[[[39.6579627654249,24.4790925950948],[39.6578777049785,24.4791828804899],[39.6578348806219,24.4791488626197],[39.657788677718,24.4791126259996],[39.6577500926054,24.4790821786962],[39.6577280458021,24.4790644802554],[39.6577246099586,24.4790620639801],[39.657697350086,24.4790410059976],[39.6576908663683,24.4790354420254],[39.6577759258721,24.4789451576404],[39.6577828728273,24.4789502328038],[39.6577899964434,24.4789562609057],[39.6577931831134,24.4789587721902],[39.6577977649842,24.4789623909626],[39.6578024924875,24.478966119283],[39.657806093358,24.4789689593104],[39.6578096199276,24.4789717436669],[39.6578127884341,24.478973798045],[39.6579627654249,24.4790925950948]]]}},{"type":"Feature","properties":{"code":"N34-74","name":"N34-74","land_use":"Low/Med Density Residential","sector":"North","gfa":580,"area":389.4,"floors":4,"height":20,"coverage":0.83,"far":1.49,"style":"PolyStyle0286"},"geometry":{"type":"Polygon","coordinates":[[[39.6807817862372,24.4790515373866],[39.6806585451127,24.4790841348124],[39.6805764859629,24.4788242784537],[39.6806997077941,24.4787916224813],[39.6807817862372,24.4790515373866]]]}},{"type":"Feature","properties":{"code":"N27-186","name":"N27-186","land_use":"Low/Med Density Residential","sector":"North","gfa":340,"area":329.6,"floors":3,"height":12,"coverage":0,"far":1.03,"style":"PolyStyle0286"},"geometry":{"type":"Polygon","coordinates":[[[39.6603643993325,24.4791977159798],[39.6603583808386,24.4792037932725],[39.660259726626,24.4791259490657],[39.660265485395,24.4791198349803],[39.6602915471907,24.479092569311],[39.6603109481055,24.4790715779092],[39.6603438853557,24.4790366145879],[39.6603749285203,24.4790036626861],[39.6603837656567,24.4789948049718],[39.6604208219906,24.4789549512305],[39.6605194741995,24.4790327971494],[39.6603898103845,24.4791701803923],[39.6603643993325,24.4791977159798]]]}},{"type":"Feature","properties":{"code":"N34-142","name":"N34-142","land_use":"Medium Density Residential","sector":"North","gfa":27313,"area":7019.08,"floors":7,"height":30,"coverage":0.89,"far":3.89,"style":"PolyStyle0113"},"geometry":{"type":"Polygon","coordinates":[[[39.6756422978871,24.4788078719505],[39.6750320394634,24.4791407274301],[39.6750018058824,24.4790944072827],[39.6745398095845,24.4783842781238],[39.6751501395548,24.4780513845829],[39.6756422978871,24.4788078719505]]]}},{"type":"Feature","properties":{"code":"N27-85","name":"N27-85","land_use":"Low/Med Density Residential","sector":"North","gfa":340,"area":319.92,"floors":3,"height":12,"coverage":0,"far":1.06,"style":"PolyStyle0286"},"geometry":{"type":"Polygon","coordinates":[[[39.659395999203,24.4792087652366],[39.6593902229307,24.4792149380696],[39.6592945617751,24.4791394508821],[39.6593003419584,24.4791332708107],[39.6593262764749,24.479105399858],[39.6593642768831,24.4790654149086],[39.6593988101896,24.4790287668032],[39.6594183320653,24.4790074787582],[39.6594556584962,24.4789684558547],[39.6595513205861,24.4790439402288],[39.6595141592304,24.4790828251588],[39.6594220100746,24.479181155843],[39.659395999203,24.4792087652366]]]}},{"type":"Feature","properties":{"code":"N27-39","name":"N27-39","land_use":"Low/Med Density Residential","sector":"North","gfa":340,"area":330.11,"floors":3,"height":12,"coverage":0,"far":1.03,"style":"PolyStyle0286"},"geometry":{"type":"Polygon","coordinates":[[[39.6574009567966,24.4791357060909],[39.6573158488094,24.4792260419586],[39.657129096984,24.4790786719538],[39.6572142486082,24.4789883703182],[39.6572576746445,24.479022186159],[39.6572606437047,24.4790249810821],[39.657359205886,24.4791027590433],[39.6573643178367,24.4791067891573],[39.6573942306561,24.4791303951348],[39.6574009567966,24.4791357060909]]]}},{"type":"Feature","properties":{"code":"N27-127","name":"N27-127","land_use":"Low/Med Density Residential","sector":"North","gfa":340,"area":329.79,"floors":3,"height":12,"coverage":0,"far":1.03,"style":"PolyStyle0286"},"geometry":{"type":"Polygon","coordinates":[[[39.6587919987828,24.479139044838],[39.6587135240994,24.4792223397278],[39.6586703679167,24.4791879388109],[39.6586664596658,24.4791852012956],[39.6586450742247,24.4791683255711],[39.6586157933795,24.4791452228448],[39.658597233966,24.4791305754654],[39.6585744593067,24.4791126021584],[39.6585635482534,24.4791035461442],[39.6585266844819,24.4790749023196],[39.6586117434034,24.4789846174765],[39.658618465648,24.4789899302011],[39.6586483627606,24.4790135134172],[39.6587985849502,24.4791320538703],[39.6587919987828,24.479139044838]]]}},{"type":"Feature","properties":{"code":"N27-518","name":"N27-518","land_use":"Low/Med Density Residential","sector":"North","gfa":4647.7,"area":3098.48,"floors":3,"height":12,"coverage":0,"far":1.5,"style":"PolyStyle0286"},"geometry":{"type":"Polygon","coordinates":[[[39.6653007771497,24.4788444089407],[39.6649036932237,24.4792099258365],[39.6645537974184,24.4788915471258],[39.6649626740649,24.4785151777751],[39.6650050792536,24.4785145594352],[39.6652994598913,24.4787687937132],[39.6653007771497,24.4788444089407]]]}},{"type":"Feature","properties":{"code":"N27-74","name":"N27-74","land_use":"Low/Med Density Residential","sector":"North","gfa":455,"area":494.93,"floors":3,"height":12,"coverage":0,"far":0.92,"style":"PolyStyle0286"},"geometry":{"type":"Polygon","coordinates":[[[39.6582591546706,24.4791237553834],[39.658149606389,24.4792400304956],[39.658143200176,24.4792343849239],[39.6581132255344,24.4792108769054],[39.6579627654249,24.4790925950948],[39.6580916454361,24.4789557989225],[39.658256063519,24.4790855428624],[39.6582591546706,24.4791237553834]]]}},{"type":"Feature","properties":{"code":"N13-3","name":"N13-3","land_use":"High Density Residential & Commercial","sector":"North","gfa":56451.4,"area":18792.21,"floors":14,"height":61.5,"coverage":0.76,"far":3,"style":"PolyStyle012"},"geometry":{"type":"Polygon","coordinates":[[[39.6689192225211,24.4783803185774],[39.6679411172938,24.4791980891804],[39.6678689170461,24.4791974438222],[39.6670155363423,24.4784554701582],[39.6670145463708,24.4783923402118],[39.667986434658,24.4774973464281],[39.668166566925,24.4776678604362],[39.6684528269611,24.4779388332704],[39.6689192225211,24.4783803185774]]]}},{"type":"Feature","properties":{"code":"N27-62","name":"N27-62","land_use":"Low/Med Density Residential","sector":"North","gfa":340,"area":329.89,"floors":3,"height":12,"coverage":0,"far":1.03,"style":"PolyStyle0286"},"geometry":{"type":"Polygon","coordinates":[[[39.6578338880917,24.4792293902446],[39.6577926453931,24.4792731649312],[39.6577498190635,24.4792391488523],[39.65772525315,24.4792199847573],[39.6576724260094,24.4791782994407],[39.6576429861947,24.4791547664206],[39.6576125289311,24.4791310346184],[39.6576058047698,24.4791257263726],[39.6576908663683,24.4790354420254],[39.657697350086,24.4790410059976],[39.6577246099586,24.4790620639801],[39.6577280458021,24.4790644802554],[39.6577500926054,24.4790821786962],[39.657788677718,24.4791126259996],[39.6578348806219,24.4791488626197],[39.6578777049785,24.4791828804899],[39.6578338880917,24.4792293902446]]]}},{"type":"Feature","properties":{"code":"N27-86","name":"N27-86","land_use":"Low/Med Density Residential","sector":"North","gfa":340,"area":354.09,"floors":3,"height":12,"coverage":0,"far":0.96,"style":"PolyStyle0286"},"geometry":{"type":"Polygon","coordinates":[[[39.6595166219168,24.4792789034198],[39.6594748683662,24.4792817291505],[39.6593902229307,24.4792149380696],[39.659395999203,24.4792087652366],[39.6594220100746,24.479181155843],[39.6595141592304,24.4790828251588],[39.6595513205861,24.4790439402288],[39.6596583860599,24.4791284259431],[39.6595166219168,24.4792789034198]]]}},{"type":"Feature","properties":{"code":"N34-OS1","name":"N34-OS1","land_use":"Open Space","sector":"North","gfa":0,"area":3018.46,"floors":0,"height":0,"coverage":0,"far":0,"style":"PolyStyle02"},"geometry":{"type":"Polygon","coordinates":[[[39.6827004098328,24.4786374043704],[39.6805914202902,24.4791963458368],[39.680481645928,24.4788494134748],[39.6805764859629,24.4788242784537],[39.6806585451127,24.4790841348124],[39.6806586806326,24.4790845622853],[39.6807819026877,24.4790519053389],[39.6808766886128,24.4790267848221],[39.6809714754856,24.4790016642423],[39.6810662613326,24.4789765436081],[39.6811610481273,24.4789514229108],[39.6812558338912,24.478926301256],[39.681350619621,24.4789011804457],[39.6814454062985,24.4788760595722],[39.6815401919502,24.4788509386444],[39.6814579966308,24.4785906553162],[39.6815197068434,24.4785743003477],[39.6816017536782,24.4788341101676],[39.6816019032641,24.4788345836358],[39.6816966888465,24.4788094617079],[39.6817914753814,24.47878434062],[39.6818862608904,24.4787592194777],[39.6819810473472,24.4787340982723],[39.6820758327782,24.4787089770126],[39.6821706181652,24.4786838547911],[39.6822654045048,24.4786587334095],[39.6823601898185,24.4786336119736],[39.68245497608,24.4786084904745],[39.6825781971728,24.4785758320811],[39.6824960039468,24.4783155628799],[39.6825906086414,24.4782904917916],[39.6827004098328,24.4786374043704]]]}},{"type":"Feature","properties":{"code":"N13-1","name":"N13-1","land_use":"High Density Residential & Commercial","sector":"North","gfa":56410.5,"area":18642.74,"floors":15,"height":65,"coverage":0.77,"far":3.03,"style":"PolyStyle012"},"geometry":{"type":"Polygon","coordinates":[[[39.6712904553167,24.4782469097035],[39.6700095204722,24.4792562633809],[39.6698884812604,24.4791416924373],[39.6697685243075,24.4790281452599],[39.6695275299994,24.4788000267247],[39.6700443090436,24.4783427066074],[39.6696749357041,24.4779931002679],[39.6703904792229,24.4773948411638],[39.6704611965773,24.4773968529336],[39.6712935549804,24.4781849781665],[39.6712904553167,24.4782469097035]]]}},{"type":"Feature","properties":{"code":"N34-130","name":"N34-130","land_use":"Hospitality","sector":"North","gfa":17528.1,"area":4437.19,"floors":7,"height":30,"coverage":0.87,"far":3.95,"style":"PolyStyle074"},"geometry":{"type":"Polygon","coordinates":[[[39.678342476111,24.4791342188148],[39.6780059541653,24.4792234161123],[39.6779201849863,24.4789523272885],[39.6778344212339,24.4786812591476],[39.6785073824012,24.478502920973],[39.6785074050634,24.4785029145493],[39.6785931600842,24.4787739516244],[39.6786789305642,24.4790450400437],[39.678342476111,24.4791342188148]]]}},{"type":"Feature","properties":{"code":"N27-125","name":"N27-125","land_use":"Low/Med Density Residential","sector":"North","gfa":340,"area":482.16,"floors":3,"height":12,"coverage":0,"far":0.71,"style":"PolyStyle0286"},"geometry":{"type":"Polygon","coordinates":[[[39.6591014094475,24.4792255312855],[39.6590162094062,24.4793159669339],[39.6590083565926,24.4793097767989],[39.658978465217,24.4792861846009],[39.6587919987828,24.479139044838],[39.6587985849502,24.4791320538703],[39.6588965343752,24.4790280880032],[39.6590983200123,24.4791873187791],[39.6591014094475,24.4792255312855]]]}},{"type":"Feature","properties":{"code":"N27-187","name":"N27-187","land_use":"Low/Med Density Residential","sector":"North","gfa":455,"area":513.96,"floors":3,"height":12,"coverage":0,"far":0.88,"style":"PolyStyle0286"},"geometry":{"type":"Polygon","coordinates":[[[39.6605806540652,24.4793025382176],[39.6605428218217,24.4793190972865],[39.6605015622025,24.4793021149445],[39.6604624250344,24.4792813466515],[39.6604258236974,24.4792570117699],[39.6603583808386,24.4792037932725],[39.6603643993325,24.4791977159798],[39.6603898103845,24.4791701803923],[39.6605194741995,24.4790327971494],[39.6606425344584,24.4791299003318],[39.6606125789987,24.4792165149108],[39.6605806540652,24.4793025382176]]]}},{"type":"Feature","properties":{"code":"N27-512","name":"N27-512","land_use":"Low/Med Density Residential","sector":"North","gfa":7949.1,"area":5298.83,"floors":3,"height":12,"coverage":0,"far":1.5,"style":"PolyStyle0286"},"geometry":{"type":"Polygon","coordinates":[[[39.6627800450544,24.4793123789812],[39.6627384673717,24.4793137228018],[39.6620368197527,24.4787077430134],[39.6620303454308,24.478665716131],[39.662067078703,24.4786152880594],[39.6621079971238,24.4785676352751],[39.6621113355911,24.4785640641101],[39.6623069701077,24.4783562773809],[39.6623465709671,24.4783543824086],[39.6630768310856,24.4789850704478],[39.6630780442535,24.479023370564],[39.6627800450544,24.4793123789812]]]}},{"type":"Feature","properties":{"code":"N34-73","name":"N34-73","land_use":"Low/Med Density Residential","sector":"North","gfa":580,"area":389.93,"floors":4,"height":20,"coverage":0.83,"far":1.49,"style":"PolyStyle0286"},"geometry":{"type":"Polygon","coordinates":[[[39.6801895984173,24.479208879203],[39.6800664194057,24.4792415246396],[39.6799840100284,24.478981297432],[39.6801072321721,24.4789486410337],[39.6801895984173,24.479208879203]]]}},{"type":"Feature","properties":{"code":"N27-97","name":"N27-97","land_use":"Low/Med Density Residential","sector":"North","gfa":455,"area":540.64,"floors":3,"height":12,"coverage":0,"far":0.84,"style":"PolyStyle0286"},"geometry":{"type":"Polygon","coordinates":[[[39.6600629816766,24.4792079985489],[39.6599334598129,24.479345482842],[39.6597704913823,24.4792168868332],[39.6599122571329,24.4790664109225],[39.6599540086072,24.4790635814687],[39.6600945558992,24.4791744853443],[39.6600887048549,24.4791806946554],[39.6600629816766,24.4792079985489]]]}},{"type":"Feature","properties":{"code":"N27-128","name":"N27-128","land_use":"Low/Med Density Residential","sector":"North","gfa":455,"area":500.21,"floors":3,"height":12,"coverage":0,"far":0.91,"style":"PolyStyle0286"},"geometry":{"type":"Polygon","coordinates":[[[39.6587135240994,24.4792223397278],[39.6585846445097,24.4793591364174],[39.6583978048512,24.479211702466],[39.658407383329,24.4792015329952],[39.6585266844819,24.4790749023196],[39.6585635482534,24.4791035461442],[39.6585744593067,24.4791126021584],[39.658597233966,24.4791305754654],[39.6586157933795,24.4791452228448],[39.6586450742247,24.4791683255711],[39.6586664596658,24.4791852012956],[39.6586703679167,24.4791879388109],[39.6587135240994,24.4792223397278]]]}},{"type":"Feature","properties":{"code":"N27-63","name":"N27-63","land_use":"Low/Med Density Residential","sector":"North","gfa":340,"area":329.84,"floors":3,"height":12,"coverage":0,"far":1.03,"style":"PolyStyle0286"},"geometry":{"type":"Polygon","coordinates":[[[39.6577926453931,24.4792731649312],[39.6577075837226,24.4793634511409],[39.6576647593483,24.4793294332236],[39.6576063595957,24.4792835716729],[39.657558203146,24.4792451235858],[39.6575207450334,24.4792160124709],[39.6576058047698,24.4791257263726],[39.6576125289311,24.4791310346184],[39.6576429861947,24.4791547664206],[39.6576724260094,24.4791782994407],[39.65772525315,24.4792199847573],[39.6577498190635,24.4792391488523],[39.6577926453931,24.4792731649312]]]}},{"type":"Feature","properties":{"code":"N34-72","name":"N34-72","land_use":"Low/Med Density Residential","sector":"North","gfa":580,"area":300,"floors":4,"height":20,"coverage":0.83,"far":1.93,"style":"PolyStyle0286"},"geometry":{"type":"Polygon","coordinates":[[[39.6800664194057,24.4792415246396],[39.6799716331468,24.4792666446542],[39.6798892229586,24.4790064173963],[39.6799840100284,24.478981297432],[39.6800664194057,24.4792415246396]]]}},{"type":"Feature","properties":{"code":"N27-226","name":"N27-226","land_use":"Low/Med Density Residential","sector":"North","gfa":340,"area":403.47,"floors":3,"height":12,"coverage":0,"far":0.84,"style":"PolyStyle0286"},"geometry":{"type":"Polygon","coordinates":[[[39.6570245528004,24.4793595294669],[39.6569715169479,24.4793791115262],[39.6569314776279,24.4792882670151],[39.6570775225492,24.4791333741359],[39.6571567991196,24.479195929811],[39.6572003077242,24.4792946552589],[39.6571920687314,24.4792976949175],[39.6571556234844,24.4793115900958],[39.6570271569808,24.4793585698524],[39.6570245528004,24.4793595294669]]]}},{"type":"Feature","properties":{"code":"N27-73","name":"N27-73","land_use":"Low/Med Density Residential","sector":"North","gfa":455,"area":500.35,"floors":3,"height":12,"coverage":0,"far":0.91,"style":"PolyStyle0286"},"geometry":{"type":"Polygon","coordinates":[[[39.658149606389,24.4792400304956],[39.6580207271562,24.479376828519],[39.6580138802675,24.479371646362],[39.6580127633619,24.4793705421797],[39.6580024055937,24.4793623696882],[39.6580009717699,24.4793612370828],[39.6579980922432,24.4793589646986],[39.6579872489484,24.4793504104893],[39.6579842818048,24.4793477989085],[39.6578338880917,24.4792293902446],[39.6578777049785,24.4791828804899],[39.6579627654249,24.4790925950948],[39.6581132255344,24.4792108769054],[39.658143200176,24.4792343849239],[39.658149606389,24.4792400304956]]]}},{"type":"Feature","properties":{"code":"N27-508","name":"N27-508","land_use":"Low/Med Density Residential","sector":"North","gfa":2533.1,"area":1689.32,"floors":3,"height":12,"coverage":0,"far":1.5,"style":"PolyStyle0286"},"geometry":{"type":"Polygon","coordinates":[[[39.6623807016414,24.4791910036443],[39.6622055974868,24.4793608186057],[39.6621334219995,24.4793129911993],[39.662058596325,24.4792687062746],[39.66198132784,24.4792280865647],[39.6619018306909,24.4791912446444],[39.6619110525711,24.4791727613811],[39.6618661656001,24.4791540094164],[39.6618569457071,24.4791724962809],[39.6618084620022,24.4791537871494],[39.6618051956282,24.4790817056692],[39.6618085577132,24.4790096278743],[39.6619588223993,24.478863901261],[39.6620006715588,24.4788627912821],[39.6623807016414,24.4791910036443]]]}},{"type":"Feature","properties":{"code":"N13-OS1","name":"N13-OS1","land_use":"Open Space","sector":"North","gfa":500,"area":13575.1,"floors":2,"height":20,"coverage":0,"far":0.04,"style":"PolyStyle02"},"geometry":{"type":"Polygon","coordinates":[[[39.6700095204722,24.4792562633809],[39.6699195237649,24.4793271780459],[39.6690564598589,24.4785102260265],[39.6689192225211,24.4783803185774],[39.6684528269611,24.4779388332704],[39.668166566925,24.4776678604362],[39.667986434658,24.4774973464281],[39.668068561184,24.477421716326],[39.6685658747535,24.4778922571096],[39.6690839826657,24.4774337638888],[39.6695376775595,24.4778631862403],[39.6696749357041,24.4779931002679],[39.6700443090436,24.4783427066074],[39.6695275299994,24.4788000267247],[39.6697685243075,24.4790281452599],[39.6698884812604,24.4791416924373],[39.6700095204722,24.4792562633809]]]}},{"type":"Feature","properties":{"code":"N34-71","name":"N34-71","land_use":"Low/Med Density Residential","sector":"North","gfa":580,"area":300,"floors":4,"height":20,"coverage":0.83,"far":1.93,"style":"PolyStyle0286"},"geometry":{"type":"Polygon","coordinates":[[[39.6799716331468,24.4792666446542],[39.6798768468488,24.4792917646101],[39.6797944368365,24.4790315372975],[39.6798892229586,24.4790064173963],[39.6799716331468,24.4792666446542]]]}},{"type":"Feature","properties":{"code":"N34-70","name":"N34-70","land_use":"Low/Med Density Residential","sector":"North","gfa":580,"area":300,"floors":4,"height":20,"coverage":0.83,"far":1.93,"style":"PolyStyle0286"},"geometry":{"type":"Polygon","coordinates":[[[39.6798768468488,24.4792917646101],[39.6797820595249,24.4793168845117],[39.6796996496885,24.4790566571443],[39.6797944368365,24.4790315372975],[39.6798768468488,24.4792917646101]]]}},{"type":"Feature","properties":{"code":"N27-OS7","name":"N27-OS7","land_use":"Open Space","sector":"North","gfa":1349.8,"area":2698.69,"floors":1,"height":3.5,"coverage":0,"far":0.5,"style":"PolyStyle02"},"geometry":{"type":"Polygon","coordinates":[[[39.6638380370886,24.4793749143025],[39.6638262323141,24.4793841950564],[39.6638129865028,24.4793916714836],[39.6637986258128,24.4793971594883],[39.6637835038541,24.4794005239367],[39.6637679929825,24.4794016819843],[39.6637524751297,24.4794006051157],[39.6637373323999,24.4793973198474],[39.6637229376598,24.4793919070741],[39.6637096453584,24.4793845000772],[39.6636977827982,24.4793752812427],[39.663617125723,24.4793018839924],[39.6636094203911,24.4792935533005],[39.6636033829154,24.4792841406219],[39.6635991907071,24.4792739225489],[39.6635969669539,24.47926319934],[39.6635967770006,24.4792522860972],[39.6635986264283,24.4792415035068],[39.6636024608911,24.4792311684154],[39.6636081677126,24.47922158452],[39.6636155791975,24.4792130334436],[39.6637463223002,24.4790862355834],[39.6637552037254,24.4790894406142],[39.664042839978,24.4788104834638],[39.6640388274208,24.4788025562485],[39.6641718769513,24.4786735198639],[39.6641799691602,24.4786668137547],[39.6641891080154,24.4786613487562],[39.6641990684877,24.4786572594347],[39.6642096053173,24.4786546464829],[39.6642204590527,24.4786535742402],[39.6642313624388,24.4786540691089],[39.6642420469985,24.4786561189036],[39.6642522496423,24.4786596731516],[39.6642617191475,24.4786646443356],[39.6642702223434,24.4786709100484],[39.6643559262509,24.4787449250848],[39.6643318834577,24.4787682431015],[39.6643677689949,24.4787992343219],[39.6643917764332,24.4787759489677],[39.6643994390987,24.4787844450812],[39.6644053868156,24.4787940228709],[39.6644094415202,24.4788043955963],[39.6644114818224,24.4788152527185],[39.6644114466388,24.478826269196],[39.6644093370221,24.478837115217],[39.6644052161299,24.4788474660724],[39.6643992073332,24.4788570118774],[39.6643914905234,24.478865466849],[39.6642891328857,24.4789596836989],[39.6642803302449,24.4789562606984],[39.6641558796703,24.479070814685],[39.6641453840459,24.4790612641443],[39.6640987658324,24.4791041727551],[39.6641092654137,24.4791137250879],[39.6639848135472,24.4792282798453],[39.6639886056361,24.4792363155031],[39.6639203786222,24.4792991174842],[39.663911575967,24.4792956944626],[39.6638665328587,24.4793371555862],[39.6638703269171,24.4793451912382],[39.6638380370886,24.4793749143025]]]}},{"type":"Feature","properties":{"code":"N34-69","name":"N34-69","land_use":"Low/Med Density Residential","sector":"North","gfa":580,"area":300,"floors":4,"height":20,"coverage":0.83,"far":1.93,"style":"PolyStyle0286"},"geometry":{"type":"Polygon","coordinates":[[[39.6797820595249,24.4793168845117],[39.6796872731488,24.4793420043501],[39.6796048634931,24.4790817778311],[39.6796996496885,24.4790566571443],[39.6797820595249,24.4793168845117]]]}},{"type":"Feature","properties":{"code":"N27-124","name":"N27-124","land_use":"Low/Med Density Residential","sector":"North","gfa":455,"area":782.67,"floors":3,"height":12,"coverage":0,"far":0.58,"style":"PolyStyle0286"},"geometry":{"type":"Polygon","coordinates":[[[39.6590162094062,24.4793159669339],[39.6588873300527,24.479452762972],[39.6585846445097,24.4793591364174],[39.6587135240994,24.4792223397278],[39.6587919987828,24.479139044838],[39.658978465217,24.4792861846009],[39.6590083565926,24.4793097767989],[39.6590162094062,24.4793159669339]]]}},{"type":"Feature","properties":{"code":"N34-68","name":"N34-68","land_use":"Low/Med Density Residential","sector":"North","gfa":580,"area":300,"floors":4,"height":20,"coverage":0.83,"far":1.93,"style":"PolyStyle0286"},"geometry":{"type":"Polygon","coordinates":[[[39.6796872731488,24.4793420043501],[39.6795924857517,24.4793671250374],[39.679510076267,24.4791068975605],[39.6796048634931,24.4790817778311],[39.6796872731488,24.4793420043501]]]}},{"type":"Feature","properties":{"code":"N27-98","name":"N27-98","land_use":"Low/Med Density Residential","sector":"North","gfa":455,"area":500.55,"floors":3,"height":12,"coverage":0,"far":0.91,"style":"PolyStyle0286"},"geometry":{"type":"Polygon","coordinates":[[[39.660212736698,24.4793261684201],[39.6600829334672,24.4794634309944],[39.6599334598129,24.479345482842],[39.6600629816766,24.4792079985489],[39.6600887048549,24.4791806946554],[39.6600945558992,24.4791744853443],[39.6602440294842,24.479292431535],[39.660238511875,24.4792988082802],[39.660212736698,24.4793261684201]]]}},{"type":"Feature","properties":{"code":"N27-525","name":"N27-525","land_use":"Low/Med Density Residential","sector":"North","gfa":6039.2,"area":4023.28,"floors":3,"height":12,"coverage":0,"far":1.5,"style":"PolyStyle0286"},"geometry":{"type":"Polygon","coordinates":[[[39.661218624263,24.4787763624364],[39.6611750992031,24.4789500337542],[39.6611244881154,24.479122089041],[39.6610668621769,24.4792922862285],[39.6610023024348,24.4794603858615],[39.6607588094185,24.4793806305924],[39.6607216277217,24.4793685060902],[39.6607131007752,24.4793660868612],[39.66077452574,24.4791978579595],[39.6608286368795,24.4790275385003],[39.6608753496486,24.4788553946914],[39.6609314459659,24.4786656223751],[39.6609943166794,24.4784776370297],[39.6610638940351,24.4782916411505],[39.661102193315,24.4782744504284],[39.6611997761806,24.4783030970399],[39.6613633055058,24.4783510980533],[39.6613770657856,24.478383031279],[39.6613354016594,24.4784580242314],[39.6612986077514,24.4785351215266],[39.6612668103668,24.4786140585259],[39.6612401186605,24.4786945642755],[39.661218624263,24.4787763624364]]]}},{"type":"Feature","properties":{"code":"N27-64","name":"N27-64","land_use":"Low/Med Density Residential","sector":"North","gfa":340,"area":506.31,"floors":3,"height":12,"coverage":0,"far":0.67,"style":"PolyStyle0286"},"geometry":{"type":"Polygon","coordinates":[[[39.6574510180799,24.47947964049],[39.6574427840296,24.4794826828503],[39.6573986340885,24.4793825062261],[39.6574068905307,24.4793368575855],[39.6575207450334,24.4792160124709],[39.657558203146,24.4792451235858],[39.6576063595957,24.4792835716729],[39.6576647593483,24.4793294332236],[39.6577075837226,24.4793634511409],[39.6576821750202,24.4793904209157],[39.6576836519378,24.479393769624],[39.6576185801671,24.4794179642199],[39.6574902825693,24.4794651504508],[39.6574876261696,24.4794661256538],[39.6574510180799,24.47947964049]]]}},{"type":"Feature","properties":{"code":"N27-38","name":"N27-38","land_use":"Low/Med Density Residential","sector":"North","gfa":340,"area":329.58,"floors":3,"height":12,"coverage":0,"far":1.03,"style":"PolyStyle0286"},"geometry":{"type":"Polygon","coordinates":[[[39.6570732789836,24.4794700912945],[39.6570202371489,24.4794896688816],[39.6569715169479,24.4793791115262],[39.6570245528004,24.4793595294669],[39.6570271569808,24.4793585698524],[39.6571556234844,24.4793115900958],[39.6571920687314,24.4792976949175],[39.6572003077242,24.4792946552589],[39.6572490320408,24.4794052134241],[39.6572407940336,24.4794082539843],[39.6572041691803,24.4794217733496],[39.6570766050478,24.4794688503746],[39.6570732789836,24.4794700912945]]]}},{"type":"Feature","properties":{"code":"N34-67","name":"N34-67","land_use":"Low/Med Density Residential","sector":"North","gfa":580,"area":300,"floors":4,"height":20,"coverage":0.83,"far":1.93,"style":"PolyStyle0286"},"geometry":{"type":"Polygon","coordinates":[[[39.6795924857517,24.4793671250374],[39.6794976992974,24.4793922447583],[39.6794152899887,24.4791320172267],[39.679510076267,24.4791068975605],[39.6795924857517,24.4793671250374]]]}},{"type":"Feature","properties":{"code":"N27-1045-3","name":"N27-1045-3","land_use":"Utilities","sector":"North","gfa":0,"area":43.84,"floors":0,"height":0,"coverage":0,"far":0,"style":"PolyStyle039"},"geometry":{"type":"Polygon","coordinates":[[[39.6622849867951,24.4794532746535],[39.6622524184794,24.4794883162474],[39.662187715706,24.479439352065],[39.6622210356732,24.4794034961776],[39.6622849867951,24.4794532746535]]]}},{"type":"Feature","properties":{"code":"N27-OS1","name":"N27-OS1","land_use":"Open Space","sector":"North","gfa":0,"area":806.95,"floors":0,"height":0,"coverage":0,"far":0,"style":"PolyStyle02"},"geometry":{"type":"Polygon","coordinates":[[[39.6588873300527,24.479452762972],[39.6588721512185,24.4795051684038],[39.6585695324354,24.4794221163087],[39.6583407384357,24.4795065719416],[39.6582810733658,24.4793711958697],[39.6582788728148,24.4793648023913],[39.6582777873954,24.4793581732373],[39.6582778436092,24.4793514702668],[39.6582790400836,24.4793448571414],[39.6582813476049,24.4793384953286],[39.658284709832,24.4793325401602],[39.6582890446718,24.4793271370387],[39.6583978048512,24.479211702466],[39.6585846445097,24.4793591364174],[39.6588873300527,24.479452762972]]]}},{"type":"Feature","properties":{"code":"N34-66","name":"N34-66","land_use":"Low/Med Density Residential","sector":"North","gfa":580,"area":300,"floors":4,"height":20,"coverage":0.83,"far":1.93,"style":"PolyStyle0286"},"geometry":{"type":"Polygon","coordinates":[[[39.6794976992974,24.4793922447583],[39.6794029118174,24.479417364425],[39.6793205036713,24.4791571368342],[39.6794152899887,24.4791320172267],[39.6794976992974,24.4793922447583]]]}},{"type":"Feature","properties":{"code":"N27-104","name":"N27-104","land_use":"Low/Med Density Residential","sector":"North","gfa":455,"area":540.3,"floors":3,"height":12,"coverage":0,"far":0.84,"style":"PolyStyle0286"},"geometry":{"type":"Polygon","coordinates":[[[39.6597779314692,24.4795101429616],[39.6597723632833,24.479516478367],[39.659631815888,24.4794055760049],[39.6596287262872,24.4793673635137],[39.6597704913823,24.4792168868332],[39.6599334598129,24.479345482842],[39.6598037385116,24.4794828125586],[39.659793068722,24.4794945005317],[39.6597779314692,24.4795101429616]]]}},{"type":"Feature","properties":{"code":"N34-65","name":"N34-65","land_use":"Low/Med Density Residential","sector":"North","gfa":580,"area":300,"floors":4,"height":20,"coverage":0.83,"far":1.93,"style":"PolyStyle0286"},"geometry":{"type":"Polygon","coordinates":[[[39.6794029118174,24.479417364425],[39.679308125285,24.4794424840284],[39.6792257163281,24.4791822563874],[39.6793205036713,24.4791571368342],[39.6794029118174,24.479417364425]]]}},{"type":"Feature","properties":{"code":"N27-72","name":"N27-72","land_use":"Low/Med Density Residential","sector":"North","gfa":455,"area":725.42,"floors":3,"height":12,"coverage":0,"far":0.63,"style":"PolyStyle0286"},"geometry":{"type":"Polygon","coordinates":[[[39.657939951092,24.4794900276298],[39.6577560036284,24.4795579313444],[39.6577323776999,24.4795043276179],[39.6576836519378,24.479393769624],[39.6576821750202,24.4793904209157],[39.6577075837226,24.4793634511409],[39.6577926453931,24.4792731649312],[39.6578338880917,24.4792293902446],[39.6579842818048,24.4793477989085],[39.6579872489484,24.4793504104893],[39.6579980922432,24.4793589646986],[39.6580009717699,24.4793612370828],[39.6580024055937,24.4793623696882],[39.6580127633619,24.4793705421797],[39.6580138802675,24.479371646362],[39.6580207271562,24.479376828519],[39.6579847941761,24.4794734747983],[39.6579766959698,24.4794768290797],[39.6579450254731,24.4794881541094],[39.657939951092,24.4794900276298]]]}},{"type":"Feature","properties":{"code":"N34-131","name":"N34-131","land_use":"Hospitality","sector":"North","gfa":17528.1,"area":4437.45,"floors":7,"height":30,"coverage":0.87,"far":3.95,"style":"PolyStyle074"},"geometry":{"type":"Polygon","coordinates":[[[39.6773851371484,24.4793879497006],[39.677048613807,24.479477145795],[39.6769628464644,24.4792060536865],[39.6768770765379,24.4789349606218],[39.677213569066,24.4788457822236],[39.6775500375206,24.4787566221567],[39.6775500641253,24.4787566148123],[39.6776358253447,24.4790276813267],[39.6777215929872,24.4792987703258],[39.6773851371484,24.4793879497006]]]}},{"type":"Feature","properties":{"code":"N34-64","name":"N34-64","land_use":"Low/Med Density Residential","sector":"North","gfa":580,"area":300,"floors":4,"height":20,"coverage":0.83,"far":1.93,"style":"PolyStyle0286"},"geometry":{"type":"Polygon","coordinates":[[[39.679308125285,24.4794424840284],[39.6792133387137,24.4794676035732],[39.6791309299374,24.4792073767805],[39.6792257163281,24.4791822563874],[39.679308125285,24.4794424840284]]]}},{"type":"Feature","properties":{"code":"N27-99","name":"N27-99","land_use":"Low/Med Density Residential","sector":"North","gfa":340,"area":380.07,"floors":3,"height":12,"coverage":0,"far":0.89,"style":"PolyStyle0286"},"geometry":{"type":"Polygon","coordinates":[[[39.6603275083127,24.4794143128777],[39.6601965346389,24.4795530681221],[39.6600829334672,24.4794634309944],[39.660212736698,24.4793261684201],[39.660238511875,24.4792988082802],[39.6602440294842,24.479292431535],[39.6603308217107,24.4793609160527],[39.6603589653174,24.4793806556304],[39.6603534202402,24.4793870632063],[39.6603499070975,24.479390268425],[39.6603441208363,24.4793964106308],[39.6603420216521,24.4793986397051],[39.6603275083127,24.4794143128777]]]}},{"type":"Feature","properties":{"code":"N27-1045-2","name":"N27-1045-2","land_use":"Utilities","sector":"North","gfa":0,"area":42.56,"floors":0,"height":0,"coverage":0,"far":0,"style":"PolyStyle039"},"geometry":{"type":"Polygon","coordinates":[[[39.6622108408577,24.4795330554183],[39.662178854414,24.479567471285],[39.662147132575,24.4795422919715],[39.662114050596,24.4795186240187],[39.6621460841286,24.4794841537711],[39.6621791048769,24.4795078921018],[39.6622108408577,24.4795330554183]]]}},{"type":"Feature","properties":{"code":"N34-63","name":"N34-63","land_use":"Low/Med Density Residential","sector":"North","gfa":580,"area":300,"floors":4,"height":20,"coverage":0.83,"far":1.93,"style":"PolyStyle0286"},"geometry":{"type":"Polygon","coordinates":[[[39.6792133387137,24.4794676035732],[39.6791185511213,24.4794927239668],[39.6790361425161,24.4792324962162],[39.6791309299374,24.4792073767805],[39.6792133387137,24.4794676035732]]]}},{"type":"Feature","properties":{"code":"N27-225","name":"N27-225","land_use":"Low/Med Density Residential","sector":"North","gfa":340,"area":347.21,"floors":3,"height":12,"coverage":0,"far":0.98,"style":"PolyStyle0286"},"geometry":{"type":"Polygon","coordinates":[[[39.6574997436803,24.4795901994644],[39.6574915096241,24.4795932418274],[39.6574427840296,24.4794826828503],[39.6574510180799,24.47947964049],[39.6574876261696,24.4794661256538],[39.6574902825693,24.4794651504508],[39.6576185801671,24.4794179642199],[39.6576836519378,24.479393769624],[39.6577323776999,24.4795043276179],[39.6576672261123,24.4795283636314],[39.6575363498367,24.4795766873339],[39.6574997436803,24.4795901994644]]]}},{"type":"Feature","properties":{"code":"N34-143","name":"N34-143","land_use":"Hospitality","sector":"North","gfa":17528.1,"area":6333.27,"floors":7,"height":30,"coverage":0.89,"far":2.77,"style":"PolyStyle074"},"geometry":{"type":"Polygon","coordinates":[[[39.6744140181052,24.4793565052943],[39.6741089327079,24.4795227478153],[39.674056303201,24.4794421136126],[39.6736740560606,24.4788564675146],[39.6742843896672,24.478523579204],[39.6747397692097,24.4792212673684],[39.6744343195307,24.4793877099491],[39.6744140181052,24.4793565052943]]]}},{"type":"Feature","properties":{"code":"N27-37","name":"N27-37","land_use":"Low/Med Density Residential","sector":"North","gfa":340,"area":330.01,"floors":3,"height":12,"coverage":0,"far":1.03,"style":"PolyStyle0286"},"geometry":{"type":"Polygon","coordinates":[[[39.6571219687704,24.4795806586804],[39.6570689633673,24.4796002279984],[39.6570202371489,24.4794896688816],[39.6570732789836,24.4794700912945],[39.6570766050478,24.4794688503746],[39.6572041691803,24.4794217733496],[39.6572407940336,24.4794082539843],[39.6572490320408,24.4794052134241],[39.6572977564492,24.4795157724734],[39.6572895194135,24.4795188112258],[39.6572528955162,24.4795323296958],[39.6571219687704,24.4795806586804]]]}},{"type":"Feature","properties":{"code":"N34-62","name":"N34-62","land_use":"Low/Med Density Residential","sector":"North","gfa":580,"area":300,"floors":4,"height":20,"coverage":0.83,"far":1.93,"style":"PolyStyle0286"},"geometry":{"type":"Polygon","coordinates":[[[39.6791185511213,24.4794927239668],[39.6790237644718,24.479517843394],[39.6789413560425,24.4792576155887],[39.6790361425161,24.4792324962162],[39.6791185511213,24.4794927239668]]]}},{"type":"Feature","properties":{"code":"N34-61","name":"N34-61","land_use":"Low/Med Density Residential","sector":"North","gfa":580,"area":300,"floors":4,"height":20,"coverage":0.83,"far":1.93,"style":"PolyStyle0286"},"geometry":{"type":"Polygon","coordinates":[[[39.6790237644718,24.479517843394],[39.6789289767964,24.479542962767],[39.6788465685431,24.479282734907],[39.6789413560425,24.4792576155887],[39.6790237644718,24.479517843394]]]}},{"type":"Feature","properties":{"code":"N27-103","name":"N27-103","land_use":"Low/Med Density Residential","sector":"North","gfa":455,"area":500.36,"floors":3,"height":12,"coverage":0,"far":0.91,"style":"PolyStyle0286"},"geometry":{"type":"Polygon","coordinates":[[[39.6599280066902,24.4796285718126],[39.6599218369975,24.4796344266751],[39.6597723632833,24.479516478367],[39.6597779314692,24.4795101429616],[39.659793068722,24.4794945005317],[39.6598037385116,24.4794828125586],[39.6599334598129,24.479345482842],[39.6600829334672,24.4794634309944],[39.6599534093835,24.4796009126044],[39.6599287773889,24.4796270556995],[39.6599280066902,24.4796285718126]]]}},{"type":"Feature","properties":{"code":"N34-60","name":"N34-60","land_use":"Low/Med Density Residential","sector":"North","gfa":580,"area":300,"floors":4,"height":20,"coverage":0.83,"far":1.93,"style":"PolyStyle0286"},"geometry":{"type":"Polygon","coordinates":[[[39.6789289767964,24.479542962767],[39.6788341900688,24.4795680820768],[39.6787517819913,24.479307854162],[39.6788465685431,24.479282734907],[39.6789289767964,24.479542962767]]]}},{"type":"Feature","properties":{"code":"N27-129","name":"N27-129","land_use":"Low/Med Density Residential","sector":"North","gfa":455,"area":509.68,"floors":3,"height":12,"coverage":0,"far":0.89,"style":"PolyStyle0286"},"geometry":{"type":"Polygon","coordinates":[[[39.6584240762822,24.4796739367276],[39.6584160429648,24.4796774343477],[39.6583407384357,24.4795065719416],[39.6585695324354,24.4794221163087],[39.6586448362307,24.4795929786014],[39.658460256703,24.4796609292748],[39.6584576889504,24.4796620612534],[39.6584240762822,24.4796739367276]]]}},{"type":"Feature","properties":{"code":"N27-1045-1","name":"N27-1045-1","land_use":"Utilities","sector":"North","gfa":0,"area":75,"floors":0,"height":0,"coverage":0,"far":0,"style":"PolyStyle039"},"geometry":{"type":"Polygon","coordinates":[[[39.6621051833239,24.4796467468731],[39.6620873864294,24.479665892694],[39.6620796503825,24.479658853266],[39.6620369995621,24.4796595675997],[39.6620357237918,24.4795958518052],[39.6620683441937,24.4795607522283],[39.6621036306032,24.4795855611343],[39.6621372698706,24.4796122176914],[39.6621051833239,24.4796467468731]]]}},{"type":"Feature","properties":{"code":"N34-59","name":"N34-59","land_use":"Low/Med Density Residential","sector":"North","gfa":580,"area":299.92,"floors":4,"height":20,"coverage":0.83,"far":1.93,"style":"PolyStyle0286"},"geometry":{"type":"Polygon","coordinates":[[[39.6788341900688,24.4795680820768],[39.6787394023154,24.4795932013324],[39.6786570604372,24.4793329559067],[39.6786570534036,24.4793329324569],[39.6787517749578,24.4793078307122],[39.6787517819913,24.479307854162],[39.6788341900688,24.4795680820768]]]}},{"type":"Feature","properties":{"code":"N27-167","name":"N27-167","land_use":"Low/Med Density Residential","sector":"North","gfa":750,"area":800.48,"floors":3,"height":12,"coverage":0,"far":0.94,"style":"PolyStyle0286"},"geometry":{"type":"Polygon","coordinates":[[[39.6610023024348,24.4794603858615],[39.6609548477211,24.479572553083],[39.6609043051573,24.4796835847855],[39.6606687403059,24.4795946414523],[39.6606324144665,24.4795805019113],[39.6606242085632,24.4795773912807],[39.6606701112973,24.479472252312],[39.6607131007752,24.4793660868612],[39.6607216277217,24.4793685060902],[39.6607588094185,24.4793806305924],[39.6610023024348,24.4794603858615]]]}},{"type":"Feature","properties":{"code":"N27-65","name":"N27-65","land_use":"Low/Med Density Residential","sector":"North","gfa":340,"area":348.37,"floors":3,"height":12,"coverage":0,"far":0.98,"style":"PolyStyle0286"},"geometry":{"type":"Polygon","coordinates":[[[39.6575484703546,24.4797007584154],[39.6575402333322,24.479703800794],[39.6574915096241,24.4795932418274],[39.6574997436803,24.4795901994644],[39.6575363498367,24.4795766873339],[39.6576672261123,24.4795283636314],[39.6577323776999,24.4795043276179],[39.6577560036284,24.4795579313444],[39.6577811035539,24.4796148864958],[39.6577161817339,24.4796394697319],[39.6575851833455,24.4796874806223],[39.6575484703546,24.4797007584154]]]}},{"type":"Feature","properties":{"code":"N27-36","name":"N27-36","land_use":"Low/Med Density Residential","sector":"North","gfa":340,"area":330,"floors":3,"height":12,"coverage":0,"far":1.03,"style":"PolyStyle0286"},"geometry":{"type":"Polygon","coordinates":[[[39.6571707246523,24.4796912049881],[39.6571176886719,24.479710784391],[39.6570689633673,24.4796002279984],[39.6571219687704,24.4795806586804],[39.6572528955162,24.4795323296958],[39.6572895194135,24.4795188112258],[39.6572977564492,24.4795157724734],[39.6573464819316,24.4796263314992],[39.6573382429071,24.4796293684567],[39.6573016180061,24.4796428887495],[39.6571707246523,24.4796912049881]]]}},{"type":"Feature","properties":{"code":"N27-100","name":"N27-100","land_use":"Low/Med Density Residential","sector":"North","gfa":455,"area":605.46,"floors":3,"height":12,"coverage":0,"far":0.75,"style":"PolyStyle0286"},"geometry":{"type":"Polygon","coordinates":[[[39.660506786898,24.4794799690238],[39.6604727579966,24.4795575221486],[39.6604345344239,24.4796334210351],[39.6603922118017,24.4797074757965],[39.6602324083718,24.4795813762776],[39.6601965346389,24.4795530681221],[39.6603275083127,24.4794143128777],[39.6603420216521,24.4793986397051],[39.6603441208363,24.4793964106308],[39.6603499070975,24.479390268425],[39.6603534202402,24.4793870632063],[39.6603589653174,24.4793806556304],[39.6604002941603,24.479405525053],[39.660443759953,24.4794271287259],[39.660489055337,24.4794453138831],[39.660506786898,24.4794799690238]]]}},{"type":"Feature","properties":{"code":"N27-71","name":"N27-71","land_use":"Low/Med Density Residential","sector":"North","gfa":455,"area":499.92,"floors":3,"height":12,"coverage":0,"far":0.91,"style":"PolyStyle0286"},"geometry":{"type":"Polygon","coordinates":[[[39.6578927964848,24.4797022008963],[39.6578298275121,24.479725443557],[39.6577811035539,24.4796148864958],[39.6577560036284,24.4795579313444],[39.657939951092,24.4794900276298],[39.6579450254731,24.4794881541094],[39.6579766959698,24.4794768290797],[39.6579847941761,24.4794734747983],[39.6580586212682,24.4796409868826],[39.6580136008442,24.4796576046313],[39.6578927964848,24.4797022008963]]]}},{"type":"Feature","properties":{"code":"N27-OS2","name":"N27-OS2","land_use":"Open Space","sector":"North","gfa":0,"area":1404.18,"floors":0,"height":0,"coverage":0,"far":0,"style":"PolyStyle02"},"geometry":{"type":"Polygon","coordinates":[[[39.6591902191604,24.4797464002382],[39.6591659681566,24.47975535494],[39.6591475094745,24.4797134714291],[39.6591269165026,24.4797210735289],[39.6591064645636,24.4796746649839],[39.6591330045559,24.4796648685203],[39.6591042111179,24.4795995396178],[39.6590630281537,24.4796147419832],[39.6590350815815,24.4795513312377],[39.6590307497462,24.4795387460246],[39.6590286130268,24.4795256968687],[39.6590287235951,24.4795125023916],[39.6590310787504,24.479499484763],[39.6590356209864,24.4794869618346],[39.6590422393945,24.4794752393787],[39.6590507723727,24.4794646036223],[39.6591864202558,24.4793206233006],[39.6592018772376,24.4793042127743],[39.6592418628964,24.4793357644406],[39.6592621591579,24.4793142210624],[39.6592881533447,24.4793347288532],[39.6592746208731,24.4793490935233],[39.6593329163725,24.4793950921491],[39.6593451592904,24.4793820968316],[39.659398553853,24.479424229738],[39.6593863089679,24.4794372259714],[39.659444603566,24.4794832254592],[39.6594568484589,24.4794702310274],[39.6594845976078,24.479492126462],[39.6594700994663,24.4795075195167],[39.659507468298,24.4795370080372],[39.6594862534377,24.4795595227123],[39.659374169042,24.4796784947764],[39.6591957121335,24.4797443731234],[39.6591902191604,24.4797464002382]]]}},{"type":"Feature","properties":{"code":"N27-102","name":"N27-102","land_use":"Low/Med Density Residential","sector":"North","gfa":455,"area":500.05,"floors":3,"height":12,"coverage":0,"far":0.91,"style":"PolyStyle0286"},"geometry":{"type":"Polygon","coordinates":[[[39.6600773865243,24.479746441798],[39.6600713119714,24.4797523739201],[39.6599218369975,24.4796344266751],[39.6599280066902,24.4796285718126],[39.6599287773889,24.4796270556995],[39.6599534093835,24.4796009126044],[39.6600829334672,24.4794634309944],[39.6601965346389,24.4795530681221],[39.6602324083718,24.4795813762776],[39.6601028783919,24.479718853523],[39.6600773865243,24.479746441798]]]}},{"type":"Feature","properties":{"code":"N27-123","name":"N27-123","land_use":"Low/Med Density Residential","sector":"North","gfa":455,"area":760,"floors":3,"height":12,"coverage":0,"far":0.6,"style":"PolyStyle0286"},"geometry":{"type":"Polygon","coordinates":[[[39.6587710105405,24.4797411635546],[39.6587186622886,24.4797604903492],[39.6586448362307,24.4795929786014],[39.6585695324354,24.4794221163087],[39.6588721512185,24.4795051684038],[39.6589474574444,24.4796760305255],[39.6589392184761,24.479679071182],[39.6589022470451,24.4796927198101],[39.6587710105405,24.4797411635546]]]}},{"type":"Feature","properties":{"code":"N34-58","name":"N34-58","land_use":"Low/Med Density Residential","sector":"North","gfa":580,"area":299.91,"floors":4,"height":20,"coverage":0.83,"far":1.93,"style":"PolyStyle0286"},"geometry":{"type":"Polygon","coordinates":[[[39.6784644195881,24.4796659860491],[39.6783696336801,24.4796911095822],[39.6782873165877,24.4794309415042],[39.6783821043127,24.4794058216294],[39.6784644195881,24.4796659860491]]]}},{"type":"Feature","properties":{"code":"N34-OS4","name":"N34-OS4","land_use":"Open Space","sector":"North","gfa":369.3,"area":36080.68,"floors":2,"height":20,"coverage":0,"far":0.01,"style":"PolyStyle02"},"geometry":{"type":"Polygon","coordinates":[[[39.6740049829646,24.4796960175106],[39.6738959673677,24.4797249036664],[39.6738021517864,24.4795806974806],[39.674056303201,24.4794421136126],[39.6741089327079,24.4795227478153],[39.6744140181052,24.4793565052943],[39.6744343195307,24.4793877099491],[39.6747397692097,24.4792212673684],[39.6749939199024,24.4790823252131],[39.6750018058824,24.4790944072827],[39.6750319666476,24.47914076659],[39.6750320394634,24.4791407274301],[39.6756422978871,24.4788078719505],[39.6758983317243,24.4786752426924],[39.6760812203433,24.4785777153795],[39.6765104821763,24.4783451442966],[39.6765068408447,24.4783394239168],[39.676762642752,24.4781995737283],[39.6772677058439,24.4782006187001],[39.6775630566086,24.4781821503237],[39.6775630822506,24.4781821474993],[39.6779175024455,24.4781599852324],[39.6782719007855,24.478137822234],[39.6782719234719,24.4781378203259],[39.6782713311573,24.4781298609887],[39.6782712046392,24.4781281654781],[39.6785665303775,24.4781096970636],[39.6787430516196,24.4780849138286],[39.6789184673895,24.4780542533257],[39.6789549351659,24.4780471127693],[39.6791523850183,24.4780077330234],[39.6792693281061,24.4779844050733],[39.6792665902669,24.4779477403641],[39.6795619069125,24.4779287941042],[39.6799123831964,24.4778538343821],[39.6802628620004,24.477778872939],[39.680256401074,24.4776923532699],[39.6805517737391,24.4776738771719],[39.6805519927322,24.4776738626385],[39.6812605820985,24.477629537993],[39.6812538950558,24.4775400011359],[39.6815493346689,24.4775230626303],[39.681549685657,24.4775277681601],[39.681875116041,24.477464645846],[39.6819005127242,24.477457914897],[39.6821720835302,24.4773859395997],[39.6830025376579,24.4771658367283],[39.6832512095872,24.4770999281946],[39.6832676091343,24.4771519944224],[39.6825949964152,24.4773302653195],[39.6826210782075,24.4774126908384],[39.6823367250467,24.4774880563127],[39.6816637524144,24.477666416854],[39.6813793960966,24.4777417805578],[39.6807064216551,24.4779201377865],[39.680422063172,24.4779955006183],[39.6797490839515,24.4781738527413],[39.6794647252718,24.4782492137891],[39.6787917442377,24.478427561696],[39.6785074050634,24.4785029145493],[39.6785073879975,24.4785028604382],[39.6781709023392,24.4785920497883],[39.6778344142151,24.4786812384072],[39.6778344212339,24.4786812591476],[39.6778343975848,24.4786812655757],[39.6775500641253,24.4787566148123],[39.6775500570969,24.4787565922656],[39.677213569066,24.4788457822236],[39.6768770765379,24.4789349606218],[39.6768770499041,24.4789349625474],[39.6765927103373,24.4790103118327],[39.6765926862534,24.4790102369808],[39.6762561958214,24.4790994221278],[39.6759197068707,24.4791886065258],[39.6759197199209,24.4791886480114],[39.6759196982403,24.4791886535272],[39.6756353358148,24.4792640074518],[39.6749623435806,24.4794423385106],[39.6746779789853,24.4795176906597],[39.6740049829646,24.4796960175106]]]}},{"type":"Feature","properties":{"code":"N34-57","name":"N34-57","land_use":"Low/Med Density Residential","sector":"North","gfa":580,"area":299.92,"floors":4,"height":20,"coverage":0.83,"far":1.93,"style":"PolyStyle0286"},"geometry":{"type":"Polygon","coordinates":[[[39.6783696336801,24.4796911095822],[39.678274847738,24.4797162339596],[39.6781925288188,24.4794560604171],[39.6782873165877,24.4794309415042],[39.6783696336801,24.4796911095822]]]}},{"type":"Feature","properties":{"code":"N34-132","name":"N34-132","land_use":"Hospitality","sector":"North","gfa":17528.1,"area":4437.04,"floors":7,"height":30,"coverage":0.87,"far":3.95,"style":"PolyStyle074"},"geometry":{"type":"Polygon","coordinates":[[[39.6764277621899,24.4796415934561],[39.6760912374484,24.4797307874443],[39.6760054719616,24.4794596956635],[39.6759197199209,24.4791886480114],[39.6765926886568,24.4790103173486],[39.6765927103373,24.4790103118327],[39.676678454624,24.4792813266084],[39.6767642214167,24.4795524188878],[39.6764277621899,24.4796415934561]]]}},{"type":"Feature","properties":{"code":"N27-66","name":"N27-66","land_use":"Low/Med Density Residential","sector":"North","gfa":340,"area":346.47,"floors":3,"height":12,"coverage":0,"far":0.98,"style":"PolyStyle0286"},"geometry":{"type":"Polygon","coordinates":[[[39.6575971941417,24.4798113146508],[39.6575889590776,24.4798143552173],[39.6575402333322,24.479703800794],[39.6575484703546,24.4797007584154],[39.6575851833455,24.4796874806223],[39.6577161817339,24.4796394697319],[39.6577811035539,24.4796148864958],[39.6578298275121,24.479725443557],[39.6577719930016,24.4797467925465],[39.6576338013279,24.4797978006855],[39.6575971941417,24.4798113146508]]]}},{"type":"Feature","properties":{"code":"N27-35","name":"N27-35","land_use":"Low/Med Density Residential","sector":"North","gfa":340,"area":330,"floors":3,"height":12,"coverage":0,"far":1.03,"style":"PolyStyle0286"},"geometry":{"type":"Polygon","coordinates":[[[39.6572194481225,24.4798017640619],[39.6571664111174,24.4798213434867],[39.6571176886719,24.479710784391],[39.6571707246523,24.4796912049881],[39.6573016180061,24.4796428887495],[39.6573382429071,24.4796293684567],[39.6573464819316,24.4796263314992],[39.6573952074919,24.4797368886997],[39.6573503189251,24.4797534578127],[39.6572194481225,24.4798017640619]]]}},{"type":"Feature","properties":{"code":"N34-56","name":"N34-56","land_use":"Low/Med Density Residential","sector":"North","gfa":580,"area":299.92,"floors":4,"height":20,"coverage":0.83,"far":1.93,"style":"PolyStyle0286"},"geometry":{"type":"Polygon","coordinates":[[[39.678274847738,24.4797162339596],[39.678180061752,24.4797413573752],[39.6780977419976,24.4794811792669],[39.6781925288188,24.4794560604171],[39.678274847738,24.4797162339596]]]}},{"type":"Feature","properties":{"code":"N27-517","name":"N27-517","land_use":"Low/Med Density Residential","sector":"North","gfa":6773.6,"area":4515.77,"floors":3,"height":12,"coverage":0,"far":1.5,"style":"PolyStyle0286"},"geometry":{"type":"Polygon","coordinates":[[[39.6648664687596,24.4792441910079],[39.66425770586,24.4798045526701],[39.664215839326,24.4798046617824],[39.6639079349784,24.479524483695],[39.6639078158567,24.479486167947],[39.6645165729441,24.4789258113094],[39.6648664687596,24.4792441910079]]]}},{"type":"Feature","properties":{"code":"N27-130","name":"N27-130","land_use":"Low/Med Density Residential","sector":"North","gfa":455,"area":500.27,"floors":3,"height":12,"coverage":0,"far":0.91,"style":"PolyStyle0286"},"geometry":{"type":"Polygon","coordinates":[[[39.6584979679722,24.4798415909945],[39.6584898707436,24.4798449452991],[39.6584160429648,24.4796774343477],[39.6584240762822,24.4796739367276],[39.6584576889504,24.4796620612534],[39.658460256703,24.4796609292748],[39.6586448362307,24.4795929786014],[39.6587186622886,24.4797604903492],[39.6586663149789,24.479779811703],[39.6586540082211,24.4797843548284],[39.658614352779,24.4797989940838],[39.658576358895,24.4798130164716],[39.6585446262552,24.4798247311481],[39.6585350753476,24.4798282588711],[39.6585193754704,24.4798340531643],[39.6585102559596,24.4798374209572],[39.6584979679722,24.4798415909945]]]}},{"type":"Feature","properties":{"code":"N34-55","name":"N34-55","land_use":"Low/Med Density Residential","sector":"North","gfa":580,"area":299.93,"floors":4,"height":20,"coverage":0.83,"far":1.93,"style":"PolyStyle0286"},"geometry":{"type":"Polygon","coordinates":[[[39.678180061752,24.4797413573752],[39.6780852757317,24.4797664816351],[39.6780029551374,24.4795062980579],[39.6780977419976,24.4794811792669],[39.678180061752,24.4797413573752]]]}},{"type":"Feature","properties":{"code":"N27-70","name":"N27-70","land_use":"Low/Med Density Residential","sector":"North","gfa":455,"area":495.53,"floors":3,"height":12,"coverage":0,"far":0.92,"style":"PolyStyle0286"},"geometry":{"type":"Polygon","coordinates":[[[39.6582614620561,24.4798095642997],[39.6581058844376,24.4798669949313],[39.6581030230299,24.4798592910317],[39.6580927226113,24.4798371080033],[39.6580895720134,24.479829963499],[39.6580876517576,24.4798256205712],[39.6580620983534,24.4797676505234],[39.6580346389673,24.4797057998834],[39.6580136008442,24.4796576046313],[39.6580586212682,24.4796409868826],[39.6581966343039,24.4795900414541],[39.6582778435071,24.4797743032693],[39.6582614620561,24.4798095642997]]]}},{"type":"Feature","properties":{"code":"N27-122","name":"N27-122","land_use":"Low/Med Density Residential","sector":"North","gfa":340,"area":330,"floors":3,"height":12,"coverage":0,"far":1.03,"style":"PolyStyle0286"},"geometry":{"type":"Polygon","coordinates":[[[39.65881973739,24.4798517220729],[39.6587673890912,24.4798710470787],[39.6587186622886,24.4797604903492],[39.6587710105405,24.4797411635546],[39.6589022470451,24.4796927198101],[39.6589392184761,24.479679071182],[39.6589474574444,24.4796760305255],[39.6589961844201,24.4797865889851],[39.6589879454365,24.4797896278382],[39.6589509739791,24.4798032764785],[39.65881973739,24.4798517220729]]]}},{"type":"Feature","properties":{"code":"N27-115","name":"N27-115","land_use":"Low/Med Density Residential","sector":"North","gfa":340,"area":329.99,"floors":3,"height":12,"coverage":0,"far":1.03,"style":"PolyStyle0286"},"geometry":{"type":"Polygon","coordinates":[[[39.6592023383426,24.4798704684532],[39.6591941033154,24.4798735091065],[39.6591453761424,24.4797629525225],[39.659153611159,24.4797599109689],[39.6591659681566,24.47975535494],[39.6591902191604,24.4797464002382],[39.6591957121335,24.4797443731234],[39.659374169042,24.4796784947764],[39.6594228963881,24.4797890530905],[39.6593705472115,24.479808375598],[39.6592393107776,24.4798568197473],[39.6592023383426,24.4798704684532]]]}},{"type":"Feature","properties":{"code":"N34-54","name":"N34-54","land_use":"Low/Med Density Residential","sector":"North","gfa":580,"area":299.93,"floors":4,"height":20,"coverage":0.83,"far":1.93,"style":"PolyStyle0286"},"geometry":{"type":"Polygon","coordinates":[[[39.6780852757317,24.4797664816351],[39.6779904896676,24.4797916049332],[39.6779081672513,24.4795314167947],[39.6780029551374,24.4795062980579],[39.6780852757317,24.4797664816351]]]}},{"type":"Feature","properties":{"code":"N27-105","name":"N27-105","land_use":"Low/Med Density Residential","sector":"North","gfa":455,"area":620.23,"floors":3,"height":12,"coverage":0,"far":0.73,"style":"PolyStyle0286"},"geometry":{"type":"Polygon","coordinates":[[[39.65965283045,24.4796833076307],[39.6594644276584,24.4798832861677],[39.6594228963881,24.4797890530905],[39.659374169042,24.4796784947764],[39.6594862534377,24.4795595227123],[39.659507468298,24.4795370080372],[39.6595219674344,24.4795216167809],[39.6596844058762,24.4796497926987],[39.659678605826,24.4796559484867],[39.65965283045,24.4796833076307]]]}},{"type":"Feature","properties":{"code":"N27-101","name":"N27-101","land_use":"Low/Med Density Residential","sector":"North","gfa":455,"area":578.86,"floors":3,"height":12,"coverage":0,"far":0.78,"style":"PolyStyle0286"},"geometry":{"type":"Polygon","coordinates":[[[39.6602743214007,24.4798768948629],[39.6602343319422,24.4798810099944],[39.6600713119714,24.4797523739201],[39.6600773865243,24.479746441798],[39.6601028783919,24.479718853523],[39.6602324083718,24.4795813762776],[39.6603922118017,24.4797074757965],[39.6603360508037,24.4797938080156],[39.6602743214007,24.4798768948629]]]}},{"type":"Feature","properties":{"code":"N34-53","name":"N34-53","land_use":"Low/Med Density Residential","sector":"North","gfa":580,"area":299.94,"floors":4,"height":20,"coverage":0.83,"far":1.93,"style":"PolyStyle0286"},"geometry":{"type":"Polygon","coordinates":[[[39.6779904896676,24.4797916049332],[39.6778957035692,24.4798167290757],[39.6778133803179,24.4795565363714],[39.6779081672513,24.4795314167947],[39.6779904896676,24.4797916049332]]]}},{"type":"Feature","properties":{"code":"N27-69","name":"N27-69","land_use":"Low/Med Density Residential","sector":"North","gfa":340,"area":330.16,"floors":3,"height":12,"coverage":0,"far":1.03,"style":"PolyStyle0286"},"geometry":{"type":"Polygon","coordinates":[[[39.6581058844376,24.4798669949313],[39.6579850798958,24.47991158766],[39.6579817555455,24.4799040492413],[39.6579665658582,24.4798701856101],[39.6579529476442,24.4798386831468],[39.6579284687177,24.4797831351132],[39.6579138375165,24.4797503934436],[39.6578927964848,24.4797022008963],[39.6580136008442,24.4796576046313],[39.6580346389673,24.4797057998834],[39.6580620983534,24.4797676505234],[39.6580876517576,24.4798256205712],[39.6580895720134,24.479829963499],[39.6580927226113,24.4798371080033],[39.6581030230299,24.4798592910317],[39.6581058844376,24.4798669949313]]]}},{"type":"Feature","properties":{"code":"N27-166","name":"N27-166","land_use":"Low/Med Density Residential","sector":"North","gfa":750,"area":803.13,"floors":3,"height":12,"coverage":0,"far":0.93,"style":"PolyStyle0286"},"geometry":{"type":"Polygon","coordinates":[[[39.6609043051573,24.4796835847855],[39.6608501928604,24.4797944286251],[39.6607930032421,24.4799039707813],[39.6605605975639,24.4798028699542],[39.6605155007667,24.4797832496943],[39.660568972104,24.4796902005567],[39.660616437619,24.4795944619469],[39.6606242085632,24.4795773912807],[39.6606324144665,24.4795805019113],[39.6606687403059,24.4795946414523],[39.6609043051573,24.4796835847855]]]}},{"type":"Feature","properties":{"code":"N27-34","name":"N27-34","land_use":"Low/Med Density Residential","sector":"North","gfa":340,"area":330,"floors":3,"height":12,"coverage":0,"far":1.03,"style":"PolyStyle0286"},"geometry":{"type":"Polygon","coordinates":[[[39.6572681726574,24.479912321306],[39.657215137588,24.4799319007399],[39.6571664111174,24.4798213434867],[39.6572194481225,24.4798017640619],[39.6573503189251,24.4797534578127],[39.6573952074919,24.4797368886997],[39.657443931161,24.4798474449866],[39.657435694117,24.4798504855534],[39.6573990858971,24.4798639976695],[39.6572681726574,24.479912321306]]]}},{"type":"Feature","properties":{"code":"N34-52","name":"N34-52","land_use":"Low/Med Density Residential","sector":"North","gfa":580,"area":299.94,"floors":4,"height":20,"coverage":0.83,"far":1.93,"style":"PolyStyle0286"},"geometry":{"type":"Polygon","coordinates":[[[39.6778957035692,24.4798167290757],[39.6778009174269,24.4798418522563],[39.6777185923537,24.4795816549906],[39.6778133803179,24.4795565363714],[39.6778957035692,24.4798167290757]]]}},{"type":"Feature","properties":{"code":"N34-51","name":"N34-51","land_use":"Low/Med Density Residential","sector":"North","gfa":580,"area":299.95,"floors":4,"height":20,"coverage":0.83,"far":1.93,"style":"PolyStyle0286"},"geometry":{"type":"Polygon","coordinates":[[[39.6778009174269,24.4798418522563],[39.6777061312504,24.4798669762813],[39.6776238053373,24.4796067735467],[39.6777185923537,24.4795816549906],[39.6778009174269,24.4798418522563]]]}},{"type":"Feature","properties":{"code":"N27-68","name":"N27-68","land_use":"Low/Med Density Residential","sector":"North","gfa":340,"area":330.28,"floors":3,"height":12,"coverage":0,"far":1.03,"style":"PolyStyle0286"},"geometry":{"type":"Polygon","coordinates":[[[39.6579850798958,24.47991158766],[39.657864277245,24.4799561811882],[39.6578606101494,24.4799487706977],[39.6578547026018,24.479934459193],[39.6578458467072,24.4799152691605],[39.6577719930016,24.4797467925465],[39.6578298275121,24.479725443557],[39.6578927964848,24.4797022008963],[39.6579138375165,24.4797503934436],[39.6579284687177,24.4797831351132],[39.6579529476442,24.4798386831468],[39.6579665658582,24.4798701856101],[39.6579817555455,24.4799040492413],[39.6579850798958,24.47991158766]]]}},{"type":"Feature","properties":{"code":"N27-131","name":"N27-131","land_use":"Low/Med Density Residential","sector":"North","gfa":340,"area":330.23,"floors":3,"height":12,"coverage":0,"far":1.03,"style":"PolyStyle0286"},"geometry":{"type":"Polygon","coordinates":[[[39.6585468304675,24.4799524633017],[39.6585385954184,24.4799555039196],[39.6584898707436,24.4798449452991],[39.6584979679722,24.4798415909945],[39.6585102559596,24.4798374209572],[39.6585193754704,24.4798340531643],[39.6585350753476,24.4798282588711],[39.6585446262552,24.4798247311481],[39.658576358895,24.4798130164716],[39.658614352779,24.4797989940838],[39.6586540082211,24.4797843548284],[39.6586663149789,24.479779811703],[39.6587186622886,24.4797604903492],[39.6587673890912,24.4798710470787],[39.6587148693685,24.4798906193692],[39.6586525298606,24.4799134450889],[39.6586411046071,24.4799176628552],[39.6585979171294,24.4799336035657],[39.6585840189755,24.4799389772798],[39.6585468304675,24.4799524633017]]]}},{"type":"Feature","properties":{"code":"N34-50","name":"N34-50","land_use":"Low/Med Density Residential","sector":"North","gfa":580,"area":299.95,"floors":4,"height":20,"coverage":0.83,"far":1.93,"style":"PolyStyle0286"},"geometry":{"type":"Polygon","coordinates":[[[39.6777061312504,24.4798669762813],[39.67761134503,24.4798920993445],[39.6775290182818,24.4796318920441],[39.6776238053373,24.4796067735467],[39.6777061312504,24.4798669762813]]]}},{"type":"Feature","properties":{"code":"N27-121","name":"N27-121","land_use":"Low/Med Density Residential","sector":"North","gfa":340,"area":330,"floors":3,"height":12,"coverage":0,"far":1.03,"style":"PolyStyle0286"},"geometry":{"type":"Polygon","coordinates":[[[39.6588684643173,24.4799622787659],[39.6588161159763,24.479981602886],[39.6587673890912,24.4798710470787],[39.65881973739,24.4798517220729],[39.6589509739791,24.4798032764785],[39.6589879454365,24.4797896278382],[39.6589961844201,24.4797865889851],[39.6590449085226,24.4798971474385],[39.6590366724888,24.4799001853783],[39.6589997010049,24.479913834031],[39.6588684643173,24.4799622787659]]]}},{"type":"Feature","properties":{"code":"N27-114","name":"N27-114","land_use":"Low/Med Density Residential","sector":"North","gfa":340,"area":330,"floors":3,"height":12,"coverage":0,"far":1.03,"style":"PolyStyle0286"},"geometry":{"type":"Polygon","coordinates":[[[39.6592510656181,24.4799810268215],[39.659242830585,24.4799840674775],[39.6591941033154,24.4798735091065],[39.6592023383426,24.4798704684532],[39.6592393107776,24.4798568197473],[39.6593705472115,24.479808375598],[39.6594228963881,24.4797890530905],[39.6594644276584,24.4798832861677],[39.6594716218336,24.4798996086847],[39.6594192726337,24.4799189339189],[39.6592880380795,24.4799673781033],[39.6592510656181,24.4799810268215]]]}},{"type":"Feature","properties":{"code":"N34-49","name":"N34-49","land_use":"Low/Med Density Residential","sector":"North","gfa":580,"area":299.96,"floors":4,"height":20,"coverage":0.83,"far":1.93,"style":"PolyStyle0286"},"geometry":{"type":"Polygon","coordinates":[[[39.67761134503,24.4798920993445],[39.6775165587706,24.4799172223489],[39.6774342302005,24.4796570104872],[39.6775290182818,24.4796318920441],[39.67761134503,24.4798920993445]]]}},{"type":"Feature","properties":{"code":"N27-67","name":"N27-67","land_use":"Low/Med Density Residential","sector":"North","gfa":455,"area":495.03,"floors":3,"height":12,"coverage":0,"far":0.92,"style":"PolyStyle0286"},"geometry":{"type":"Polygon","coordinates":[[[39.657864277245,24.4799561811882],[39.6577086953055,24.4800136105312],[39.6576701675656,24.4799986191757],[39.6575889590776,24.4798143552173],[39.6575971941417,24.4798113146508],[39.6576338013279,24.4797978006855],[39.6577719930016,24.4797467925465],[39.6578458467072,24.4799152691605],[39.6578547026018,24.479934459193],[39.6578606101494,24.4799487706977],[39.657864277245,24.4799561811882]]]}},{"type":"Feature","properties":{"code":"N34-48","name":"N34-48","land_use":"Low/Med Density Residential","sector":"North","gfa":580,"area":299.96,"floors":4,"height":20,"coverage":0.83,"far":1.93,"style":"PolyStyle0286"},"geometry":{"type":"Polygon","coordinates":[[[39.6775165587706,24.4799172223489],[39.6774217724721,24.4799423452945],[39.6773394430669,24.479682128867],[39.6774342302005,24.4796570104872],[39.6775165587706,24.4799172223489]]]}},{"type":"Feature","properties":{"code":"N27-33","name":"N27-33","land_use":"Low/Med Density Residential","sector":"North","gfa":340,"area":330.01,"floors":3,"height":12,"coverage":0,"far":1.03,"style":"PolyStyle0286"},"geometry":{"type":"Polygon","coordinates":[[[39.657316896302,24.4800228803415],[39.6572638651325,24.4800424579696],[39.657215137588,24.4799319007399],[39.6572681726574,24.479912321306],[39.6573990858971,24.4798639976695],[39.657435694117,24.4798504855534],[39.657443931161,24.4798474449866],[39.6574926569049,24.4799580039551],[39.6574844178674,24.4799610418239],[39.6574822253938,24.4799618515409],[39.6574477899368,24.4799745639723],[39.6574138046503,24.4799871218076],[39.657316896302,24.4800228803415]]]}},{"type":"Feature","properties":{"code":"N06-2","name":"N06-2","land_use":"High Density Residential & Commercial","sector":"North","gfa":48455.7,"area":16015.75,"floors":12,"height":55.5,"coverage":0.7,"far":3.03,"style":"PolyStyle012"},"geometry":{"type":"Polygon","coordinates":[[[39.6720203017872,24.4794113041599],[39.6709605820993,24.479989263931],[39.6708838985118,24.4799799183976],[39.6703991936897,24.4795211498906],[39.6704022869263,24.4794592238215],[39.6715300678324,24.4785705512015],[39.6715550315729,24.4785508883582],[39.6715866128358,24.4785260085107],[39.671657913284,24.4785293654915],[39.671687055639,24.4785575707658],[39.6722468004025,24.4790875599773],[39.6723510286771,24.4791862472947],[39.6723423419313,24.479240896469],[39.6722492448906,24.4792889445736],[39.6720203017872,24.4794113041599]]]}},{"type":"Feature","properties":{"code":"N34-47","name":"N34-47","land_use":"Low/Med Density Residential","sector":"North","gfa":580,"area":299.97,"floors":4,"height":20,"coverage":0.83,"far":1.93,"style":"PolyStyle0286"},"geometry":{"type":"Polygon","coordinates":[[[39.6774217724721,24.4799423452945],[39.6773269861394,24.4799674690846],[39.6772446549124,24.4797072480957],[39.6773394430669,24.479682128867],[39.6774217724721,24.4799423452945]]]}},{"type":"Feature","properties":{"code":"N34-133","name":"N34-133","land_use":"Medium Density Residential","sector":"North","gfa":17528.1,"area":4437.49,"floors":7,"height":30,"coverage":0.87,"far":3.95,"style":"PolyStyle0113"},"geometry":{"type":"Polygon","coordinates":[[[39.6758068682389,24.4798061859894],[39.675133872425,24.4799845196676],[39.6749623435806,24.4794423385106],[39.6756353358148,24.4792640074518],[39.6758068682389,24.4798061859894]]]}},{"type":"Feature","properties":{"code":"N27-107","name":"N27-107","land_use":"Low/Med Density Residential","sector":"North","gfa":455,"area":500,"floors":3,"height":12,"coverage":0,"far":0.91,"style":"PolyStyle0286"},"geometry":{"type":"Polygon","coordinates":[[[39.6599517812874,24.4799192015968],[39.6598222585921,24.4800566857997],[39.6596727844595,24.4799387374082],[39.6598023042567,24.4798012560527],[39.6598280796137,24.4797738950775],[39.6598338816448,24.4797677410815],[39.659983356709,24.4798856902162],[39.6599775566442,24.4798918424029],[39.6599517812874,24.4799192015968]]]}},{"type":"Feature","properties":{"code":"N27-132","name":"N27-132","land_use":"Low/Med Density Residential","sector":"North","gfa":340,"area":329.81,"floors":3,"height":12,"coverage":0,"far":1.03,"style":"PolyStyle0286"},"geometry":{"type":"Polygon","coordinates":[[[39.658595557209,24.4800630218917],[39.658587322154,24.4800660625123],[39.6585385954184,24.4799555039196],[39.6585468304675,24.4799524633017],[39.6585840189755,24.4799389772798],[39.6585979171294,24.4799336035657],[39.6586411046071,24.4799176628552],[39.6586525298606,24.4799134450889],[39.6587148693685,24.4798906193692],[39.6587673890912,24.4798710470787],[39.6588161159763,24.479981602886],[39.6587637666369,24.4800009278957],[39.6586325297642,24.4800493724289],[39.658595557209,24.4800630218917]]]}},{"type":"Feature","properties":{"code":"N34-46","name":"N34-46","land_use":"Low/Med Density Residential","sector":"North","gfa":580,"area":299.97,"floors":4,"height":20,"coverage":0.83,"far":1.93,"style":"PolyStyle0286"},"geometry":{"type":"Polygon","coordinates":[[[39.6773269861394,24.4799674690846],[39.6772322007496,24.4799925919084],[39.6771498677007,24.4797323663581],[39.6772446549124,24.4797072480957],[39.6773269861394,24.4799674690846]]]}},{"type":"Feature","properties":{"code":"N27-106","name":"N27-106","land_use":"Low/Med Density Residential","sector":"North","gfa":455,"area":785.82,"floors":3,"height":12,"coverage":0,"far":0.58,"style":"PolyStyle0286"},"geometry":{"type":"Polygon","coordinates":[[[39.6596727844595,24.4799387374082],[39.6595474853749,24.4800717369491],[39.6595203493447,24.4800101651543],[39.6594716218336,24.4798996086847],[39.6594644276584,24.4798832861677],[39.65965283045,24.4796833076307],[39.659678605826,24.4796559484867],[39.6596844058762,24.4796497926987],[39.6598338816448,24.4797677410815],[39.6598280796137,24.4797738950775],[39.6598023042567,24.4798012560527],[39.6596727844595,24.4799387374082]]]}},{"type":"Feature","properties":{"code":"N27-120","name":"N27-120","land_use":"Low/Med Density Residential","sector":"North","gfa":340,"area":330,"floors":3,"height":12,"coverage":0,"far":1.03,"style":"PolyStyle0286"},"geometry":{"type":"Polygon","coordinates":[[[39.6589171893675,24.4800728372546],[39.6588648409797,24.4800921595859],[39.6588161159763,24.479981602886],[39.6588684643173,24.4799622787659],[39.6589997010049,24.479913834031],[39.6590366724888,24.4799001853783],[39.6590449085226,24.4798971474385],[39.6590936366595,24.4800077058556],[39.65908539765,24.4800107420048],[39.659048426149,24.4800243924761],[39.6589171893675,24.4800728372546]]]}},{"type":"Feature","properties":{"code":"N27-113","name":"N27-113","land_use":"Low/Med Density Residential","sector":"North","gfa":340,"area":330,"floors":3,"height":12,"coverage":0,"far":1.03,"style":"PolyStyle0286"},"geometry":{"type":"Polygon","coordinates":[[[39.659299790993,24.48009158247],[39.6592915559588,24.4800946240318],[39.659242830585,24.4799840674775],[39.6592510656181,24.4799810268215],[39.6592880380795,24.4799673781033],[39.6594192726337,24.4799189339189],[39.6594716218336,24.4798996086847],[39.6595203493447,24.4800101651543],[39.6594680000932,24.4800294876966],[39.6593367654687,24.4800779364402],[39.659299790993,24.48009158247]]]}},{"type":"Feature","properties":{"code":"N34-45","name":"N34-45","land_use":"Low/Med Density Residential","sector":"North","gfa":580,"area":299.98,"floors":4,"height":20,"coverage":0.83,"far":1.93,"style":"PolyStyle0286"},"geometry":{"type":"Polygon","coordinates":[[[39.6772322007496,24.4799925919084],[39.6771374143388,24.480017715581],[39.6770550794632,24.4797574845662],[39.6771498677007,24.4797323663581],[39.6772322007496,24.4799925919084]]]}},{"type":"Feature","properties":{"code":"N34-44","name":"N34-44","land_use":"Low/Med Density Residential","sector":"North","gfa":580,"area":299.99,"floors":4,"height":20,"coverage":0.83,"far":1.93,"style":"PolyStyle0286"},"geometry":{"type":"Polygon","coordinates":[[[39.6771374143388,24.480017715581],[39.6770426278841,24.4800428382917],[39.6769602921734,24.4797826027111],[39.6770550794632,24.4797574845662],[39.6771374143388,24.480017715581]]]}},{"type":"Feature","properties":{"code":"N13-4","name":"N13-4","land_use":"High Density Residential & Commercial","sector":"North","gfa":53776.3,"area":16784.4,"floors":14,"height":61.5,"coverage":0.75,"far":3.2,"style":"PolyStyle012"},"geometry":{"type":"Polygon","coordinates":[[[39.6699195237649,24.4793271780459],[39.6689594874091,24.4800836508684],[39.6688863241871,24.4800820123093],[39.6680839059954,24.4793843644796],[39.6680845628849,24.4793228068513],[39.6690564598589,24.4785102260265],[39.6699195237649,24.4793271780459]]]}},{"type":"Feature","properties":{"code":"N08-2","name":"N08-2","land_use":"High Density Residential & Commercial","sector":"North","gfa":33020.4,"area":13993.79,"floors":11,"height":51,"coverage":0.8,"far":2.36,"style":"PolyStyle012"},"geometry":{"type":"Polygon","coordinates":[[[39.6676782665667,24.4794178485749],[39.6668497074253,24.4801105702193],[39.6662170563397,24.4795351251245],[39.6661355758814,24.4794610121788],[39.6659939409288,24.479332182624],[39.6666878269275,24.4786932155608],[39.6667015805777,24.4786826099046],[39.666726605249,24.4786633115395],[39.666802891268,24.4786623941586],[39.6668436191574,24.4786921622448],[39.6670269009918,24.4788515190379],[39.6672609411734,24.4790550060227],[39.6676782665667,24.4794178485749]]]}},{"type":"Feature","properties":{"code":"N27-32","name":"N27-32","land_use":"Low/Med Density Residential","sector":"North","gfa":340,"area":329.99,"floors":3,"height":12,"coverage":0,"far":1.03,"style":"PolyStyle0286"},"geometry":{"type":"Polygon","coordinates":[[[39.657365619047,24.4801334393622],[39.6573125888264,24.4801530170037],[39.6572638651325,24.4800424579696],[39.657316896302,24.4800228803415],[39.6574138046503,24.4799871218076],[39.6574477899368,24.4799745639723],[39.6574822253938,24.4799618515409],[39.6574844178674,24.4799610418239],[39.6574926569049,24.4799580039551],[39.6575413827361,24.4800685629044],[39.6575331436926,24.480071600776],[39.6575283470266,24.480073370117],[39.6574965137528,24.480085121139],[39.6574248327176,24.4801115805758],[39.657365619047,24.4801334393622]]]}},{"type":"Feature","properties":{"code":"N34-43","name":"N34-43","land_use":"Low/Med Density Residential","sector":"North","gfa":580,"area":299.99,"floors":4,"height":20,"coverage":0.83,"far":1.93,"style":"PolyStyle0286"},"geometry":{"type":"Polygon","coordinates":[[[39.6770426278841,24.4800428382917],[39.6769478413903,24.4800679609437],[39.6768655048447,24.4798077207973],[39.6769602921734,24.4797826027111],[39.6770426278841,24.4800428382917]]]}},{"type":"Feature","properties":{"code":"N27-133","name":"N27-133","land_use":"Low/Med Density Residential","sector":"North","gfa":340,"area":330,"floors":3,"height":12,"coverage":0,"far":1.03,"style":"PolyStyle0286"},"geometry":{"type":"Polygon","coordinates":[[[39.6586442840141,24.480173575947],[39.6586360489579,24.4801766174735],[39.658587322154,24.4800660625123],[39.658595557209,24.4800630218917],[39.6586325297642,24.4800493724289],[39.6587637666369,24.4800009278957],[39.6588161159763,24.479981602886],[39.6588648409797,24.4800921595859],[39.6588124935718,24.4801114837013],[39.6586812566146,24.4801599300844],[39.6586442840141,24.480173575947]]]}},{"type":"Feature","properties":{"code":"N27-165","name":"N27-165","land_use":"Low/Med Density Residential","sector":"North","gfa":750,"area":1006.73,"floors":3,"height":12,"coverage":0,"far":0.75,"style":"PolyStyle0286"},"geometry":{"type":"Polygon","coordinates":[[[39.6606385689948,24.4801645034926],[39.6605998448431,24.480169426008],[39.6603915207471,24.4800050455312],[39.6603868032932,24.4799656363031],[39.6604541490394,24.4798762142566],[39.6605155007667,24.4797832496943],[39.6605605975639,24.4798028699542],[39.6607930032421,24.4799039707813],[39.6607406820061,24.4799983197818],[39.660686078103,24.4800915791454],[39.6606385689948,24.4801645034926]]]}},{"type":"Feature","properties":{"code":"N27-108","name":"N27-108","land_use":"Low/Med Density Residential","sector":"North","gfa":455,"area":530.16,"floors":3,"height":12,"coverage":0,"far":0.86,"style":"PolyStyle0286"},"geometry":{"type":"Polygon","coordinates":[[[39.6601299822226,24.4800371461126],[39.6600531035978,24.4801080548955],[39.6599717320062,24.4801746322336],[39.6599222708326,24.480135602683],[39.6598222585921,24.4800566857997],[39.6599517812874,24.4799192015968],[39.6599775566442,24.4798918424029],[39.659983356709,24.4798856902162],[39.6601275990548,24.4799995076524],[39.6601299822226,24.4800371461126]]]}},{"type":"Feature","properties":{"code":"N34-42","name":"N34-42","land_use":"Low/Med Density Residential","sector":"North","gfa":580,"area":390,"floors":4,"height":20,"coverage":0.83,"far":1.49,"style":"PolyStyle0286"},"geometry":{"type":"Polygon","coordinates":[[[39.6769478413903,24.4800679609437],[39.6768246183023,24.4801006211189],[39.6767422809647,24.4798403745841],[39.6768655048447,24.4798077207973],[39.6769478413903,24.4800679609437]]]}},{"type":"Feature","properties":{"code":"N27-361","name":"N27-361","land_use":"Low/Med Density Residential","sector":"North","gfa":475,"area":499.86,"floors":3,"height":12,"coverage":0,"far":0.95,"style":"PolyStyle0286"},"geometry":{"type":"Polygon","coordinates":[[[39.6622665342601,24.4801637546597],[39.6622602743805,24.4801695196981],[39.6621412010636,24.480061371363],[39.6621201883207,24.4800422863516],[39.6622940511814,24.4798821034119],[39.6624340549285,24.4800092610977],[39.6622943401505,24.4801381111599],[39.6622665342601,24.4801637546597]]]}},{"type":"Feature","properties":{"code":"N27-157","name":"N27-157","land_use":"Low/Med Density Residential","sector":"North","gfa":455,"area":495.5,"floors":3,"height":12,"coverage":0,"far":0.92,"style":"PolyStyle0286"},"geometry":{"type":"Polygon","coordinates":[[[39.658436572738,24.4801344545281],[39.65825353666,24.4802020180136],[39.6582324209117,24.4801541094291],[39.6581794882512,24.4800340012567],[39.6581645719767,24.4800001626469],[39.6581612525756,24.4799926296297],[39.6583168332904,24.4799352007326],[39.658355363052,24.4799501910105],[39.658436572738,24.4801344545281]]]}},{"type":"Feature","properties":{"code":"N27-119","name":"N27-119","land_use":"Low/Med Density Residential","sector":"North","gfa":340,"area":330,"floors":3,"height":12,"coverage":0,"far":1.03,"style":"PolyStyle0286"},"geometry":{"type":"Polygon","coordinates":[[[39.6589659164739,24.4801833948125],[39.6589135680628,24.4802027198705],[39.6588648409797,24.4800921595859],[39.6589171893675,24.4800728372546],[39.659048426149,24.4800243924761],[39.65908539765,24.4800107420048],[39.6590936366595,24.4800077058556],[39.6591423638733,24.4801182597424],[39.6591341248813,24.4801213004098],[39.659097153354,24.4801349508934],[39.6589659164739,24.4801833948125]]]}},{"type":"Feature","properties":{"code":"N27-112","name":"N27-112","land_use":"Low/Med Density Residential","sector":"North","gfa":340,"area":330,"floors":3,"height":12,"coverage":0,"far":1.03,"style":"PolyStyle0286"},"geometry":{"type":"Polygon","coordinates":[[[39.6593485184335,24.4802021389938],[39.6593402833981,24.4802051814615],[39.6592915559588,24.4800946240318],[39.659299790993,24.48009158247],[39.6593367654687,24.4800779364402],[39.6594680000932,24.4800294876966],[39.6595203493447,24.4800101651543],[39.6595474853749,24.4800717369491],[39.6595690769523,24.480120723411],[39.6595167276634,24.4801400459707],[39.6593854909479,24.480188490251],[39.6593485184335,24.4802021389938]]]}},{"type":"Feature","properties":{"code":"N27-156","name":"N27-156","land_use":"Low/Med Density Residential","sector":"North","gfa":455,"area":329.75,"floors":3,"height":12,"coverage":0,"far":1.38,"style":"PolyStyle0286"},"geometry":{"type":"Polygon","coordinates":[[[39.65825353666,24.4802020180136],[39.6581327338299,24.4802466108555],[39.6581118776449,24.4801987002199],[39.6580586855666,24.4800785967468],[39.6580437712968,24.4800447590193],[39.6580404509007,24.4800372232943],[39.6581612525756,24.4799926296297],[39.6581645719767,24.4800001626469],[39.6581794882512,24.4800340012567],[39.6582324209117,24.4801541094291],[39.65825353666,24.4802020180136]]]}},{"type":"Feature","properties":{"code":"N27-31","name":"N27-31","land_use":"Low/Med Density Residential","sector":"North","gfa":340,"area":330,"floors":3,"height":12,"coverage":0,"far":1.03,"style":"PolyStyle0286"},"geometry":{"type":"Polygon","coordinates":[[[39.6574143399056,24.4802439983724],[39.6573613145764,24.4802635751069],[39.6573125888264,24.4801530170037],[39.657365619047,24.4801334393622],[39.6574248327176,24.4801115805758],[39.6574965137528,24.480085121139],[39.6575283470266,24.480073370117],[39.6575331436926,24.480071600776],[39.6575413827361,24.4800685629044],[39.657590106662,24.4801791182308],[39.6575818695957,24.4801821579027],[39.6575452366787,24.480195680097],[39.6574143399056,24.4802439983724]]]}},{"type":"Feature","properties":{"code":"N34-2","name":"N34-2","land_use":"Education","sector":"North","gfa":3500,"area":8806.58,"floors":2,"height":20,"coverage":0.83,"far":0.4,"style":"PolyStyle00"},"geometry":{"type":"Polygon","coordinates":[[[39.6738029482837,24.4800316125871],[39.6731299786669,24.4802093529585],[39.6729726126468,24.4797103310519],[39.6729411523854,24.4796190715349],[39.6729048175242,24.4795293413686],[39.6728636963232,24.4794413584888],[39.6728178886665,24.4793553365871],[39.6728375031815,24.4792930605526],[39.6734123050695,24.478983772898],[39.6738021517864,24.4795806974806],[39.6738959673677,24.4797249036664],[39.6737206171815,24.4797713669767],[39.6738029482837,24.4800316125871]]]}},{"type":"Feature","properties":{"code":"N27-511","name":"N27-511","land_use":"Low/Med Density Residential","sector":"North","gfa":10099.1,"area":6732.72,"floors":3,"height":12,"coverage":0,"far":1.5,"style":"PolyStyle0286"},"geometry":{"type":"Polygon","coordinates":[[[39.6641326420119,24.4799836706129],[39.6638404145477,24.4802526486327],[39.6637706367588,24.480252834206],[39.6628852636455,24.4794471776277],[39.6628845876642,24.4794083703034],[39.663182705665,24.4791192509801],[39.6632240148009,24.4791186487855],[39.6641325208257,24.4799453512651],[39.6641326420119,24.4799836706129]]]}},{"type":"Feature","properties":{"code":"N27-134","name":"N27-134","land_use":"Low/Med Density Residential","sector":"North","gfa":340,"area":330,"floors":3,"height":12,"coverage":0,"far":1.03,"style":"PolyStyle0286"},"geometry":{"type":"Polygon","coordinates":[[[39.6586930089563,24.4802841345073],[39.6586847738943,24.4802871760366],[39.6586360489579,24.4801766174735],[39.6586442840141,24.480173575947],[39.6586812566146,24.4801599300844],[39.6588124935718,24.4801114837013],[39.6588648409797,24.4800921595859],[39.6589135680628,24.4802027198705],[39.6588612206079,24.4802220421971],[39.658729983557,24.4802704886238],[39.6586930089563,24.4802841345073]]]}},{"type":"Feature","properties":{"code":"N27-155","name":"N27-155","land_use":"Low/Med Density Residential","sector":"North","gfa":340,"area":330.25,"floors":3,"height":12,"coverage":0,"far":1.03,"style":"PolyStyle0286"},"geometry":{"type":"Polygon","coordinates":[[[39.6581327338299,24.4802466108555],[39.6580119289437,24.4802912045141],[39.6579377320352,24.4801228559301],[39.6579229675551,24.4800893526001],[39.6579196481377,24.4800818141587],[39.6580404509007,24.4800372232943],[39.6580437712968,24.4800447590193],[39.6580586855666,24.4800785967468],[39.6581118776449,24.4801987002199],[39.6581327338299,24.4802466108555]]]}},{"type":"Feature","properties":{"code":"N34-OS2","name":"N34-OS2","land_use":"Open Space","sector":"North","gfa":0,"area":5177.64,"floors":0,"height":0,"coverage":0,"far":0,"style":"PolyStyle02"},"geometry":{"type":"Polygon","coordinates":[[[39.6792231870377,24.4795589452126],[39.6767619943531,24.4802111630213],[39.6766522234435,24.4798642087747],[39.6767422719338,24.4798403466275],[39.6767422809647,24.4798403745841],[39.6768246183023,24.4801006211189],[39.6769478413903,24.4800679609437],[39.6770426278841,24.4800428382917],[39.6771374143388,24.480017715581],[39.6772322007496,24.4799925919084],[39.6773269861394,24.4799674690846],[39.6774217724721,24.4799423452945],[39.6775165587706,24.4799172223489],[39.67761134503,24.4798920993445],[39.6777061312504,24.4798669762813],[39.6778009174269,24.4798418522563],[39.6778957035692,24.4798167290757],[39.6779904896676,24.4797916049332],[39.6780852757317,24.4797664816351],[39.678180061752,24.4797413573752],[39.678274847738,24.4797162339596],[39.6783696336801,24.4796911095822],[39.6784644195881,24.4796659860491],[39.6783821043127,24.4794058216294],[39.6783820972744,24.4794057972765],[39.6786570604372,24.4793329559067],[39.6787394023154,24.4795932013324],[39.6788341900688,24.4795680820768],[39.6789289767964,24.479542962767],[39.6790237644718,24.479517843394],[39.6791185511213,24.4794927239668],[39.6792133387137,24.4794676035732],[39.679308125285,24.4794424840284],[39.6794029118174,24.479417364425],[39.6794976992974,24.4793922447583],[39.6795924857517,24.4793671250374],[39.6796872731488,24.4793420043501],[39.6797820595249,24.4793168845117],[39.6798768468488,24.4792917646101],[39.6799716331468,24.4792666446542],[39.6800664194057,24.4792415246396],[39.6801895984173,24.479208879203],[39.6801901532067,24.4792087322044],[39.6801072321721,24.4789486410337],[39.680107225153,24.4789486202934],[39.680197427986,24.4789247147704],[39.6803070076345,24.4792717204751],[39.6795829817052,24.4794635985842],[39.6792231870377,24.4795589452126]]]}},{"type":"Feature","properties":{"code":"N34-134","name":"N34-134","land_use":"Medium Density Residential","sector":"North","gfa":17528.1,"area":4437.49,"floors":7,"height":30,"coverage":0.87,"far":3.95,"style":"PolyStyle0113"},"geometry":{"type":"Polygon","coordinates":[[[39.6748495077072,24.4800598703478],[39.6741765090936,24.4802381998135],[39.6740049829646,24.4796960175106],[39.6746779789853,24.4795176906597],[39.6748495077072,24.4800598703478]]]}},{"type":"Feature","properties":{"code":"N27-360","name":"N27-360","land_use":"Low/Med Density Residential","sector":"North","gfa":475,"area":500,"floors":3,"height":12,"coverage":0,"far":0.95,"style":"PolyStyle0286"},"geometry":{"type":"Polygon","coordinates":[[[39.6624066225749,24.4802909878538],[39.6624003626956,24.4802967528978],[39.6622602743805,24.4801695196981],[39.6622665342601,24.4801637546597],[39.6622943401505,24.4801381111599],[39.6624340549285,24.4800092610977],[39.6625741422554,24.4801364959496],[39.6624344264994,24.4802653461435],[39.6624066225749,24.4802909878538]]]}},{"type":"Feature","properties":{"code":"N27-118","name":"N27-118","land_use":"Low/Med Density Residential","sector":"North","gfa":340,"area":330,"floors":3,"height":12,"coverage":0,"far":1.03,"style":"PolyStyle0286"},"geometry":{"type":"Polygon","coordinates":[[[39.6590146436721,24.4802939532543],[39.6589622952048,24.4803132747173],[39.6589135680628,24.4802027198705],[39.6589659164739,24.4801833948125],[39.659097153354,24.4801349508934],[39.6591341248813,24.4801213004098],[39.6591423638733,24.4801182597424],[39.6591910882279,24.4802288163322],[39.6591828521858,24.4802318560864],[39.659145878649,24.4802455047846],[39.6590146436721,24.4802939532543]]]}},{"type":"Feature","properties":{"code":"N27-111","name":"N27-111","land_use":"Low/Med Density Residential","sector":"North","gfa":340,"area":330,"floors":3,"height":12,"coverage":0,"far":1.03,"style":"PolyStyle0286"},"geometry":{"type":"Polygon","coordinates":[[[39.6593972449838,24.4803126973091],[39.6593890109293,24.4803157397752],[39.6593402833981,24.4802051814615],[39.6593485184335,24.4802021389938],[39.6593854909479,24.480188490251],[39.6595167276634,24.4801400459707],[39.6595690769523,24.480120723411],[39.6596178046378,24.4802312798424],[39.6595654533378,24.4802506024281],[39.6594342185114,24.4802990485496],[39.6593972449838,24.4803126973091]]]}},{"type":"Feature","properties":{"code":"N34-41","name":"N34-41","land_use":"Low/Med Density Residential","sector":"North","gfa":580,"area":390,"floors":4,"height":20,"coverage":0.83,"far":1.49,"style":"PolyStyle0286"},"geometry":{"type":"Polygon","coordinates":[[[39.6763601992166,24.4802236879476],[39.6762369738065,24.4802563413365],[39.6761546385465,24.4799960944582],[39.6762778627459,24.479963442048],[39.6763601992166,24.4802236879476]]]}},{"type":"Feature","properties":{"code":"N27-154","name":"N27-154","land_use":"Low/Med Density Residential","sector":"North","gfa":455,"area":495.5,"floors":3,"height":12,"coverage":0,"far":0.92,"style":"PolyStyle0286"},"geometry":{"type":"Polygon","coordinates":[[[39.6580119289437,24.4802912045141],[39.6578288934022,24.4803587701984],[39.6577476844454,24.480174507247],[39.6577640660903,24.4801392471731],[39.6579196481377,24.4800818141587],[39.6579229675551,24.4800893526001],[39.6579377320352,24.4801228559301],[39.6580119289437,24.4802912045141]]]}},{"type":"Feature","properties":{"code":"N34-40","name":"N34-40","land_use":"Low/Med Density Residential","sector":"North","gfa":580,"area":300,"floors":4,"height":20,"coverage":0.83,"far":1.93,"style":"PolyStyle0286"},"geometry":{"type":"Polygon","coordinates":[[[39.6762369738065,24.4802563413365],[39.676142184983,24.4802814589825],[39.6760598499038,24.4800212129527],[39.6761546385465,24.4799960944582],[39.6762369738065,24.4802563413365]]]}},{"type":"Feature","properties":{"code":"N27-109","name":"N27-109","land_use":"Low/Med Density Residential","sector":"North","gfa":750,"area":1023.97,"floors":3,"height":12,"coverage":0,"far":0.73,"style":"PolyStyle0286"},"geometry":{"type":"Polygon","coordinates":[[[39.6599717320062,24.4801746322336],[39.6599013836853,24.4802261575927],[39.6598283431204,24.4802744435641],[39.6597527882352,24.4803193725231],[39.659674903079,24.4803608350226],[39.6596703852268,24.4803505870392],[39.6596556212509,24.4803170838856],[39.6596178046378,24.4802312798424],[39.6595690769523,24.480120723411],[39.6595474853749,24.4800717369491],[39.6596727844595,24.4799387374082],[39.6598222585921,24.4800566857997],[39.6599222708326,24.480135602683],[39.6599717320062,24.4801746322336]]]}},{"type":"Feature","properties":{"code":"N27-30","name":"N27-30","land_use":"Low/Med Density Residential","sector":"North","gfa":340,"area":330.01,"floors":3,"height":12,"coverage":0,"far":1.03,"style":"PolyStyle0286"},"geometry":{"type":"Polygon","coordinates":[[[39.6574630667629,24.4803545555315],[39.6574100404183,24.4803741340942],[39.6573613145764,24.4802635751069],[39.6574143399056,24.4802439983724],[39.6575452366787,24.480195680097],[39.6575818695957,24.4801821579027],[39.657590106662,24.4801791182308],[39.6576388326676,24.4802896771419],[39.6576305936217,24.4802927168252],[39.6575939626474,24.48030623812],[39.6575776825569,24.4803122506907],[39.657549774267,24.4803225613036],[39.6574630667629,24.4803545555315]]]}},{"type":"Feature","properties":{"code":"N34-39","name":"N34-39","land_use":"Low/Med Density Residential","sector":"North","gfa":580,"area":300,"floors":4,"height":20,"coverage":0.83,"far":1.93,"style":"PolyStyle0286"},"geometry":{"type":"Polygon","coordinates":[[[39.676142184983,24.4802814589825],[39.6760473971122,24.4803065774685],[39.6759650622041,24.4800463304809],[39.6760598499038,24.4800212129527],[39.676142184983,24.4802814589825]]]}},{"type":"Feature","properties":{"code":"N27-135","name":"N27-135","land_use":"Low/Med Density Residential","sector":"North","gfa":340,"area":329.99,"floors":3,"height":12,"coverage":0,"far":1.03,"style":"PolyStyle0286"},"geometry":{"type":"Polygon","coordinates":[[[39.65874173595,24.4803946912338],[39.6587335008867,24.4803977336689],[39.6586847738943,24.4802871760366],[39.6586930089563,24.4802841345073],[39.658729983557,24.4802704886238],[39.6588612206079,24.4802220421971],[39.6589135680628,24.4802027198705],[39.6589622952048,24.4803132747173],[39.6589099457483,24.4803325988762],[39.6587787085893,24.4803810426372],[39.65874173595,24.4803946912338]]]}},{"type":"Feature","properties":{"code":"N34-38","name":"N34-38","land_use":"Low/Med Density Residential","sector":"North","gfa":580,"area":300,"floors":4,"height":20,"coverage":0.83,"far":1.93,"style":"PolyStyle0286"},"geometry":{"type":"Polygon","coordinates":[[[39.6760473971122,24.4803065774685],[39.6759526082155,24.4803316959001],[39.6758702744653,24.4800714479503],[39.6759650622041,24.4800463304809],[39.6760473971122,24.4803065774685]]]}},{"type":"Feature","properties":{"code":"N27-150","name":"N27-150","land_use":"Low/Med Density Residential","sector":"North","gfa":455,"area":495.5,"floors":3,"height":12,"coverage":0,"far":0.92,"style":"PolyStyle0286"},"geometry":{"type":"Polygon","coordinates":[[[39.6585014031756,24.4803539763286],[39.6583458210619,24.4804114072322],[39.6583424976679,24.4804038697214],[39.658327587239,24.4803700338148],[39.6582746494548,24.4802499248013],[39.65825353666,24.4802020180136],[39.658436572738,24.4801344545281],[39.6585177846304,24.4803187161777],[39.6585014031756,24.4803539763286]]]}},{"type":"Feature","properties":{"code":"N27-117","name":"N27-117","land_use":"Low/Med Density Residential","sector":"North","gfa":340,"area":330,"floors":3,"height":12,"coverage":0,"far":1.03,"style":"PolyStyle0286"},"geometry":{"type":"Polygon","coordinates":[[[39.6591949714429,24.4803559288088],[39.6590110204791,24.4804238331661],[39.6589622952048,24.4803132747173],[39.6590146436721,24.4802939532543],[39.659145878649,24.4802455047846],[39.6591828521858,24.4802318560864],[39.6591910882279,24.4802288163322],[39.6592398166358,24.4803393764982],[39.6592315776086,24.4803424126555],[39.6591949714429,24.4803559288088]]]}},{"type":"Feature","properties":{"code":"N34-37","name":"N34-37","land_use":"Low/Med Density Residential","sector":"North","gfa":580,"area":300,"floors":4,"height":20,"coverage":0.83,"far":1.93,"style":"PolyStyle0286"},"geometry":{"type":"Polygon","coordinates":[[[39.6759526082155,24.4803316959001],[39.6758578202617,24.4803568133655],[39.6757754857007,24.4800965653654],[39.6758702744653,24.4800714479503],[39.6759526082155,24.4803316959001]]]}},{"type":"Feature","properties":{"code":"N27-359","name":"N27-359","land_use":"Low/Med Density Residential","sector":"North","gfa":475,"area":499.99,"floors":3,"height":12,"coverage":0,"far":0.95,"style":"PolyStyle0286"},"geometry":{"type":"Polygon","coordinates":[[[39.6625467081967,24.4804182182135],[39.6625404493188,24.4804239859682],[39.6624003626956,24.4802967528978],[39.6624066225749,24.4802909878538],[39.6624344264994,24.4802653461435],[39.6625741422554,24.4801364959496],[39.6627142308414,24.4802637288529],[39.6625745121289,24.4803925782841],[39.6625467081967,24.4804182182135]]]}},{"type":"Feature","properties":{"code":"N27-110","name":"N27-110","land_use":"Low/Med Density Residential","sector":"North","gfa":340,"area":404.02,"floors":3,"height":12,"coverage":0,"far":0.84,"style":"PolyStyle0286"},"geometry":{"type":"Polygon","coordinates":[[[39.6595814131355,24.4804046640119],[39.6594787401758,24.4804459401376],[39.6594398447213,24.4804310845087],[39.6593890109293,24.4803157397752],[39.6593972449838,24.4803126973091],[39.6594342185114,24.4802990485496],[39.6595654533378,24.4802506024281],[39.6596178046378,24.4802312798424],[39.6596556212509,24.4803170838856],[39.6596703852268,24.4803505870392],[39.659674903079,24.4803608350226],[39.6595814131355,24.4804046640119]]]}},{"type":"Feature","properties":{"code":"N27-151","name":"N27-151","land_use":"Low/Med Density Residential","sector":"North","gfa":340,"area":330.38,"floors":3,"height":12,"coverage":0,"far":1.03,"style":"PolyStyle0286"},"geometry":{"type":"Polygon","coordinates":[[[39.6583458210619,24.4804114072322],[39.6582250160992,24.4804560010619],[39.6582216927064,24.4804484626453],[39.6582067823087,24.4804146276294],[39.6581535038355,24.4802946455923],[39.6581327338299,24.4802466108555],[39.65825353666,24.4802020180136],[39.6582746494548,24.4802499248013],[39.658327587239,24.4803700338148],[39.6583424976679,24.4804038697214],[39.6583458210619,24.4804114072322]]]}},{"type":"Feature","properties":{"code":"N34-36","name":"N34-36","land_use":"Low/Med Density Residential","sector":"North","gfa":580,"area":300,"floors":4,"height":20,"coverage":0.83,"far":1.93,"style":"PolyStyle0286"},"geometry":{"type":"Polygon","coordinates":[[[39.6758578202617,24.4803568133655],[39.6757630322689,24.4803819307721],[39.6756806978838,24.4801216827173],[39.6757754857007,24.4800965653654],[39.6758578202617,24.4803568133655]]]}},{"type":"Feature","properties":{"code":"N27-29","name":"N27-29","land_use":"Low/Med Density Residential","sector":"North","gfa":340,"area":329.99,"floors":3,"height":12,"coverage":0,"far":1.03,"style":"PolyStyle0286"},"geometry":{"type":"Polygon","coordinates":[[[39.657511791743,24.4804651144862],[39.6574587702946,24.4804846930451],[39.6574100404183,24.4803741340942],[39.6574630667629,24.4803545555315],[39.657549774267,24.4803225613036],[39.6575776825569,24.4803122506907],[39.6575939626474,24.48030623812],[39.6576305936217,24.4802927168252],[39.6576388326676,24.4802896771419],[39.6576875587556,24.4804002351308],[39.6576793196992,24.4804032739137],[39.6576426877213,24.4804167970312],[39.6575697911175,24.4804437061709],[39.657511791743,24.4804651144862]]]}},{"type":"Feature","properties":{"code":"N34-35","name":"N34-35","land_use":"Low/Med Density Residential","sector":"North","gfa":580,"area":300,"floors":4,"height":20,"coverage":0.83,"far":1.93,"style":"PolyStyle0286"},"geometry":{"type":"Polygon","coordinates":[[[39.6757630322689,24.4803819307721],[39.6756682432503,24.4804070481244],[39.6755859090411,24.480146800015],[39.6756806978838,24.4801216827173],[39.6757630322689,24.4803819307721]]]}},{"type":"Feature","properties":{"code":"N27-152","name":"N27-152","land_use":"Low/Med Density Residential","sector":"North","gfa":340,"area":329.62,"floors":3,"height":12,"coverage":0,"far":1.03,"style":"PolyStyle0286"},"geometry":{"type":"Polygon","coordinates":[[[39.6582250160992,24.4804560010619],[39.6581042130135,24.4805005929817],[39.6581008906135,24.4804930545581],[39.6580861240807,24.4804595530624],[39.6580119289437,24.4802912045141],[39.6581327338299,24.4802466108555],[39.6581535038355,24.4802946455923],[39.6582067823087,24.4804146276294],[39.6582216927064,24.4804484626453],[39.6582250160992,24.4804560010619]]]}},{"type":"Feature","properties":{"code":"N34-34","name":"N34-34","land_use":"Low/Med Density Residential","sector":"North","gfa":580,"area":300,"floors":4,"height":20,"coverage":0.83,"far":1.93,"style":"PolyStyle0286"},"geometry":{"type":"Polygon","coordinates":[[[39.6756682432503,24.4804070481244],[39.6755734551794,24.4804321654135],[39.675491121151,24.4801719181525],[39.6755859090411,24.480146800015],[39.6756682432503,24.4804070481244]]]}},{"type":"Feature","properties":{"code":"N27-136","name":"N27-136","land_use":"Low/Med Density Residential","sector":"North","gfa":340,"area":330,"floors":3,"height":12,"coverage":0,"far":1.03,"style":"PolyStyle0286"},"geometry":{"type":"Polygon","coordinates":[[[39.658790462044,24.4805052479453],[39.658782227971,24.4805082921851],[39.6587335008867,24.4803977336689],[39.65874173595,24.4803946912338],[39.6587787085893,24.4803810426372],[39.6589099457483,24.4803325988762],[39.6589622952048,24.4803132747173],[39.6590110204791,24.4804238331661],[39.6588270703,24.4804917372986],[39.658790462044,24.4805052479453]]]}},{"type":"Feature","properties":{"code":"N27-164","name":"N27-164","land_use":"Low/Med Density Residential","sector":"North","gfa":750,"area":960.63,"floors":3,"height":12,"coverage":0,"far":0.78,"style":"PolyStyle0286"},"geometry":{"type":"Polygon","coordinates":[[[39.6604999148757,24.4803290598429],[39.6604316261493,24.480392507326],[39.660358493319,24.4804512594086],[39.6602809008833,24.4805050071939],[39.6601202095358,24.4802972213516],[39.6600970865958,24.4802679931661],[39.6600907023053,24.4802597664325],[39.6601683931431,24.4801945703227],[39.6602421699446,24.4801256712885],[39.6602845758454,24.4801233744354],[39.6604972481374,24.4802911878172],[39.6604999148757,24.4803290598429]]]}},{"type":"Feature","properties":{"code":"N27-458","name":"N27-458","land_use":"Low/Med Density Residential","sector":"North","gfa":360,"area":400.2,"floors":3,"height":12,"coverage":0,"far":0.9,"style":"PolyStyle0286"},"geometry":{"type":"Polygon","coordinates":[[[39.662317007835,24.4804119028045],[39.6622042871848,24.4805156501991],[39.6621637028846,24.4804787220075],[39.662063637298,24.480387660652],[39.6620356457795,24.4803621894609],[39.6620293444694,24.4803564559952],[39.6621210226214,24.4802720719833],[39.662162909955,24.4802719452952],[39.662317007835,24.4804119028045]]]}},{"type":"Feature","properties":{"code":"N34-33","name":"N34-33","land_use":"Low/Med Density Residential","sector":"North","gfa":580,"area":300,"floors":4,"height":20,"coverage":0.83,"far":1.93,"style":"PolyStyle0286"},"geometry":{"type":"Polygon","coordinates":[[[39.6755734551794,24.4804321654135],[39.6754786660826,24.4804572826483],[39.6753963322302,24.4801970353327],[39.675491121151,24.4801719181525],[39.6755734551794,24.4804321654135]]]}},{"type":"Feature","properties":{"code":"N27-153","name":"N27-153","land_use":"Low/Med Density Residential","sector":"North","gfa":455,"area":495.49,"floors":3,"height":12,"coverage":0,"far":0.92,"style":"PolyStyle0286"},"geometry":{"type":"Polygon","coordinates":[[[39.6581042130135,24.4805005929817],[39.6579486344778,24.4805580234656],[39.6579101045654,24.4805430312818],[39.6578288934022,24.4803587701984],[39.6580119289437,24.4802912045141],[39.6580861240807,24.4804595530624],[39.6581008906135,24.4804930545581],[39.6581042130135,24.4805005929817]]]}},{"type":"Feature","properties":{"code":"N34-32","name":"N34-32","land_use":"Low/Med Density Residential","sector":"North","gfa":580,"area":300,"floors":4,"height":20,"coverage":0.83,"far":1.93,"style":"PolyStyle0286"},"geometry":{"type":"Polygon","coordinates":[[[39.6754786660826,24.4804572826483],[39.6753838779336,24.48048239982],[39.6753015442572,24.4802221524497],[39.6753963322302,24.4801970353327],[39.6754786660826,24.4804572826483]]]}},{"type":"Feature","properties":{"code":"N27-358","name":"N27-358","land_use":"Low/Med Density Residential","sector":"North","gfa":475,"area":500,"floors":3,"height":12,"coverage":0,"far":0.95,"style":"PolyStyle0286"},"geometry":{"type":"Polygon","coordinates":[[[39.6626867980853,24.4805454556428],[39.6626805372105,24.4805512188963],[39.6625404493188,24.4804239859682],[39.6625467081967,24.4804182182135],[39.6625745121289,24.4803925782841],[39.6627142308414,24.4802637288529],[39.6628543177354,24.4803909616269],[39.6627146029836,24.4805198120712],[39.6626867980853,24.4805454556428]]]}},{"type":"Feature","properties":{"code":"N27-28","name":"N27-28","land_use":"Low/Med Density Residential","sector":"North","gfa":340,"area":329.99,"floors":3,"height":12,"coverage":0,"far":1.03,"style":"PolyStyle0286"},"geometry":{"type":"Polygon","coordinates":[[[39.6575605158189,24.480575672523],[39.6575074963108,24.4805952519941],[39.6574587702946,24.4804846930451],[39.657511791743,24.4804651144862],[39.6575697911175,24.4804437061709],[39.6576426877213,24.4804167970312],[39.6576793196992,24.4804032739137],[39.6576875587556,24.4804002351308],[39.6577362829479,24.4805107913029],[39.6577280458686,24.4805138318862],[39.6577180654433,24.4805175167673],[39.6576914128823,24.4805273559233],[39.6575605158189,24.480575672523]]]}},{"type":"Feature","properties":{"code":"N27-116","name":"N27-116","land_use":"Low/Med Density Residential","sector":"North","gfa":455,"area":495.5,"floors":3,"height":12,"coverage":0,"far":0.92,"style":"PolyStyle0286"},"geometry":{"type":"Polygon","coordinates":[[[39.6592861887668,24.4805170207563],[39.6590848514724,24.4805913437758],[39.6590110204791,24.4804238331661],[39.6591949714429,24.4803559288088],[39.6592315776086,24.4803424126555],[39.6592398166358,24.4803393764982],[39.6593025710076,24.480481760521],[39.6592861887668,24.4805170207563]]]}},{"type":"Feature","properties":{"code":"N27-509","name":"N27-509","land_use":"Low/Med Density Residential","sector":"North","gfa":7051.1,"area":4701.68,"floors":3,"height":12,"coverage":0,"far":1.5,"style":"PolyStyle0286"},"geometry":{"type":"Polygon","coordinates":[[[39.6637151860588,24.4804316161373],[39.6635623008131,24.4805726813656],[39.6629557298109,24.4800207265858],[39.6625474946309,24.4796492466851],[39.6625009076658,24.4796068538585],[39.6624665157764,24.4795755558048],[39.6624250870813,24.479539776549],[39.6623957999194,24.4795144817927],[39.6623052134355,24.47943624955],[39.6622908298744,24.4794246333004],[39.6622921104512,24.4794232522167],[39.6622891041926,24.4794209145425],[39.6622878530165,24.4794222566627],[39.662239044113,24.4793846194505],[39.6624113735706,24.4792174935001],[39.6626381763271,24.4794133699562],[39.6637152970357,24.4803935107147],[39.6637151860588,24.4804316161373]]]}},{"type":"Feature","properties":{"code":"N34-31","name":"N34-31","land_use":"Low/Med Density Residential","sector":"North","gfa":580,"area":300,"floors":4,"height":20,"coverage":0.83,"far":1.93,"style":"PolyStyle0286"},"geometry":{"type":"Polygon","coordinates":[[[39.6753174969394,24.480499989703],[39.6752227067504,24.4805251067835],[39.6751403733779,24.4802648602233],[39.6752351623993,24.4802397422987],[39.6753174969394,24.480499989703]]]}},{"type":"Feature","properties":{"code":"N27-214","name":"N27-214","land_use":"Low/Med Density Residential","sector":"North","gfa":455,"area":551.19,"floors":3,"height":12,"coverage":0,"far":0.83,"style":"PolyStyle0286"},"geometry":{"type":"Polygon","coordinates":[[[39.6610294761924,24.4804798164453],[39.6608762845752,24.4805951266319],[39.6607509141235,24.4804556227059],[39.6608089438398,24.4803893340269],[39.6608627259619,24.48032010997],[39.6609436332854,24.4803146316578],[39.6610668210732,24.4804517074225],[39.6610599609427,24.4804568699401],[39.6610294761924,24.4804798164453]]]}},{"type":"Feature","properties":{"code":"N27-457","name":"N27-457","land_use":"Low/Med Density Residential","sector":"North","gfa":360,"area":329.92,"floors":3,"height":12,"coverage":0,"far":1.09,"style":"PolyStyle0286"},"geometry":{"type":"Polygon","coordinates":[[[39.6621778470417,24.4805399871866],[39.6621124429402,24.480600186715],[39.6620719185409,24.4805632022425],[39.6619861596577,24.4804852710899],[39.6619717881423,24.4804722025242],[39.6619438015285,24.480446725876],[39.6619375002181,24.4804409924066],[39.6620293444694,24.4803564559952],[39.6620356457795,24.4803621894609],[39.662063637298,24.480387660652],[39.6621637028846,24.4804787220075],[39.6622042871848,24.4805156501991],[39.6621778470417,24.4805399871866]]]}},{"type":"Feature","properties":{"code":"N34-30","name":"N34-30","land_use":"Low/Med Density Residential","sector":"North","gfa":580,"area":300,"floors":4,"height":20,"coverage":0.83,"far":1.93,"style":"PolyStyle0286"},"geometry":{"type":"Polygon","coordinates":[[[39.6752227067504,24.4805251067835],[39.6751279184912,24.4805502228935],[39.6750455852995,24.4802899771817],[39.6751403733779,24.4802648602233],[39.6752227067504,24.4805251067835]]]}},{"type":"Feature","properties":{"code":"N34-29","name":"N34-29","land_use":"Low/Med Density Residential","sector":"North","gfa":580,"area":300,"floors":4,"height":20,"coverage":0.83,"far":1.93,"style":"PolyStyle0286"},"geometry":{"type":"Polygon","coordinates":[[[39.6751279184912,24.4805502228935],[39.6750331292109,24.4805753398522],[39.6749507961951,24.4803150940857],[39.6750455852995,24.4802899771817],[39.6751279184912,24.4805502228935]]]}},{"type":"Feature","properties":{"code":"N27-137","name":"N27-137","land_use":"Low/Med Density Residential","sector":"North","gfa":455,"area":495.5,"floors":3,"height":12,"coverage":0,"far":0.92,"style":"PolyStyle0286"},"geometry":{"type":"Polygon","coordinates":[[[39.6590848514724,24.4805913437758],[39.6588835109753,24.4806656665441],[39.6588449819213,24.480650676404],[39.658782227971,24.4805082921851],[39.658790462044,24.4805052479453],[39.6588270703,24.4804917372986],[39.6590110204791,24.4804238331661],[39.6590848514724,24.4805913437758]]]}},{"type":"Feature","properties":{"code":"N27-163","name":"N27-163","land_use":"Low/Med Density Residential","sector":"North","gfa":750,"area":1077.18,"floors":3,"height":12,"coverage":0,"far":0.7,"style":"PolyStyle0286"},"geometry":{"type":"Polygon","coordinates":[[[39.6600123132673,24.4806385005329],[39.6599445771589,24.4806635061389],[39.6598605897531,24.480472958079],[39.6598458257358,24.4804394594614],[39.6598410751288,24.4804286733302],[39.6599274764278,24.4803763956261],[39.6600107619462,24.4803200415904],[39.6600907023053,24.4802597664325],[39.6600970865958,24.4802679931661],[39.6601202095358,24.4802972213516],[39.6602809008833,24.4805050071939],[39.6601951608208,24.4805557015003],[39.6601054586375,24.4806002852542],[39.6600123132673,24.4806385005329]]]}},{"type":"Feature","properties":{"code":"N34-28","name":"N34-28","land_use":"Low/Med Density Residential","sector":"North","gfa":580,"area":300,"floors":4,"height":20,"coverage":0.83,"far":1.93,"style":"PolyStyle0286"},"geometry":{"type":"Polygon","coordinates":[[[39.6750331292109,24.4805753398522],[39.6749383398916,24.4806004567521],[39.6748560080386,24.4803402109265],[39.6749507961951,24.4803150940857],[39.6750331292109,24.4805753398522]]]}},{"type":"Feature","properties":{"code":"N27-OS3","name":"N27-OS3","land_use":"Open Space","sector":"North","gfa":5267,"area":9860.94,"floors":2,"height":8,"coverage":0,"far":0.53,"style":"PolyStyle02"},"geometry":{"type":"Polygon","coordinates":[[[39.6615070363676,24.4806450701642],[39.6614865869037,24.480663889759],[39.6614469309377,24.4806614253409],[39.6610422751166,24.4802111490917],[39.6609816182583,24.4801436389372],[39.6612395218024,24.4797549131457],[39.6612764521753,24.4797058857983],[39.6613193219782,24.4796610896076],[39.6613675575585,24.4796211239973],[39.6614205134658,24.4795865237517],[39.6614774810876,24.4795577518602],[39.6615376981326,24.4795351933221],[39.6616003588297,24.4795191499948],[39.6616646247104,24.4795098365553],[39.6617296358279,24.4795073776272],[39.661794522264,24.4795118061133],[39.6618584157684,24.4795230627556],[39.6619204613773,24.4795409969277],[39.6619798288527,24.479565368651],[39.6620357237918,24.4795958518052],[39.6620369995621,24.4796595675997],[39.6620796503825,24.479658853266],[39.6620873864294,24.479665892694],[39.6621051833239,24.4796467468731],[39.6621275404126,24.479666277563],[39.662329268973,24.4798498435813],[39.6622940511814,24.4798821034119],[39.6621201883207,24.4800422863516],[39.6621412010636,24.480061371363],[39.6615418275237,24.4806130471958],[39.6615260817039,24.4805987193173],[39.6614912905381,24.4806307404759],[39.6615070363676,24.4806450701642]]]}},{"type":"Feature","properties":{"code":"N27-357","name":"N27-357","land_use":"Low/Med Density Residential","sector":"North","gfa":475,"area":500.07,"floors":3,"height":12,"coverage":0,"far":0.95,"style":"PolyStyle0286"},"geometry":{"type":"Polygon","coordinates":[[[39.6628268852857,24.4806726911407],[39.6628206263802,24.4806784534882],[39.6626805372105,24.4805512188963],[39.6626867980853,24.4805454556428],[39.6627146029836,24.4805198120712],[39.6628543177354,24.4803909616269],[39.6629944068847,24.4805181942541],[39.6628547288713,24.4806470862088],[39.6628268852857,24.4806726911407]]]}},{"type":"Feature","properties":{"code":"N34-27","name":"N34-27","land_use":"Low/Med Density Residential","sector":"North","gfa":580,"area":300,"floors":4,"height":20,"coverage":0.83,"far":1.93,"style":"PolyStyle0286"},"geometry":{"type":"Polygon","coordinates":[[[39.6749383398916,24.4806004567521],[39.67484355152,24.4806255735889],[39.674761219843,24.4803653277087],[39.6748560080386,24.4803402109265],[39.6749383398916,24.4806004567521]]]}},{"type":"Feature","properties":{"code":"N27-456","name":"N27-456","land_use":"Low/Med Density Residential","sector":"North","gfa":360,"area":330.07,"floors":3,"height":12,"coverage":0,"far":1.09,"style":"PolyStyle0286"},"geometry":{"type":"Polygon","coordinates":[[[39.6620386899187,24.4806680723301],[39.6620205985729,24.4806847231768],[39.661980009293,24.4806477868303],[39.6618799437271,24.4805567307739],[39.6618519551763,24.4805312613425],[39.6618456558346,24.4805255269576],[39.6619375002181,24.4804409924066],[39.6619438015285,24.480446725876],[39.6619717881423,24.4804722025242],[39.6619861596577,24.4804852710899],[39.6620719185409,24.4805632022425],[39.6621124429402,24.480600186715],[39.6620386899187,24.4806680723301]]]}},{"type":"Feature","properties":{"code":"N27-27","name":"N27-27","land_use":"Low/Med Density Residential","sector":"North","gfa":340,"area":329.99,"floors":3,"height":12,"coverage":0,"far":1.03,"style":"PolyStyle0286"},"geometry":{"type":"Polygon","coordinates":[[[39.6576092350573,24.4806862323685],[39.6575562174474,24.4807058046236],[39.6575074963108,24.4805952519941],[39.6575605158189,24.480575672523],[39.6576914128823,24.4805273559233],[39.6577180654433,24.4805175167673],[39.6577280458686,24.4805138318862],[39.6577362829479,24.4805107913029],[39.6577850092291,24.480621352866],[39.6577767701561,24.4806243907513],[39.6577401371343,24.4806379129943],[39.6576146897059,24.4806842235397],[39.6576092350573,24.4806862323685]]]}},{"type":"Feature","properties":{"code":"N34-26","name":"N34-26","land_use":"Low/Med Density Residential","sector":"North","gfa":580,"area":300,"floors":4,"height":20,"coverage":0.83,"far":1.93,"style":"PolyStyle0286"},"geometry":{"type":"Polygon","coordinates":[[[39.67484355152,24.4806255735889],[39.6747487621226,24.4806506903713],[39.6746664306215,24.4803904444365],[39.674761219843,24.4803653277087],[39.67484355152,24.4806255735889]]]}},{"type":"Feature","properties":{"code":"N27-162","name":"N27-162","land_use":"Low/Med Density Residential","sector":"North","gfa":455,"area":533.6,"floors":3,"height":12,"coverage":0,"far":0.85,"style":"PolyStyle0286"},"geometry":{"type":"Polygon","coordinates":[[[39.6599445771589,24.4806635061389],[39.6597615392145,24.4807310741641],[39.6596854223291,24.4805589444304],[39.6596706553632,24.4805254412927],[39.6596672499373,24.4805171383147],[39.6597553810445,24.4804749111304],[39.6598410751288,24.4804286733302],[39.6598458257358,24.4804394594614],[39.6598605897531,24.480472958079],[39.6599445771589,24.4806635061389]]]}},{"type":"Feature","properties":{"code":"N27-213","name":"N27-213","land_use":"Low/Med Density Residential","sector":"North","gfa":455,"area":500,"floors":3,"height":12,"coverage":0,"far":0.91,"style":"PolyStyle0286"},"geometry":{"type":"Polygon","coordinates":[[[39.661154844987,24.4806193183351],[39.6610016523347,24.4807346286522],[39.6609007373477,24.4806223394064],[39.6608762845752,24.4805951266319],[39.6610294761924,24.4804798164453],[39.6610599609427,24.4804568699401],[39.6610668210732,24.4804517074225],[39.6611921928446,24.4805912101717],[39.6611853317205,24.4805963717961],[39.661154844987,24.4806193183351]]]}},{"type":"Feature","properties":{"code":"N06-1","name":"N06-1","land_use":"High Density Residential & Commercial","sector":"North","gfa":24609.4,"area":8484.59,"floors":12,"height":55.5,"coverage":0.59,"far":2.9,"style":"PolyStyle012"},"geometry":{"type":"Polygon","coordinates":[[[39.6697783368417,24.4806340332063],[39.6696627403801,24.4806970757332],[39.6695845824084,24.4806890907788],[39.6695687012662,24.4806752827514],[39.6693036714714,24.4804448627319],[39.6692670604339,24.4804130324088],[39.6692686792214,24.4803524684919],[39.6693097820853,24.4803200816482],[39.6701776917115,24.479636198978],[39.6702493796808,24.4796391990604],[39.6707097237447,24.4800749099831],[39.67070163622,24.4801304884408],[39.6697783368417,24.4806340332063]]]}},{"type":"Feature","properties":{"code":"N27-149","name":"N27-149","land_use":"Low/Med Density Residential","sector":"North","gfa":455,"area":495.15,"floors":3,"height":12,"coverage":0,"far":0.92,"style":"PolyStyle0286"},"geometry":{"type":"Polygon","coordinates":[[[39.6586765113128,24.480678867147],[39.6584934785373,24.4807464309152],[39.6584723606152,24.4806985196707],[39.6584196060963,24.4805782202612],[39.658404966143,24.4805444084725],[39.6584011916567,24.4805370409119],[39.6585567719232,24.4804796099581],[39.6585953009018,24.4804946019801],[39.6586765113128,24.480678867147]]]}},{"type":"Feature","properties":{"code":"N34-25","name":"N34-25","land_use":"Low/Med Density Residential","sector":"North","gfa":580,"area":300,"floors":4,"height":20,"coverage":0.83,"far":1.93,"style":"PolyStyle0286"},"geometry":{"type":"Polygon","coordinates":[[[39.6747487621226,24.4806506903713],[39.6746539736682,24.4806758061875],[39.6745716423527,24.4804155620042],[39.6746664306215,24.4803904444365],[39.6747487621226,24.4806506903713]]]}},{"type":"Feature","properties":{"code":"N27-448","name":"N27-448","land_use":"Low/Med Density Residential","sector":"North","gfa":750,"area":595.5,"floors":3,"height":12,"coverage":0,"far":1.26,"style":"PolyStyle0286"},"geometry":{"type":"Polygon","coordinates":[[[39.6625062638983,24.4806219651185],[39.6623879796394,24.4807308379347],[39.6623816703957,24.4807251036162],[39.662353653223,24.4806996596939],[39.6621778470417,24.4805399871866],[39.6622042871848,24.4805156501991],[39.662317007835,24.4804119028045],[39.6625061255499,24.4805836675147],[39.6625062638983,24.4806219651185]]]}},{"type":"Feature","properties":{"code":"N27-1044-3","name":"N27-1044-3","land_use":"Utilities","sector":"North","gfa":0,"area":14.44,"floors":0,"height":0,"coverage":0,"far":0,"style":"PolyStyle039"},"geometry":{"type":"Polygon","coordinates":[[[39.6636573025144,24.4807010578724],[39.6636308656036,24.480725399611],[39.6636042718439,24.4807012077348],[39.6636307057993,24.4806768669168],[39.6636573025144,24.4807010578724]]]}},{"type":"Feature","properties":{"code":"N08-3","name":"N08-3","land_use":"High Density Residential & Commercial","sector":"North","gfa":29232.4,"area":12388.47,"floors":11,"height":51,"coverage":0.78,"far":2.36,"style":"PolyStyle012"},"geometry":{"type":"Polygon","coordinates":[[[39.6668497074253,24.4801105702193],[39.6661087496081,24.4807300419621],[39.6653257621094,24.4800635655115],[39.6652933626224,24.4800359874701],[39.6652935871086,24.4799747026796],[39.6653231315496,24.4799498908891],[39.6659939409288,24.479332182624],[39.6661355758814,24.4794610121788],[39.6662170563397,24.4795351251245],[39.6668497074253,24.4801105702193]]]}},{"type":"Feature","properties":{"code":"N34-24","name":"N34-24","land_use":"Low/Med Density Residential","sector":"North","gfa":580,"area":300,"floors":4,"height":20,"coverage":0.83,"far":1.93,"style":"PolyStyle0286"},"geometry":{"type":"Polygon","coordinates":[[[39.6746539736682,24.4806758061875],[39.6745591841975,24.4807009237556],[39.6744768530531,24.4804406786145],[39.6745716423527,24.4804155620042],[39.6746539736682,24.4806758061875]]]}},{"type":"Feature","properties":{"code":"N27-205","name":"N27-205","land_use":"Low/Med Density Residential","sector":"North","gfa":455,"area":554.42,"floors":3,"height":12,"coverage":0,"far":0.82,"style":"PolyStyle0286"},"geometry":{"type":"Polygon","coordinates":[[[39.6607170673743,24.4807605769148],[39.6607101994125,24.4807657575137],[39.6605951698905,24.4806377638111],[39.6605985749733,24.4805989223694],[39.6606773896299,24.4805296276803],[39.6607509141235,24.4804556227059],[39.6608762845752,24.4805951266319],[39.6609007373477,24.4806223394064],[39.6607475343592,24.4807376061645],[39.6607170673743,24.4807605769148]]]}},{"type":"Feature","properties":{"code":"N27-455","name":"N27-455","land_use":"Low/Med Density Residential","sector":"North","gfa":360,"area":330.01,"floors":3,"height":12,"coverage":0,"far":1.09,"style":"PolyStyle0286"},"geometry":{"type":"Polygon","coordinates":[[[39.6620205985729,24.4806847231768],[39.6619287540735,24.4807692577782],[39.6618881598438,24.4807323187197],[39.6617880645611,24.4806412419615],[39.661760042349,24.4806157518889],[39.6617538093643,24.4806100632693],[39.6618456558346,24.4805255269576],[39.6618519551763,24.4805312613425],[39.6618799437271,24.4805567307739],[39.661980009293,24.4806477868303],[39.6620205985729,24.4806847231768]]]}},{"type":"Feature","properties":{"code":"N27-510","name":"N27-510","land_use":"Low/Med Density Residential","sector":"North","gfa":14269.1,"area":9513.5,"floors":3,"height":12,"coverage":0,"far":1.5,"style":"PolyStyle0286"},"geometry":{"type":"Polygon","coordinates":[[[39.6661797845601,24.4786101720255],[39.6638416965783,24.4807631761412],[39.6636670701142,24.4806043347116],[39.6642547984148,24.4800633614684],[39.6643049250508,24.4800128716293],[39.6643498929838,24.4799584648051],[39.6643893385916,24.4799005809517],[39.6644146993192,24.4798633684225],[39.664443610425,24.4798283915055],[39.6644758380932,24.4797959330696],[39.6649770632891,24.4793345891261],[39.6659447762381,24.4784444411929],[39.6659871814578,24.4784438352215],[39.6661797845601,24.4786101720255]]]}},{"type":"Feature","properties":{"code":"N27-148","name":"N27-148","land_use":"Low/Med Density Residential","sector":"North","gfa":340,"area":330.25,"floors":3,"height":12,"coverage":0,"far":1.03,"style":"PolyStyle0286"},"geometry":{"type":"Polygon","coordinates":[[[39.6584934785373,24.4807464309152],[39.6583726733033,24.4807910230604],[39.658351555428,24.4807431136048],[39.6582986224279,24.4806230118127],[39.6582841118441,24.4805890233375],[39.6582803875779,24.4805816338798],[39.6584011916567,24.4805370409119],[39.658404966143,24.4805444084725],[39.6584196060963,24.4805782202612],[39.6584723606152,24.4806985196707],[39.6584934785373,24.4807464309152]]]}},{"type":"Feature","properties":{"code":"N27-161","name":"N27-161","land_use":"Low/Med Density Residential","sector":"North","gfa":455,"area":502.64,"floors":3,"height":12,"coverage":0,"far":0.91,"style":"PolyStyle0286"},"geometry":{"type":"Polygon","coordinates":[[[39.6597615392145,24.4807310741641],[39.6595785060088,24.4807986428525],[39.6595043086662,24.4806302896723],[39.6594895437361,24.4805967910233],[39.659486219278,24.4805892526406],[39.6595344743554,24.4805714390346],[39.6596014088941,24.4805454083935],[39.6596672499373,24.4805171383147],[39.6596706553632,24.4805254412927],[39.6596854223291,24.4805589444304],[39.6597615392145,24.4807310741641]]]}},{"type":"Feature","properties":{"code":"N34-23","name":"N34-23","land_use":"Low/Med Density Residential","sector":"North","gfa":580,"area":389.99,"floors":4,"height":20,"coverage":0.83,"far":1.49,"style":"PolyStyle0286"},"geometry":{"type":"Polygon","coordinates":[[[39.6745591841975,24.4807009237556],[39.6744359597966,24.4807335756846],[39.6743536278941,24.4804733304769],[39.6744768530531,24.4804406786145],[39.6745591841975,24.4807009237556]]]}},{"type":"Feature","properties":{"code":"N27-26","name":"N27-26","land_use":"Low/Med Density Residential","sector":"North","gfa":340,"area":330,"floors":3,"height":12,"coverage":0,"far":1.03,"style":"PolyStyle0286"},"geometry":{"type":"Polygon","coordinates":[[[39.6576580174544,24.4807967756638],[39.6576049465938,24.4808163626184],[39.6575562174474,24.4807058046236],[39.6576092350573,24.4806862323685],[39.6576146897059,24.4806842235397],[39.6577401371343,24.4806379129943],[39.6577767701561,24.4806243907513],[39.6577850092291,24.480621352866],[39.6578337355599,24.4807319071851],[39.6578254964952,24.4807349477825],[39.6577888634565,24.4807484718439],[39.6577377418685,24.4807673441077],[39.6576580174544,24.4807967756638]]]}},{"type":"Feature","properties":{"code":"N27-356","name":"N27-356","land_use":"Low/Med Density Residential","sector":"North","gfa":475,"area":499.92,"floors":3,"height":12,"coverage":0,"far":0.95,"style":"PolyStyle0286"},"geometry":{"type":"Polygon","coordinates":[[[39.6629669707373,24.480799915672],[39.6629607138484,24.4808056861445],[39.6628206263802,24.4806784534882],[39.6628268852857,24.4806726911407],[39.6628547288713,24.4806470862088],[39.6629944068847,24.4805181942541],[39.6631344963157,24.4806454267434],[39.6629947746549,24.4807742738603],[39.6629669707373,24.480799915672]]]}},{"type":"Feature","properties":{"code":"N27-1044-2","name":"N27-1044-2","land_use":"Utilities","sector":"North","gfa":0,"area":19,"floors":0,"height":0,"coverage":0,"far":0,"style":"PolyStyle039"},"geometry":{"type":"Polygon","coordinates":[[[39.6635769448118,24.4807750413806],[39.6635421590922,24.4808070683977],[39.6635155762006,24.4807828791678],[39.6635503579592,24.4807508494646],[39.6635769448118,24.4807750413806]]]}},{"type":"Feature","properties":{"code":"N27-147","name":"N27-147","land_use":"Low/Med Density Residential","sector":"North","gfa":340,"area":330.11,"floors":3,"height":12,"coverage":0,"far":1.03,"style":"PolyStyle0286"},"geometry":{"type":"Polygon","coordinates":[[[39.6583726733033,24.4807910230604],[39.6582518679915,24.4808356169168],[39.6581776714114,24.4806672675688],[39.6581629038407,24.4806337642803],[39.6581595844034,24.4806262276515],[39.6582803875779,24.4805816338798],[39.6582841118441,24.4805890233375],[39.6582986224279,24.4806230118127],[39.658351555428,24.4807431136048],[39.6583726733033,24.4807910230604]]]}},{"type":"Feature","properties":{"code":"N27-454","name":"N27-454","land_use":"Low/Med Density Residential","sector":"North","gfa":360,"area":329.9,"floors":3,"height":12,"coverage":0,"far":1.09,"style":"PolyStyle0286"},"geometry":{"type":"Polygon","coordinates":[[[39.6618995305498,24.4807961591641],[39.6618369094702,24.4808537959378],[39.6616962967867,24.4807257535098],[39.6616683013451,24.4807002876877],[39.6616619647449,24.4806945995181],[39.6617538093643,24.4806100632693],[39.661760042349,24.4806157518889],[39.6617880645611,24.4806412419615],[39.6618881598438,24.4807323187197],[39.6619287540735,24.4807692577782],[39.6618995305498,24.4807961591641]]]}},{"type":"Feature","properties":{"code":"N27-160","name":"N27-160","land_use":"Low/Med Density Residential","sector":"North","gfa":455,"area":500.01,"floors":3,"height":12,"coverage":0,"far":0.91,"style":"PolyStyle0286"},"geometry":{"type":"Polygon","coordinates":[[[39.6595785060088,24.4807986428525],[39.6593954716114,24.480866210424],[39.6593212695435,24.4806978589788],[39.6593065056398,24.480664360307],[39.6593031851286,24.4806568200968],[39.659486219278,24.4805892526406],[39.6594895437361,24.4805967910233],[39.6595043086662,24.4806302896723],[39.6595785060088,24.4807986428525]]]}},{"type":"Feature","properties":{"code":"N27-449","name":"N27-449","land_use":"Low/Med Density Residential","sector":"North","gfa":475,"area":600,"floors":3,"height":12,"coverage":0,"far":0.79,"style":"PolyStyle0286"},"geometry":{"type":"Polygon","coordinates":[[[39.6623879796394,24.4807308379347],[39.6622488225337,24.4808589241716],[39.6622425192531,24.4808531979495],[39.6622145000957,24.4808277522042],[39.6620386899187,24.4806680723301],[39.6621124429402,24.480600186715],[39.6621778470417,24.4805399871866],[39.662353653223,24.4806996596939],[39.6623816703957,24.4807251036162],[39.6623879796394,24.4807308379347]]]}},{"type":"Feature","properties":{"code":"N27-212","name":"N27-212","land_use":"Low/Med Density Residential","sector":"North","gfa":455,"area":500,"floors":3,"height":12,"coverage":0,"far":0.91,"style":"PolyStyle0286"},"geometry":{"type":"Polygon","coordinates":[[[39.6612802130724,24.4807588201168],[39.6611270213824,24.4808741350712],[39.6611088517042,24.4808539130796],[39.6610261081218,24.4807618413918],[39.6610016523347,24.4807346286522],[39.661154844987,24.4806193183351],[39.6611853317205,24.4805963717961],[39.6611921928446,24.4805912101717],[39.6613175609418,24.4807307119226],[39.6613107008023,24.4807358735483],[39.6612802130724,24.4807588201168]]]}},{"type":"Feature","properties":{"code":"N27-146","name":"N27-146","land_use":"Low/Med Density Residential","sector":"North","gfa":455,"area":495.5,"floors":3,"height":12,"coverage":0,"far":0.92,"style":"PolyStyle0286"},"geometry":{"type":"Polygon","coordinates":[[[39.6582518679915,24.4808356169168],[39.658068830809,24.480903181099],[39.6579876211508,24.4807189210139],[39.6580040037629,24.4806836572997],[39.6581595844034,24.4806262276515],[39.6581629038407,24.4806337642803],[39.6581776714114,24.4806672675688],[39.6582518679915,24.4808356169168]]]}},{"type":"Feature","properties":{"code":"N27-1044-1","name":"N27-1044-1","land_use":"Utilities","sector":"North","gfa":0,"area":14.24,"floors":0,"height":0,"coverage":0,"far":0,"style":"PolyStyle039"},"geometry":{"type":"Polygon","coordinates":[[[39.6634882440902,24.4808566983701],[39.6634621518517,24.4808807269856],[39.663435577869,24.4808565431215],[39.6634616642436,24.4808325253738],[39.6634882440902,24.4808566983701]]]}},{"type":"Feature","properties":{"code":"N34-OS3","name":"N34-OS3","land_use":"Open Space","sector":"North","gfa":0,"area":3018.2,"floors":0,"height":0,"coverage":0,"far":0,"style":"PolyStyle02"},"geometry":{"type":"Polygon","coordinates":[[[39.6764776302123,24.4802865230757],[39.6743685944323,24.4808453696638],[39.6742588394916,24.4804984469476],[39.6743536278941,24.4804733304769],[39.6744359597966,24.4807335756846],[39.6745591841975,24.4807009237556],[39.6746539736682,24.4806758061875],[39.6747487621226,24.4806506903713],[39.67484355152,24.4806255735889],[39.6749383398916,24.4806004567521],[39.6750331292109,24.4805753398522],[39.6751279184912,24.4805502228935],[39.6752227067504,24.4805251067835],[39.6753174969394,24.480499989703],[39.6752351623993,24.4802397422987],[39.6753015442572,24.4802221524497],[39.6753838779336,24.48048239982],[39.6754786660826,24.4804572826483],[39.6755734551794,24.4804321654135],[39.6756682432503,24.4804070481244],[39.6757630322689,24.4803819307721],[39.6758578202617,24.4803568133655],[39.6759526082155,24.4803316959001],[39.6760473971122,24.4803065774685],[39.676142184983,24.4802814589825],[39.6762369738065,24.4802563413365],[39.6763601992166,24.4802236879476],[39.6762778627459,24.479963442048],[39.6763678690082,24.4799395911484],[39.6764776302123,24.4802865230757]]]}},{"type":"Feature","properties":{"code":"N27-206","name":"N27-206","land_use":"Low/Med Density Residential","sector":"North","gfa":455,"area":500.3,"floors":3,"height":12,"coverage":0,"far":0.91,"style":"PolyStyle0286"},"geometry":{"type":"Polygon","coordinates":[[[39.6608424629071,24.48090010694],[39.660835568153,24.4809052596647],[39.6607101994125,24.4807657575137],[39.6607170673743,24.4807605769148],[39.6607475343592,24.4807376061645],[39.6609007373477,24.4806223394064],[39.6610016523347,24.4807346286522],[39.6610261081218,24.4807618413918],[39.6609819020034,24.4807951129241],[39.6608730887964,24.4808773278367],[39.6608424629071,24.48090010694]]]}},{"type":"Feature","properties":{"code":"N27-25","name":"N27-25","land_use":"Low/Med Density Residential","sector":"North","gfa":340,"area":330.41,"floors":3,"height":12,"coverage":0,"far":1.03,"style":"PolyStyle0286"},"geometry":{"type":"Polygon","coordinates":[[[39.6577066875875,24.4809073474262],[39.6576536728857,24.4809269242193],[39.6576049465938,24.4808163626184],[39.6576580174544,24.4807967756638],[39.6577377418685,24.4807673441077],[39.6577888634565,24.4807484718439],[39.6578254964952,24.4807349477825],[39.6578337355599,24.4807319071851],[39.6578824629788,24.4808424641901],[39.6578742229167,24.4808455038914],[39.6578377773588,24.4808594091735],[39.6577066875875,24.4809073474262]]]}},{"type":"Feature","properties":{"code":"N27-159","name":"N27-159","land_use":"Low/Med Density Residential","sector":"North","gfa":455,"area":500,"floors":3,"height":12,"coverage":0,"far":0.91,"style":"PolyStyle0286"},"geometry":{"type":"Polygon","coordinates":[[[39.6593954716114,24.480866210424],[39.6592124340393,24.4809337750808],[39.6591382351452,24.4807654262393],[39.6591234682974,24.4807319230464],[39.6591201468411,24.4807243891581],[39.6593031851286,24.4806568200968],[39.6593065056398,24.480664360307],[39.6593212695435,24.4806978589788],[39.6593954716114,24.480866210424]]]}},{"type":"Feature","properties":{"code":"N27-355","name":"N27-355","land_use":"Low/Med Density Residential","sector":"North","gfa":475,"area":570.8,"floors":3,"height":12,"coverage":0,"far":0.83,"style":"PolyStyle0286"},"geometry":{"type":"Polygon","coordinates":[[[39.6632957646679,24.4807918967426],[39.6631426911118,24.4809327907866],[39.6631008045588,24.4809329186498],[39.6629607138484,24.4808056861445],[39.6629669707373,24.480799915672],[39.6629947746549,24.4807742738603],[39.6631344963157,24.4806454267434],[39.6632957646679,24.4807918967426]]]}},{"type":"Feature","properties":{"code":"N27-142","name":"N27-142","land_use":"Low/Med Density Residential","sector":"North","gfa":455,"area":495.5,"floors":3,"height":12,"coverage":0,"far":0.92,"style":"PolyStyle0286"},"geometry":{"type":"Polygon","coordinates":[[[39.6587413424763,24.4808983906203],[39.6585857607919,24.4809558199683],[39.6585824383508,24.4809482815565],[39.6585675238339,24.4809144438896],[39.6585145895446,24.4807943376706],[39.6584934785373,24.4807464309152],[39.6586765113128,24.480678867147],[39.6587577239114,24.4808631268334],[39.6587413424763,24.4808983906203]]]}},{"type":"Feature","properties":{"code":"N27-438","name":"N27-438","land_use":"Low/Med Density Residential","sector":"North","gfa":360,"area":400.88,"floors":3,"height":12,"coverage":0,"far":0.9,"style":"PolyStyle0286"},"geometry":{"type":"Polygon","coordinates":[[[39.6628073476255,24.4808572514691],[39.6626945152639,24.4809611451176],[39.6626538053242,24.480924212197],[39.6625599337373,24.480838681892],[39.6625538078588,24.4808331030187],[39.6625258181215,24.4808076328185],[39.662519513816,24.4808019011938],[39.6626113304365,24.4807173916498],[39.6626532179041,24.4807172630165],[39.6628073476255,24.4808572514691]]]}},{"type":"Feature","properties":{"code":"N27-158","name":"N27-158","land_use":"Low/Med Density Residential","sector":"North","gfa":455,"area":527.02,"floors":3,"height":12,"coverage":0,"far":0.86,"style":"PolyStyle0286"},"geometry":{"type":"Polygon","coordinates":[[[39.6592124340393,24.4809337750808],[39.659055825257,24.4809915869009],[39.6590144612734,24.4809778049211],[39.6589257148335,24.4808252122574],[39.65893926142,24.4807911601757],[39.6591201468411,24.4807243891581],[39.6591234682974,24.4807319230464],[39.6591382351452,24.4807654262393],[39.6592124340393,24.4809337750808]]]}},{"type":"Feature","properties":{"code":"N27-143","name":"N27-143","land_use":"Low/Med Density Residential","sector":"North","gfa":340,"area":330,"floors":3,"height":12,"coverage":0,"far":1.03,"style":"PolyStyle0286"},"geometry":{"type":"Polygon","coordinates":[[[39.6585857607919,24.4809558199683],[39.6584649583641,24.4810004139829],[39.6584616339458,24.4809928737708],[39.6584467204469,24.4809590369905],[39.6583937862514,24.4808389307278],[39.6583726733033,24.4807910230604],[39.6584934785373,24.4807464309152],[39.6585145895446,24.4807943376706],[39.6585675238339,24.4809144438896],[39.6585824383508,24.4809482815565],[39.6585857607919,24.4809558199683]]]}},{"type":"Feature","properties":{"code":"N27-450","name":"N27-450","land_use":"Low/Med Density Residential","sector":"North","gfa":750,"area":600.01,"floors":3,"height":12,"coverage":0,"far":1.25,"style":"PolyStyle0286"},"geometry":{"type":"Polygon","coordinates":[[[39.6622488225337,24.4808589241716],[39.6621096611802,24.480987006689],[39.6621033569502,24.4809812876903],[39.6620753377816,24.4809558401135],[39.6618995305498,24.4807961591641],[39.6619287540735,24.4807692577782],[39.6620205985729,24.4806847231768],[39.6620386899187,24.4806680723301],[39.6622145000957,24.4808277522042],[39.6622425192531,24.4808531979495],[39.6622488225337,24.4808589241716]]]}},{"type":"Feature","properties":{"code":"N27-207","name":"N27-207","land_use":"Low/Med Density Residential","sector":"North","gfa":340,"area":329.63,"floors":3,"height":12,"coverage":0,"far":1.03,"style":"PolyStyle0286"},"geometry":{"type":"Polygon","coordinates":[[[39.6609251698969,24.4809921707594],[39.6609183116959,24.4809973314561],[39.660835568153,24.4809052596647],[39.6608424629071,24.48090010694],[39.6608730887964,24.4808773278367],[39.6609819020034,24.4807951129241],[39.6610261081218,24.4807618413918],[39.6611088517042,24.4808539130796],[39.6610646455766,24.480887184636],[39.6609555773351,24.4809691324932],[39.6609251698969,24.4809921707594]]]}},{"type":"Feature","properties":{"code":"N27-453","name":"N27-453","land_use":"Low/Med Density Residential","sector":"North","gfa":360,"area":503.3,"floors":3,"height":12,"coverage":0,"far":0.72,"style":"PolyStyle0286"},"geometry":{"type":"Polygon","coordinates":[[[39.6617603698888,24.4809242413625],[39.6616609343313,24.4810157649782],[39.6616295816392,24.4809446325379],[39.6615993922018,24.480881849505],[39.6615649927187,24.4808209072473],[39.6615711521936,24.4807781847104],[39.6616619647449,24.4806945995181],[39.6616683013451,24.4807002876877],[39.6616962967867,24.4807257535098],[39.6618369094702,24.4808537959378],[39.6617603698888,24.4809242413625]]]}},{"type":"Feature","properties":{"code":"N27-24","name":"N27-24","land_use":"Low/Med Density Residential","sector":"North","gfa":340,"area":329.57,"floors":3,"height":12,"coverage":0,"far":1.03,"style":"PolyStyle0286"},"geometry":{"type":"Polygon","coordinates":[[[39.6577554120169,24.4810179062896],[39.6577023942979,24.4810374795008],[39.6576536728857,24.4809269242193],[39.6577066875875,24.4809073474262],[39.6578377773588,24.4808594091735],[39.6578742229167,24.4808455038914],[39.6578824629788,24.4808424641901],[39.6579311865471,24.4809530229994],[39.6579229474659,24.4809560626991],[39.6579188234985,24.4809575852775],[39.6578863143654,24.4809695849787],[39.6577554120169,24.4810179062896]]]}},{"type":"Feature","properties":{"code":"N27-211","name":"N27-211","land_use":"Low/Med Density Residential","sector":"North","gfa":455,"area":588.3,"floors":3,"height":12,"coverage":0,"far":0.77,"style":"PolyStyle0286"},"geometry":{"type":"Polygon","coordinates":[[[39.6614176698882,24.4809547146099],[39.6612349396592,24.4810221710762],[39.6612080238163,24.480977438445],[39.6611749014476,24.4809307083001],[39.6611380353323,24.4808863884327],[39.6611270213824,24.4808741350712],[39.6612802130724,24.4807588201168],[39.6613107008023,24.4807358735483],[39.6613175609418,24.4807307119226],[39.6613285739385,24.4807429706933],[39.6613794527711,24.4808044270529],[39.6614248159086,24.4808694000853],[39.6614643745464,24.4809374761515],[39.6614542750112,24.4809412024404],[39.6614176698882,24.4809547146099]]]}},{"type":"Feature","properties":{"code":"N27-144","name":"N27-144","land_use":"Low/Med Density Residential","sector":"North","gfa":340,"area":330.01,"floors":3,"height":12,"coverage":0,"far":1.03,"style":"PolyStyle0286"},"geometry":{"type":"Polygon","coordinates":[[[39.6584649583641,24.4810004139829],[39.6583441528886,24.4810450079155],[39.6583408274754,24.4810374649956],[39.6583260608031,24.4810039617221],[39.6582518679915,24.4808356169168],[39.6583726733033,24.4807910230604],[39.6583937862514,24.4808389307278],[39.6584467204469,24.4809590369905],[39.6584616339458,24.4809928737708],[39.6584649583641,24.4810004139829]]]}},{"type":"Feature","properties":{"code":"N27-191","name":"N27-191","land_use":"Low/Med Density Residential","sector":"North","gfa":455,"area":780.99,"floors":3,"height":12,"coverage":0,"far":0.58,"style":"PolyStyle0286"},"geometry":{"type":"Polygon","coordinates":[[[39.6606279217135,24.4809565896876],[39.6603733249635,24.481050575486],[39.6603700074002,24.4810430470286],[39.6603552411959,24.4810095466699],[39.6602670455352,24.4808094431498],[39.660344519035,24.4807698758029],[39.6604195068249,24.4807264824401],[39.6604627397659,24.480732102387],[39.6606365710031,24.4809255292784],[39.6606279217135,24.4809565896876]]]}},{"type":"Feature","properties":{"code":"N27-439","name":"N27-439","land_use":"Low/Med Density Residential","sector":"North","gfa":360,"area":330.05,"floors":3,"height":12,"coverage":0,"far":1.09,"style":"PolyStyle0286"},"geometry":{"type":"Polygon","coordinates":[[[39.6626194533563,24.4810302632059],[39.6626027503621,24.4810457538292],[39.6625620299236,24.4810087008138],[39.6624619636329,24.4809176406467],[39.6624339719208,24.4808921704385],[39.662427669584,24.4808864378982],[39.662519513816,24.4808019011938],[39.6625258181215,24.4808076328185],[39.6625538078588,24.4808331030187],[39.6625599337373,24.480838681892],[39.6626538053242,24.480924212197],[39.6626945152639,24.4809611451176],[39.6626194533563,24.4810302632059]]]}},{"type":"Feature","properties":{"code":"N27-145","name":"N27-145","land_use":"Low/Med Density Residential","sector":"North","gfa":455,"area":495.5,"floors":3,"height":12,"coverage":0,"far":0.92,"style":"PolyStyle0286"},"geometry":{"type":"Polygon","coordinates":[[[39.6583441528886,24.4810450079155],[39.6581885718218,24.4811024368565],[39.6581500407236,24.4810874438403],[39.658068830809,24.480903181099],[39.6582518679915,24.4808356169168],[39.6583260608031,24.4810039617221],[39.6583408274754,24.4810374649956],[39.6583441528886,24.4810450079155]]]}},{"type":"Feature","properties":{"code":"N27-208","name":"N27-208","land_use":"Low/Med Density Residential","sector":"North","gfa":340,"area":377.69,"floors":3,"height":12,"coverage":0,"far":0.9,"style":"PolyStyle0286"},"geometry":{"type":"Polygon","coordinates":[[[39.6610037736154,24.4810889334171],[39.6609961463908,24.4810930968119],[39.6609731230411,24.4810606141063],[39.6609474972837,24.4810298068371],[39.6609183116959,24.4809973314561],[39.6609251698969,24.4809921707594],[39.6609555773351,24.4809691324932],[39.6610646455766,24.480887184636],[39.6611088517042,24.4808539130796],[39.6611270213824,24.4808741350712],[39.6611380353323,24.4808863884327],[39.6611749014476,24.4809307083001],[39.6612080238163,24.480977438445],[39.6611588676069,24.4810042706875],[39.6610376744615,24.4810704280222],[39.6610037736154,24.4810889334171]]]}},{"type":"Feature","properties":{"code":"N27-190","name":"N27-190","land_use":"Low/Med Density Residential","sector":"North","gfa":455,"area":564.76,"floors":3,"height":12,"coverage":0,"far":0.81,"style":"PolyStyle0286"},"geometry":{"type":"Polygon","coordinates":[[[39.6603733249635,24.481050575486],[39.6601902906538,24.4811181440169],[39.6601869730994,24.4811106155554],[39.6601722069206,24.481077112469],[39.6600869285777,24.4808836286954],[39.6601228236813,24.4808703773413],[39.6601957520118,24.4808415306184],[39.6602670455352,24.4808094431498],[39.6603552411959,24.4810095466699],[39.6603700074002,24.4810430470286],[39.6603733249635,24.481050575486]]]}},{"type":"Feature","properties":{"code":"N08-OS1","name":"N08-OS1","land_use":"Open Space","sector":"North","gfa":637.3,"area":12746.88,"floors":2,"height":20,"coverage":0,"far":0.05,"style":"PolyStyle02"},"geometry":{"type":"Polygon","coordinates":[[[39.6672436095958,24.4805051846687],[39.6665331227767,24.4810912633621],[39.6661087496081,24.4807300419621],[39.6668497074253,24.4801105702193],[39.6676782665667,24.4794178485749],[39.6681084981143,24.4797919093396],[39.66733406821,24.4804306561004],[39.6672436095958,24.4805051846687]]]}},{"type":"Feature","properties":{"code":"N27-451","name":"N27-451","land_use":"Low/Med Density Residential","sector":"North","gfa":475,"area":599.98,"floors":3,"height":12,"coverage":0,"far":0.79,"style":"PolyStyle0286"},"geometry":{"type":"Polygon","coordinates":[[[39.6621096611802,24.480987006689],[39.6619705035064,24.4811150917741],[39.6619642021939,24.4811093646288],[39.6619361830284,24.4810839179297],[39.6617603698888,24.4809242413625],[39.6618369094702,24.4808537959378],[39.6618995305498,24.4807961591641],[39.6620753377816,24.4809558401135],[39.6621033569502,24.4809812876903],[39.6621096611802,24.480987006689]]]}},{"type":"Feature","properties":{"code":"N27-437","name":"N27-437","land_use":"Low/Med Density Residential","sector":"North","gfa":360,"area":401.29,"floors":3,"height":12,"coverage":0,"far":0.9,"style":"PolyStyle0286"},"geometry":{"type":"Polygon","coordinates":[[[39.6629615903549,24.4810355058566],[39.6628694616257,24.4811203384943],[39.6628631493141,24.4811145915665],[39.6628351654252,24.4810891313356],[39.6627351048362,24.4809980785548],[39.6626945152639,24.4809611451176],[39.6628073476255,24.4808572514691],[39.6629614469168,24.4809972055705],[39.6629615903549,24.4810355058566]]]}},{"type":"Feature","properties":{"code":"N27-23","name":"N27-23","land_use":"Low/Med Density Residential","sector":"North","gfa":340,"area":329.99,"floors":3,"height":12,"coverage":0,"far":1.03,"style":"PolyStyle0286"},"geometry":{"type":"Polygon","coordinates":[[[39.657804131604,24.4811284660586],[39.6577511256842,24.4811480383327],[39.6577023942979,24.4810374795008],[39.6577554120169,24.4810179062896],[39.6578863143654,24.4809695849787],[39.6579188234985,24.4809575852775],[39.6579229474659,24.4809560626991],[39.6579311865471,24.4809530229994],[39.6579799131583,24.4810635808735],[39.6579716740665,24.4810666196729],[39.6579351069343,24.4810801181958],[39.657804131604,24.4811284660586]]]}},{"type":"Feature","properties":{"code":"N27-440","name":"N27-440","land_use":"Low/Med Density Residential","sector":"North","gfa":360,"area":332.6,"floors":3,"height":12,"coverage":0,"far":1.08,"style":"PolyStyle0286"},"geometry":{"type":"Polygon","coordinates":[[[39.6626027503621,24.4810457538292],[39.6625133849242,24.481132547477],[39.662470185574,24.4810932375443],[39.6623701173058,24.481002177326],[39.6623421275569,24.4809767052861],[39.6623358232462,24.4809709727508],[39.662427669584,24.4808864378982],[39.6624339719208,24.4808921704385],[39.6624619636329,24.4809176406467],[39.6625620299236,24.4810087008138],[39.6626027503621,24.4810457538292]]]}},{"type":"Feature","properties":{"code":"N34-1","name":"N34-1","land_use":"Medium Density Mixed-Use","sector":"North","gfa":10921.5,"area":7281.39,"floors":5,"height":30,"coverage":0.75,"far":1.5,"style":"PolyStyle03"},"geometry":{"type":"Polygon","coordinates":[[[39.6740842282917,24.4809207198454],[39.6734105972068,24.481099209555],[39.6731299786669,24.4802093529585],[39.6738029482837,24.4800316125871],[39.6740842282917,24.4809207198454]]]}},{"type":"Feature","properties":{"code":"N27-189","name":"N27-189","land_use":"Low/Med Density Residential","sector":"North","gfa":455,"area":560,"floors":3,"height":12,"coverage":0,"far":0.81,"style":"PolyStyle0286"},"geometry":{"type":"Polygon","coordinates":[[[39.6601902906538,24.4811181440169],[39.6600072541609,24.481185710532],[39.6600039366249,24.4811781838726],[39.6599891704858,24.4811446807677],[39.6599038943456,24.480951196879],[39.6600869285777,24.4808836286954],[39.6601722069206,24.481077112469],[39.6601869730994,24.4811106155554],[39.6601902906538,24.4811181440169]]]}},{"type":"Feature","properties":{"code":"N27-210","name":"N27-210","land_use":"Low/Med Density Residential","sector":"North","gfa":455,"area":499.86,"floors":3,"height":12,"coverage":0,"far":0.91,"style":"PolyStyle0286"},"geometry":{"type":"Polygon","coordinates":[[[39.6614953210582,24.4811204497509],[39.6613115110917,24.4811886723797],[39.6612887731549,24.4811370847672],[39.6612635105855,24.4810797706039],[39.6612349396592,24.4810221710762],[39.6614176698882,24.4809547146099],[39.6614542750112,24.4809412024404],[39.6614643745464,24.4809374761515],[39.6614857957175,24.480980878097],[39.6614877233126,24.4809850890894],[39.6614888434445,24.48098755696],[39.6614923043442,24.4809953087409],[39.6615403040201,24.4811042095429],[39.6615319291709,24.4811069357428],[39.6614953210582,24.4811204497509]]]}},{"type":"Feature","properties":{"code":"N27-436","name":"N27-436","land_use":"Low/Med Density Residential","sector":"North","gfa":360,"area":330.01,"floors":3,"height":12,"coverage":0,"far":1.09,"style":"PolyStyle0286"},"geometry":{"type":"Polygon","coordinates":[[[39.6627944350787,24.4811894240002],[39.662777700697,24.4812049509055],[39.6627714013036,24.4811992210768],[39.6627434065208,24.4811737536518],[39.6626433429153,24.48108269089],[39.6626027503621,24.4810457538292],[39.6626194533563,24.4810302632059],[39.6626945152639,24.4809611451176],[39.6627351048362,24.4809980785548],[39.6628351654252,24.4810891313356],[39.6628631493141,24.4811145915665],[39.6628694616257,24.4811203384943],[39.6627944350787,24.4811894240002]]]}},{"type":"Feature","properties":{"code":"N27-354","name":"N27-354","land_use":"Low/Med Density Residential","sector":"North","gfa":475,"area":612.9,"floors":3,"height":12,"coverage":0,"far":0.78,"style":"PolyStyle0286"},"geometry":{"type":"Polygon","coordinates":[[[39.6635205201054,24.4810589240489],[39.6633626060061,24.4812043272335],[39.6632079238451,24.4810636310319],[39.6631799260467,24.4810381637016],[39.6631736266393,24.4810324329867],[39.6633315387777,24.4808870300049],[39.6635205201054,24.4810589240489]]]}},{"type":"Feature","properties":{"code":"N08-1","name":"N08-1","land_use":"High Density Residential & Commercial","sector":"North","gfa":38349.2,"area":16406.61,"floors":11,"height":51,"coverage":0.79,"far":2.34,"style":"PolyStyle012"},"geometry":{"type":"Polygon","coordinates":[[[39.6692474769808,24.4808360446009],[39.6679277187701,24.4811905228335],[39.6672436095958,24.4805051846687],[39.66733406821,24.4804306561004],[39.6681084981143,24.4797919093396],[39.6692590487441,24.4807922276081],[39.6692474769808,24.4808360446009]]]}},{"type":"Feature","properties":{"code":"N27-209","name":"N27-209","land_use":"Low/Med Density Residential","sector":"North","gfa":340,"area":439.09,"floors":3,"height":12,"coverage":0,"far":0.77,"style":"PolyStyle0286"},"geometry":{"type":"Polygon","coordinates":[[[39.6610682130736,24.4812185046746],[39.6610599770249,24.4812215463374],[39.6610347165187,24.4811642330291],[39.661016932351,24.4811279833309],[39.6609961463908,24.4810930968119],[39.6610037736154,24.4810889334171],[39.6610376744615,24.4810704280222],[39.6611588676069,24.4810042706875],[39.6612080238163,24.480977438445],[39.6612349396592,24.4810221710762],[39.6612635105855,24.4810797706039],[39.6612887731549,24.4811370847672],[39.6612356939036,24.4811566802514],[39.6611048242326,24.4812049925619],[39.6610682130736,24.4812185046746]]]}},{"type":"Feature","properties":{"code":"N27-441","name":"N27-441","land_use":"Low/Med Density Residential","sector":"North","gfa":360,"area":340.53,"floors":3,"height":12,"coverage":0,"far":1.06,"style":"PolyStyle0286"},"geometry":{"type":"Polygon","coordinates":[[[39.662505153978,24.4811408905793],[39.6624276345923,24.4812226297807],[39.6623783391045,24.4811777697137],[39.6622782728203,24.4810867121363],[39.6622502811061,24.4810612418946],[39.6622439787688,24.4810555093468],[39.6623358232462,24.4809709727508],[39.6623421275569,24.4809767052861],[39.6623701173058,24.481002177326],[39.662470185574,24.4810932375443],[39.6625133849242,24.481132547477],[39.662505153978,24.4811408905793]]]}},{"type":"Feature","properties":{"code":"N27-22","name":"N27-22","land_use":"Low/Med Density Residential","sector":"North","gfa":340,"area":330,"floors":3,"height":12,"coverage":0,"far":1.03,"style":"PolyStyle0286"},"geometry":{"type":"Polygon","coordinates":[[[39.6578528591494,24.4812390212585],[39.6577998472848,24.4812585962853],[39.6577511256842,24.4811480383327],[39.657804131604,24.4811284660586],[39.6579351069343,24.4810801181958],[39.6579716740665,24.4810666196729],[39.6579799131583,24.4810635808735],[39.6580286408435,24.4811741387243],[39.6580204007637,24.4811771784338],[39.6580145778396,24.4811793442201],[39.6579902968432,24.4811882934493],[39.6579837626861,24.4811907025654],[39.6578864931668,24.481226606643],[39.6578528591494,24.4812390212585]]]}},{"type":"Feature","properties":{"code":"N27-452","name":"N27-452","land_use":"Low/Med Density Residential","sector":"North","gfa":750,"area":591.82,"floors":3,"height":12,"coverage":0,"far":1.27,"style":"PolyStyle0286"},"geometry":{"type":"Polygon","coordinates":[[[39.6618454093485,24.4812302292362],[39.661830586744,24.4812441337663],[39.6617901581563,24.4812441717925],[39.6617607217132,24.4812102721979],[39.6617351220987,24.4811738573312],[39.6617136140376,24.4811352895374],[39.6616609343313,24.4810157649782],[39.6617603698888,24.4809242413625],[39.6619361830284,24.4810839179297],[39.6619642021939,24.4811093646288],[39.6619705035064,24.4811150917741],[39.6618454093485,24.4812302292362]]]}},{"type":"Feature","properties":{"code":"N27-188","name":"N27-188","land_use":"Low/Med Density Residential","sector":"North","gfa":455,"area":560,"floors":3,"height":12,"coverage":0,"far":0.81,"style":"PolyStyle0286"},"geometry":{"type":"Polygon","coordinates":[[[39.6600072541609,24.481185710532],[39.6598242194556,24.4812532795297],[39.6598209009275,24.4812457501611],[39.6598061328639,24.4812122488526],[39.6597208579491,24.4810187666592],[39.6599038943456,24.480951196879],[39.6599891704858,24.4811446807677],[39.6600039366249,24.4811781838726],[39.6600072541609,24.481185710532]]]}},{"type":"Feature","properties":{"code":"N27-435","name":"N27-435","land_use":"Low/Med Density Residential","sector":"North","gfa":360,"area":345.67,"floors":3,"height":12,"coverage":0,"far":1.04,"style":"PolyStyle0286"},"geometry":{"type":"Polygon","coordinates":[[[39.662777700697,24.4812049509055],[39.6626885757967,24.481291882682],[39.6626819680563,24.4812864432044],[39.6626526212512,24.4812622849128],[39.6625477092373,24.4811759206751],[39.662505153978,24.4811408905793],[39.6625133849242,24.481132547477],[39.6626027503621,24.4810457538292],[39.6626433429153,24.48108269089],[39.6627434065208,24.4811737536518],[39.6627714013036,24.4811992210768],[39.662777700697,24.4812049509055]]]}},{"type":"Feature","properties":{"code":"N27-442","name":"N27-442","land_use":"Low/Med Density Residential","sector":"North","gfa":360,"area":355.26,"floors":3,"height":12,"coverage":0,"far":1.01,"style":"PolyStyle0286"},"geometry":{"type":"Polygon","coordinates":[[[39.662405135519,24.4812474823742],[39.6623455241564,24.4813160232158],[39.6621864282214,24.4811712486986],[39.6621584365062,24.4811457784402],[39.6621521341591,24.4811400440824],[39.6622439787688,24.4810555093468],[39.6622502811061,24.4810612418946],[39.6622782728203,24.4810867121363],[39.6623783391045,24.4811777697137],[39.6624276345923,24.4812226297807],[39.6624147427297,24.4812368031625],[39.662413322992,24.4812383727089],[39.6624115353686,24.4812403584059],[39.6624099341716,24.4812421391776],[39.6624083329603,24.48124391724],[39.6624067357199,24.4812456998006],[39.662405135519,24.4812474823742]]]}},{"type":"Feature","properties":{"code":"N27-204","name":"N27-204","land_use":"Low/Med Density Residential","sector":"North","gfa":455,"area":580.13,"floors":3,"height":12,"coverage":0,"far":0.78,"style":"PolyStyle0286"},"geometry":{"type":"Polygon","coordinates":[[[39.6608462863709,24.4812654315028],[39.6606623370126,24.4813333387665],[39.6606512398009,24.4813081619158],[39.6605700480925,24.4811239492777],[39.6607264019054,24.4810661749442],[39.6607726589633,24.4810769583266],[39.6608179297115,24.4811273329949],[39.6608417945455,24.48115682213],[39.6608622672625,24.4811883748691],[39.6608791366027,24.4812216656207],[39.6608911306585,24.4812488768997],[39.6608828916333,24.4812519167597],[39.6608462863709,24.4812654315028]]]}},{"type":"Feature","properties":{"code":"N27-461","name":"N27-461","land_use":"Low/Med Density Residential","sector":"North","gfa":360,"area":330.02,"floors":3,"height":12,"coverage":0,"far":1.09,"style":"PolyStyle0286"},"geometry":{"type":"Polygon","coordinates":[[[39.6611169513852,24.4813290605309],[39.6611087064539,24.4813321031383],[39.6610599770249,24.4812215463374],[39.6610682130736,24.4812185046746],[39.6611048242326,24.4812049925619],[39.6612356939036,24.4811566802514],[39.6612887731549,24.4811370847672],[39.6613115110917,24.4811886723797],[39.6613374997871,24.481247641505],[39.661284428449,24.4812672478096],[39.6611535566495,24.4813155484319],[39.6611169513852,24.4813290605309]]]}},{"type":"Feature","properties":{"code":"N27-353","name":"N27-353","land_use":"Low/Med Density Residential","sector":"North","gfa":475,"area":540.01,"floors":3,"height":12,"coverage":0,"far":0.88,"style":"PolyStyle0286"},"geometry":{"type":"Polygon","coordinates":[[[39.6633626060061,24.4812043272335],[39.6632234761779,24.4813324395205],[39.6630687920389,24.4811917440906],[39.6630407942388,24.481166276735],[39.6630344958131,24.4811605451068],[39.6631736266393,24.4810324329867],[39.6631799260467,24.4810381637016],[39.6632079238451,24.4810636310319],[39.6633626060061,24.4812043272335]]]}},{"type":"Feature","properties":{"code":"N27-141","name":"N27-141","land_use":"Low/Med Density Residential","sector":"North","gfa":863.7,"area":864.06,"floors":3,"height":12,"coverage":0,"far":1,"style":"PolyStyle0286"},"geometry":{"type":"Polygon","coordinates":[[[39.6589981506777,24.4812602846192],[39.658740259,24.4813635635549],[39.6586302012158,24.4811338819651],[39.6586143766987,24.4811007834213],[39.6586105286451,24.4810927487728],[39.6588141934695,24.4810175690842],[39.6588555584373,24.4810313520177],[39.6589981506777,24.4812602846192]]]}},{"type":"Feature","properties":{"code":"N27-21","name":"N27-21","land_use":"Low/Med Density Residential","sector":"North","gfa":340,"area":329.99,"floors":3,"height":12,"coverage":0,"far":1.03,"style":"PolyStyle0286"},"geometry":{"type":"Polygon","coordinates":[[[39.6579015838403,24.4813495800646],[39.6578485719237,24.4813691523998],[39.6577998472848,24.4812585962853],[39.6578528591494,24.4812390212585],[39.6578864931668,24.481226606643],[39.6579837626861,24.4811907025654],[39.6579902968432,24.4811882934493],[39.6580145778396,24.4811793442201],[39.6580204007637,24.4811771784338],[39.6580286408435,24.4811741387243],[39.6580773646687,24.4812846965731],[39.6580691255651,24.4812877353779],[39.6580659106969,24.4812889225508],[39.6580324874613,24.4813012595218],[39.6579015838403,24.4813495800646]]]}},{"type":"Feature","properties":{"code":"N27-460","name":"N27-460","land_use":"Low/Med Density Residential","sector":"North","gfa":475,"area":511.52,"floors":3,"height":12,"coverage":0,"far":0.93,"style":"PolyStyle0286"},"geometry":{"type":"Polygon","coordinates":[[[39.6615810009582,24.4812862977988],[39.6613862294718,24.4813581991137],[39.6613374997871,24.481247641505],[39.6613115110917,24.4811886723797],[39.6614953210582,24.4811204497509],[39.6615319291709,24.4811069357428],[39.6615403040201,24.4811042095429],[39.6615773352361,24.4811882274038],[39.6615997712201,24.4812298905837],[39.6616258421863,24.4812697420894],[39.6616176081314,24.48127278558],[39.6615810009582,24.4812862977988]]]}},{"type":"Feature","properties":{"code":"N27-434","name":"N27-434","land_use":"Low/Med Density Residential","sector":"North","gfa":360,"area":343.34,"floors":3,"height":12,"coverage":0,"far":1.05,"style":"PolyStyle0286"},"geometry":{"type":"Polygon","coordinates":[[[39.6626885757967,24.481291882682],[39.662603527186,24.4813821643067],[39.662596680028,24.4813769868807],[39.6625662478045,24.4813539803106],[39.6624574504387,24.4812717341733],[39.662413322992,24.4812383727089],[39.6624147427297,24.4812368031625],[39.6624276345923,24.4812226297807],[39.662505153978,24.4811408905793],[39.6625477092373,24.4811759206751],[39.6626526212512,24.4812622849128],[39.6626819680563,24.4812864432044],[39.6626885757967,24.481291882682]]]}},{"type":"Feature","properties":{"code":"N27-200","name":"N27-200","land_use":"Low/Med Density Residential","sector":"North","gfa":455,"area":545.25,"floors":3,"height":12,"coverage":0,"far":0.83,"style":"PolyStyle0286"},"geometry":{"type":"Polygon","coordinates":[[[39.6604306691411,24.4813895845612],[39.6604224478485,24.4813926225125],[39.6603523566181,24.4812336064783],[39.6603687336607,24.4811983362224],[39.6605700480925,24.4811239492777],[39.6606512398009,24.4813081619158],[39.6605988902236,24.48132748937],[39.6604676478061,24.481375937331],[39.6604306691411,24.4813895845612]]]}},{"type":"Feature","properties":{"code":"N12-1","name":"N12-1","land_use":"High Density Residential & Commercial","sector":"North","gfa":24162.1,"area":10239.72,"floors":11,"height":51,"coverage":0.76,"far":2.36,"style":"PolyStyle012"},"geometry":{"type":"Polygon","coordinates":[[[39.6659625481385,24.4808522723932],[39.6652932368326,24.4814118339485],[39.6649014036878,24.4810554357592],[39.6647440150177,24.4809122784851],[39.6645095737323,24.4806990355822],[39.6650618368485,24.4801904994944],[39.6650625370668,24.4801898542853],[39.6650862601034,24.4801680096666],[39.6651571718928,24.4801667347356],[39.6651816878568,24.4801876029298],[39.6659625481385,24.4808522723932]]]}},{"type":"Feature","properties":{"code":"N27-462","name":"N27-462","land_use":"Low/Med Density Residential","sector":"North","gfa":360,"area":329.98,"floors":3,"height":12,"coverage":0,"far":1.09,"style":"PolyStyle0286"},"geometry":{"type":"Polygon","coordinates":[[[39.6611656700523,24.4814396173574],[39.6611574359607,24.4814426581139],[39.6611087064539,24.4813321031383],[39.6611169513852,24.4813290605309],[39.6611535566495,24.4813155484319],[39.661284428449,24.4812672478096],[39.6613374997871,24.481247641505],[39.6613862294718,24.4813581991137],[39.6612022763155,24.4814261025326],[39.6611656700523,24.4814396173574]]]}},{"type":"Feature","properties":{"code":"N27-140","name":"N27-140","land_use":"Low/Med Density Residential","sector":"North","gfa":924.5,"area":924.46,"floors":3,"height":12,"coverage":0,"far":1,"style":"PolyStyle0286"},"geometry":{"type":"Polygon","coordinates":[[[39.658740259,24.4813635635549],[39.6584824837928,24.481466929152],[39.6583696346175,24.4812108862666],[39.6583860171965,24.4811756252235],[39.6586105286451,24.4810927487728],[39.6586143766987,24.4811007834213],[39.6586302012158,24.4811338819651],[39.658740259,24.4813635635549]]]}},{"type":"Feature","properties":{"code":"N27-20","name":"N27-20","land_use":"Low/Med Density Residential","sector":"North","gfa":340,"area":330,"floors":3,"height":12,"coverage":0,"far":1.03,"style":"PolyStyle0286"},"geometry":{"type":"Polygon","coordinates":[[[39.6579503106061,24.4814601415523],[39.6578972966545,24.4814797093981],[39.6578485719237,24.4813691523998],[39.6579015838403,24.4813495800646],[39.6580324874613,24.4813012595218],[39.6580659106969,24.4812889225508],[39.6580691255651,24.4812877353779],[39.6580773646687,24.4812846965731],[39.6581260915321,24.4813952525837],[39.658117852432,24.4813982931975],[39.6580812143067,24.4814118182566],[39.6579503106061,24.4814601415523]]]}},{"type":"Feature","properties":{"code":"N27-352","name":"N27-352","land_use":"Low/Med Density Residential","sector":"North","gfa":475,"area":540.14,"floors":3,"height":12,"coverage":0,"far":0.88,"style":"PolyStyle0286"},"geometry":{"type":"Polygon","coordinates":[[[39.6630884050974,24.4814568156738],[39.6630847635247,24.4814601795668],[39.6629293339415,24.4813201664235],[39.6629012772195,24.481294754392],[39.6628949670037,24.4812890327444],[39.6628960316162,24.4812880554],[39.6628994237351,24.4812849210984],[39.6630344958131,24.4811605451068],[39.6630407942388,24.481166276735],[39.6630687920389,24.4811917440906],[39.6632234761779,24.4813324395205],[39.6630884050974,24.4814568156738]]]}},{"type":"Feature","properties":{"code":"N27-443","name":"N27-443","land_use":"Low/Med Density Residential","sector":"North","gfa":475,"area":582.58,"floors":3,"height":12,"coverage":0,"far":0.82,"style":"PolyStyle0286"},"geometry":{"type":"Polygon","coordinates":[[[39.6622435118644,24.4814435157957],[39.6622281678575,24.4814639486803],[39.662047259612,24.4812993411264],[39.6620192737877,24.481273865398],[39.6620129753781,24.481268129211],[39.6621521341591,24.4811400440824],[39.6621584365062,24.4811457784402],[39.6621864282214,24.4811712486986],[39.6623455241564,24.4813160232158],[39.6623260592738,24.4813393091082],[39.6622435118644,24.4814435157957]]]}},{"type":"Feature","properties":{"code":"N27-18","name":"N27-18","land_use":"Low/Med Density Residential","sector":"North","gfa":455,"area":427.63,"floors":3,"height":12,"coverage":0,"far":1.06,"style":"PolyStyle0286"},"geometry":{"type":"Polygon","coordinates":[[[39.6590574796181,24.4813842290625],[39.6587996851267,24.4814876377284],[39.658740259,24.4813635635549],[39.6589981506777,24.4812602846192],[39.6590574796181,24.4813842290625]]]}},{"type":"Feature","properties":{"code":"N27-433","name":"N27-433","land_use":"Low/Med Density Residential","sector":"North","gfa":360,"area":343.53,"floors":3,"height":12,"coverage":0,"far":1.05,"style":"PolyStyle0286"},"geometry":{"type":"Polygon","coordinates":[[[39.662603527186,24.4813821643067],[39.6625227060523,24.4814756452034],[39.6625156313457,24.4814707351955],[39.6624841681916,24.4814489216519],[39.6623716806256,24.4813709390656],[39.6623260592738,24.4813393091082],[39.6623455241564,24.4813160232158],[39.662405135519,24.4812474823742],[39.6624067357199,24.4812456998006],[39.6624083329603,24.48124391724],[39.6624099341716,24.4812421391776],[39.6624115353686,24.4812403584059],[39.662413322992,24.4812383727089],[39.6624574504387,24.4812717341733],[39.6625662478045,24.4813539803106],[39.662596680028,24.4813769868807],[39.662603527186,24.4813821643067]]]}},{"type":"Feature","properties":{"code":"N08-4","name":"N08-4","land_use":"High Density Residential & Commercial","sector":"North","gfa":18112,"area":7675.75,"floors":11,"height":51,"coverage":0.74,"far":2.36,"style":"PolyStyle012"},"geometry":{"type":"Polygon","coordinates":[[[39.6669432021878,24.481454948042],[39.6669238983265,24.4814601332452],[39.6668497889833,24.4814349135202],[39.6668437329129,24.4814263307022],[39.6668355182882,24.4814146876689],[39.6667912740722,24.4813482724512],[39.6667414876405,24.4812852288061],[39.6666864642255,24.4812259432338],[39.6666265411644,24.4811707791947],[39.6665331227767,24.4810912633621],[39.6672436095958,24.4805051846687],[39.6679277187701,24.4811905228335],[39.6669432021878,24.481454948042]]]}},{"type":"Feature","properties":{"code":"N03-2","name":"N03-2","land_use":"Education","sector":"North","gfa":30011.7,"area":20006.99,"floors":4,"height":27.5,"coverage":0.76,"far":1.5,"style":"PolyStyle00"},"geometry":{"type":"Polygon","coordinates":[[[39.6730721919087,24.481188877623],[39.6721092255596,24.481444022954],[39.6716375139181,24.47993552989],[39.672444783508,24.4794952444568],[39.6724555627819,24.4794901606698],[39.6724669425978,24.4794863267542],[39.6724800222993,24.4794836070084],[39.6724824225379,24.47948328926],[39.6724876816005,24.4794827853853],[39.6724894415184,24.479482677304],[39.6724912025574,24.4794825945054],[39.6724945080436,24.4794825247008],[39.6724964915542,24.4794825239999],[39.6724981673416,24.479482554472],[39.6724995757831,24.4794826005841],[39.6725013367329,24.4794826866712],[39.6725037010205,24.4794828459356],[39.6725062156615,24.4794830722655],[39.6725077717986,24.4794832423522],[39.6725115165172,24.4794837476927],[39.6725148786695,24.4794843134396],[39.6725167328508,24.4794846736633],[39.6725187492464,24.4794851045122],[39.672520886406,24.4794856052676],[39.6725230070204,24.479486149447],[39.6725249065293,24.4794866828699],[39.6725276266131,24.4794875007387],[39.6725292863681,24.4794880424539],[39.6725317570508,24.4794889102019],[39.6725348155006,24.4794900778822],[39.6725382118314,24.47949150416],[39.6725396619886,24.4794921578932],[39.6725413665788,24.4794929658322],[39.6725435581818,24.4794940551863],[39.6725482196597,24.4794966029392],[39.6725495194509,24.4794973729424],[39.6725511649169,24.4794983825426],[39.6725543882638,24.4795004968727],[39.6725605476831,24.479505076323],[39.6725648540459,24.4795087645042],[39.6725674962058,24.4795112598331],[39.6725692026794,24.4795129790223],[39.6725737512164,24.4795180424965],[39.6725767764661,24.4795218754626],[39.6725785550133,24.4795243439295],[39.6725800241381,24.4795265238688],[39.6725833474873,24.4795320425561],[39.6725842106533,24.4795336562206],[39.6726181115114,24.4796031863497],[39.6726224281196,24.4796126996769],[39.6726294826176,24.4796286076241],[39.6726308712647,24.4796317985245],[39.6726322530042,24.4796349894557],[39.6726363568833,24.4796445823019],[39.6726471134088,24.4796705987648],[39.6726509359462,24.4796801729943],[39.6726534978725,24.4796866948357],[39.6726634519891,24.4797128729176],[39.6726883671403,24.4797856021869],[39.6731106418994,24.4811246725506],[39.6731125419911,24.4811335202065],[39.6731127411095,24.4811425352859],[39.6731112332507,24.4811514459861],[39.6731080638761,24.481159983651],[39.6731033285415,24.4811678908717],[39.673097170016,24.4811749292467],[39.673089773978,24.4811808865704],[39.6730813634166,24.4811855832303],[39.6730721919087,24.481188877623]]]}},{"type":"Feature","properties":{"code":"N27-203","name":"N27-203","land_use":"Low/Med Density Residential","sector":"North","gfa":455,"area":499.43,"floors":3,"height":12,"coverage":0,"far":0.91,"style":"PolyStyle0286"},"geometry":{"type":"Polygon","coordinates":[[[39.6609199685772,24.4814326130588],[39.6607361657942,24.48150084761],[39.6606999689161,24.4814187197573],[39.6606623370126,24.4813333387665],[39.6608462863709,24.4812654315028],[39.6608828916333,24.4812519167597],[39.6608911306585,24.4812488768997],[39.6609649626531,24.4814163865181],[39.6609565738793,24.4814190982973],[39.6609199685772,24.4814326130588]]]}},{"type":"Feature","properties":{"code":"N27-201","name":"N27-201","land_use":"Low/Med Density Residential","sector":"North","gfa":340,"area":330,"floors":3,"height":12,"coverage":0,"far":1.03,"style":"PolyStyle0286"},"geometry":{"type":"Polygon","coordinates":[[[39.6604794089252,24.4815001370099],[39.6604711718612,24.4815031795486],[39.6604224478485,24.4813926225125],[39.6604306691411,24.4813895845612],[39.6604676478061,24.481375937331],[39.6605988902236,24.48132748937],[39.6606512398009,24.4813081619158],[39.6606623370126,24.4813333387665],[39.6606999689161,24.4814187197573],[39.6605160143105,24.4814866250633],[39.6604816969471,24.4814992925127],[39.6604794089252,24.4815001370099]]]}},{"type":"Feature","properties":{"code":"N27-459","name":"N27-459","land_use":"Low/Med Density Residential","sector":"North","gfa":475,"area":533.99,"floors":3,"height":12,"coverage":0,"far":0.89,"style":"PolyStyle0286"},"geometry":{"type":"Polygon","coordinates":[[[39.6615590574391,24.4814891614555],[39.6614600621785,24.4815257075693],[39.6613862294718,24.4813581991137],[39.6615810009582,24.4812862977988],[39.6616176081314,24.48127278558],[39.6616258421863,24.4812697420894],[39.6616592954201,24.4813120753053],[39.6616968470473,24.4813514246415],[39.6617004376839,24.4813924716119],[39.6616705292961,24.4814227353289],[39.6616366100403,24.4814492207468],[39.6615992451894,24.4814714864775],[39.6615590574391,24.4814891614555]]]}},{"type":"Feature","properties":{"code":"N27-198","name":"N27-198","land_use":"Low/Med Density Residential","sector":"North","gfa":455,"area":495.23,"floors":3,"height":12,"coverage":0,"far":0.92,"style":"PolyStyle0286"},"geometry":{"type":"Polygon","coordinates":[[[39.6602962437615,24.4814684258456],[39.6601132048622,24.4815359943104],[39.660039048322,24.4813677405945],[39.6600242802002,24.4813342420188],[39.6600209686129,24.4813267216559],[39.6601765500509,24.4812692890305],[39.6602150804406,24.4812842806244],[39.6602962437615,24.4814684258456]]]}},{"type":"Feature","properties":{"code":"N27-432","name":"N27-432","land_use":"Low/Med Density Residential","sector":"North","gfa":360,"area":343.05,"floors":3,"height":12,"coverage":0,"far":1.05,"style":"PolyStyle0286"},"geometry":{"type":"Polygon","coordinates":[[[39.6625227060523,24.4814756452034],[39.662446258546,24.4815721549491],[39.6624389622722,24.4815675240739],[39.6624065246302,24.4815469412406],[39.6622905498775,24.4814733613003],[39.6622435118644,24.4814435157957],[39.6623260592738,24.4813393091082],[39.6623716806256,24.4813709390656],[39.6624841681916,24.4814489216519],[39.6625156313457,24.4814707351955],[39.6625227060523,24.4814756452034]]]}},{"type":"Feature","properties":{"code":"N27-12","name":"N27-12","land_use":"Low/Med Density Residential","sector":"North","gfa":455,"area":427.87,"floors":3,"height":12,"coverage":0,"far":1.06,"style":"PolyStyle0286"},"geometry":{"type":"Polygon","coordinates":[[[39.6587996851267,24.4814876377284],[39.6585418921691,24.4815910441471],[39.6584824837928,24.481466929152],[39.658740259,24.4813635635549],[39.6587996851267,24.4814876377284]]]}},{"type":"Feature","properties":{"code":"N27-19","name":"N27-19","land_use":"Low/Med Density Residential","sector":"North","gfa":340,"area":339.22,"floors":3,"height":12,"coverage":0,"far":1,"style":"PolyStyle0286"},"geometry":{"type":"Polygon","coordinates":[[[39.65800111672,24.4815754444404],[39.6579487486442,24.4815964409562],[39.6578972966545,24.4814797093981],[39.6579503106061,24.4814601415523],[39.6580812143067,24.4814118182566],[39.658117852432,24.4813982931975],[39.6581260915321,24.4813952525837],[39.6581748175099,24.4815058112887],[39.6581303819971,24.4815236358249],[39.65800111672,24.4815754444404]]]}},{"type":"Feature","properties":{"code":"N27-199","name":"N27-199","land_use":"Low/Med Density Residential","sector":"North","gfa":340,"area":385.99,"floors":3,"height":12,"coverage":0,"far":0.88,"style":"PolyStyle0286"},"geometry":{"type":"Polygon","coordinates":[[[39.659992401468,24.4815805895478],[39.659971827938,24.4815881826489],[39.6598795909027,24.4813789117159],[39.6600209686129,24.4813267216559],[39.6600242802002,24.4813342420188],[39.660039048322,24.4813677405945],[39.6601132048622,24.4815359943104],[39.659992401468,24.4815805895478]]]}},{"type":"Feature","properties":{"code":"N27-463","name":"N27-463","land_use":"Low/Med Density Residential","sector":"North","gfa":475,"area":495.5,"floors":3,"height":12,"coverage":0,"far":0.96,"style":"PolyStyle0286"},"geometry":{"type":"Polygon","coordinates":[[[39.6614600621785,24.4815257075693],[39.6612587236574,24.4816000334876],[39.6612201930537,24.4815850421652],[39.6611574359607,24.4814426581139],[39.6611656700523,24.4814396173574],[39.6612022763155,24.4814261025326],[39.6613862294718,24.4813581991137],[39.6614600621785,24.4815257075693]]]}},{"type":"Feature","properties":{"code":"N27-351","name":"N27-351","land_use":"Low/Med Density Residential","sector":"North","gfa":475,"area":566.88,"floors":3,"height":12,"coverage":0,"far":0.84,"style":"PolyStyle0286"},"geometry":{"type":"Polygon","coordinates":[[[39.6629697633223,24.4815734050588],[39.6629508107539,24.4815935016295],[39.6627849289575,24.4814639292543],[39.6627549048537,24.4814404738827],[39.6627481469758,24.4814351985338],[39.6627502441335,24.4814329613075],[39.6627523392796,24.4814307168649],[39.6627539104504,24.4814290445972],[39.6627554796427,24.481427371435],[39.6628239030306,24.4813570870829],[39.6628949670037,24.4812890327444],[39.6629012772195,24.481294754392],[39.6629293339415,24.4813201664235],[39.6630847635247,24.4814601795668],[39.6630819557555,24.4814627757506],[39.6630803284798,24.4814642866073],[39.6630787149533,24.4814657847599],[39.6630771073618,24.4814672855958],[39.6630754967956,24.4814687837353],[39.6630738892135,24.4814702863773],[39.6630722836098,24.4814717899138],[39.6630706790022,24.4814732952522],[39.6630690743947,24.4814748005906],[39.6630674737438,24.4814763077178],[39.6630658721061,24.4814778148493],[39.6630642734383,24.4814793237741],[39.6630626865743,24.481480825422],[39.6630610800781,24.4814823470249],[39.6630594853764,24.4814838595447],[39.6630578936492,24.4814853747609],[39.6630562999436,24.4814868890826],[39.66305471121,24.4814884106075],[39.6630531204648,24.4814899249161],[39.6630515337,24.4814914455292],[39.6630499479173,24.4814929652349],[39.6630483651091,24.4814944876368],[39.6630467793357,24.4814960091487],[39.6630451985201,24.4814975351544],[39.6630436157212,24.4814990593625],[39.6630420388622,24.4815005871571],[39.6630404610069,24.4815021131497],[39.6630388861404,24.4815036445481],[39.6630373083039,24.4815051741532],[39.6630357364072,24.4815067073447],[39.6630341645058,24.4815082396331],[39.6630325955742,24.4815097737147],[39.6630310256605,24.4815113087037],[39.6630294587309,24.4815128481953],[39.6630278917728,24.4815143822682],[39.6630263278083,24.4815159226499],[39.6630247638438,24.4815174630315],[39.6630232028491,24.4815190052064],[39.6630216418686,24.4815205500906],[39.6630200838296,24.4815220913493],[39.6630185248226,24.4815236362248],[39.6630143495714,24.4815277926986],[39.6630092103995,24.4815329333006],[39.6630076652598,24.4815344880496],[39.6630061181512,24.4815360437103],[39.6630045759766,24.4815375993494],[39.6630030308509,24.4815391568076],[39.6630014896867,24.4815407169579],[39.6629999475357,24.4815422771124],[39.6629984113055,24.481543837241],[39.6629968741026,24.4815454000832],[39.6629933079322,24.481549030067],[39.662990740131,24.4815516586119],[39.6629892118471,24.4815532286399],[39.662987682567,24.481554796866],[39.6629697633223,24.4815734050588]]]}},{"type":"Feature","properties":{"code":"N27-17","name":"N27-17","land_use":"Low/Med Density Residential","sector":"North","gfa":455,"area":427.84,"floors":3,"height":12,"coverage":0,"far":1.06,"style":"PolyStyle0286"},"geometry":{"type":"Polygon","coordinates":[[[39.6591168725864,24.4815083177003],[39.6588590798507,24.4816117228492],[39.6587996851267,24.4814876377284],[39.6590574796181,24.4813842290625],[39.6591168725864,24.4815083177003]]]}},{"type":"Feature","properties":{"code":"N27-202","name":"N27-202","land_use":"Low/Med Density Residential","sector":"North","gfa":340,"area":375.5,"floors":3,"height":12,"coverage":0,"far":0.91,"style":"PolyStyle0286"},"geometry":{"type":"Polygon","coordinates":[[[39.6607560793274,24.4815460272942],[39.660554740337,24.4816203522834],[39.6605162098106,24.4816053616829],[39.6604711718612,24.4815031795486],[39.6604794089252,24.4815001370099],[39.6604816969471,24.4814992925127],[39.6605160143105,24.4814866250633],[39.6606999689161,24.4814187197573],[39.6607361657942,24.48150084761],[39.6607560793274,24.4815460272942]]]}},{"type":"Feature","properties":{"code":"N27-464","name":"N27-464","land_use":"Low/Med Density Residential","sector":"North","gfa":360,"area":398,"floors":3,"height":12,"coverage":0,"far":0.91,"style":"PolyStyle0286"},"geometry":{"type":"Polygon","coordinates":[[[39.6608479284243,24.4816144035484],[39.6607948498562,24.481633992556],[39.6607560793274,24.4815460272942],[39.6607361657942,24.48150084761],[39.6609199685772,24.4814326130588],[39.6609565738793,24.4814190982973],[39.6609649626531,24.4814163865181],[39.6610236459254,24.4815495313767],[39.6610154019927,24.4815525793937],[39.6609787956533,24.4815660905618],[39.6608479284243,24.4816144035484]]]}},{"type":"Feature","properties":{"code":"N12-3","name":"N12-3","land_use":"Education","sector":"North","gfa":732.6,"area":1465.25,"floors":2,"height":20,"coverage":0.69,"far":0.5,"style":"PolyStyle00"},"geometry":{"type":"Polygon","coordinates":[[[39.6665591349418,24.4815581081193],[39.6662854853617,24.4816316019117],[39.6660912078901,24.4814557429291],[39.6663859369937,24.4812126595311],[39.666491768224,24.4813027415158],[39.666537504906,24.4813445377461],[39.6665794433814,24.4813895470388],[39.66661731508,24.481437481163],[39.6666481361894,24.4814886430146],[39.6666245667341,24.4815407556414],[39.6665591349418,24.4815581081193]]]}},{"type":"Feature","properties":{"code":"N27-444","name":"N27-444","land_use":"Low/Med Density Residential","sector":"North","gfa":750,"area":880.21,"floors":3,"height":12,"coverage":0,"far":0.85,"style":"PolyStyle0286"},"geometry":{"type":"Polygon","coordinates":[[[39.6620931562083,24.4816610014259],[39.6620838288291,24.4816701007167],[39.6618767503718,24.4814817080785],[39.6618487753427,24.4814562223375],[39.6618395012362,24.481447773528],[39.6618919741585,24.4813845035099],[39.6619503757245,24.4813257451653],[39.6620129753781,24.481268129211],[39.6620192737877,24.481273865398],[39.662047259612,24.4812993411264],[39.6622281678575,24.4814639486803],[39.6622224225377,24.4814716911265],[39.6622152037782,24.4814814910436],[39.6622124073336,24.4814853118086],[39.6622040555736,24.4814967883887],[39.6622014004596,24.4815004613235],[39.6621739192252,24.4815391726044],[39.6621712168141,24.4815430480475],[39.6621704675275,24.4815441269618],[39.6621658317893,24.4815508105875],[39.6621631501623,24.4815546976801],[39.6621604744703,24.4815585874561],[39.6621004752048,24.4816494200993],[39.6620931562083,24.4816610014259]]]}},{"type":"Feature","properties":{"code":"N27-431","name":"N27-431","land_use":"Low/Med Density Residential","sector":"North","gfa":360,"area":343.73,"floors":3,"height":12,"coverage":0,"far":1.05,"style":"PolyStyle0286"},"geometry":{"type":"Polygon","coordinates":[[[39.662446258546,24.4815721549491],[39.6623743140574,24.4816715259034],[39.662366804143,24.4816671804481],[39.6623334474738,24.4816478669167],[39.6622142013159,24.4815788169213],[39.6621658317893,24.4815508105875],[39.6621704675275,24.4815441269618],[39.6621712168141,24.4815430480475],[39.6621739192252,24.4815391726044],[39.6622014004596,24.4815004613235],[39.6622040555736,24.4814967883887],[39.6622124073336,24.4814853118086],[39.6622152037782,24.4814814910436],[39.6622224225377,24.4814716911265],[39.6622281678575,24.4814639486803],[39.6622435118644,24.4814435157957],[39.6622905498775,24.4814733613003],[39.6624065246302,24.4815469412406],[39.6624389622722,24.4815675240739],[39.662446258546,24.4815721549491]]]}},{"type":"Feature","properties":{"code":"N27-11","name":"N27-11","land_use":"Low/Med Density Residential","sector":"North","gfa":455,"area":427.84,"floors":3,"height":12,"coverage":0,"far":1.06,"style":"PolyStyle0286"},"geometry":{"type":"Polygon","coordinates":[[[39.6588590798507,24.4816117228492],[39.6586012847156,24.4817151284774],[39.6585418921691,24.4815910441471],[39.6587996851267,24.4814876377284],[39.6588590798507,24.4816117228492]]]}},{"type":"Feature","properties":{"code":"N27-6","name":"N27-6","land_use":"Low/Med Density Residential","sector":"North","gfa":455,"area":577.72,"floors":3,"height":12,"coverage":0,"far":0.79,"style":"PolyStyle0286"},"geometry":{"type":"Polygon","coordinates":[[[39.6583542946356,24.4815817539458],[39.6580041393962,24.4817221252476],[39.6579487486442,24.4815964409562],[39.65800111672,24.4815754444404],[39.6581303819971,24.4815236358249],[39.6581748175099,24.4815058112887],[39.6582948994439,24.4814576713289],[39.6583542946356,24.4815817539458]]]}},{"type":"Feature","properties":{"code":"N27-16","name":"N27-16","land_use":"Low/Med Density Residential","sector":"North","gfa":455,"area":427.83,"floors":3,"height":12,"coverage":0,"far":1.06,"style":"PolyStyle0286"},"geometry":{"type":"Polygon","coordinates":[[[39.6591762676097,24.4816323990768],[39.6589184727199,24.4817358079508],[39.6588590798507,24.4816117228492],[39.6591168725864,24.4815083177003],[39.6591762676097,24.4816323990768]]]}},{"type":"Feature","properties":{"code":"N27-197","name":"N27-197","land_use":"Low/Med Density Residential","sector":"North","gfa":455,"area":495.52,"floors":3,"height":12,"coverage":0,"far":0.92,"style":"PolyStyle0286"},"geometry":{"type":"Polygon","coordinates":[[[39.6603610761786,24.4816879476385],[39.6602054943192,24.4817453804599],[39.6602021699519,24.4817378737046],[39.6601874036917,24.481704370624],[39.6601132048622,24.4815359943104],[39.6602962437615,24.4814684258456],[39.6603774572687,24.4816526863963],[39.6603610761786,24.4816879476385]]]}},{"type":"Feature","properties":{"code":"N27-350","name":"N27-350","land_use":"Low/Med Density Residential","sector":"North","gfa":475,"area":566.84,"floors":3,"height":12,"coverage":0,"far":0.84,"style":"PolyStyle0286"},"geometry":{"type":"Polygon","coordinates":[[[39.6628344672316,24.4817274507569],[39.6628283256368,24.4817350829759],[39.6626524748456,24.481617031196],[39.6626206458802,24.4815956645308],[39.6626134809197,24.4815908587838],[39.6626221061167,24.4815801576757],[39.6626307593027,24.4815695250824],[39.6626389031445,24.4815596208406],[39.6626399984911,24.4815582929481],[39.6626487068099,24.4815478244819],[39.6626576137265,24.4815372142556],[39.6626665692985,24.4815266616157],[39.6626755705274,24.4815161593504],[39.662684901916,24.481505386503],[39.6626939022845,24.4814950973796],[39.6627029610914,24.4814848495432],[39.6627120724205,24.4814746439231],[39.6627136029626,24.4814729393213],[39.6627151325131,24.4814712338207],[39.6627228120132,24.4814627386908],[39.6627305291534,24.4814542704893],[39.6627320805174,24.4814525847617],[39.6627336279105,24.4814508945358],[39.6627411365317,24.4814427469572],[39.6627481469758,24.4814351985338],[39.6627549048537,24.4814404738827],[39.6627849289575,24.4814639292543],[39.6629508107539,24.4815935016295],[39.6629417956006,24.4816032263755],[39.6629367116983,24.4816087460478],[39.662932832946,24.4816129888221],[39.6629285186013,24.4816177211989],[39.6629239247874,24.4816227934762],[39.6629209430984,24.4816260993787],[39.6629150750863,24.48163264303],[39.6629104110343,24.4816378709538],[39.6629059178698,24.4816429418859],[39.6629017613146,24.4816476546037],[39.6628970977347,24.4816529728383],[39.6628904439742,24.4816606045977],[39.6628883252163,24.4816630514472],[39.6628855385038,24.481666277921],[39.6628796072459,24.481673182198],[39.6628745393442,24.4816791199481],[39.6628709408395,24.481683360588],[39.6628673473396,24.4816876147527],[39.6628624937258,24.4816933917079],[39.6628613580628,24.4816947468728],[39.6628565331041,24.4817005309271],[39.6628538627826,24.4817037469551],[39.6628530155174,24.4817047712115],[39.6628450373346,24.4817144606954],[39.6628386461346,24.4817222936021],[39.6628366615773,24.4817247389589],[39.6628344672316,24.4817274507569]]]}},{"type":"Feature","properties":{"code":"N27-465","name":"N27-465","land_use":"Low/Med Density Residential","sector":"North","gfa":360,"area":330,"floors":3,"height":12,"coverage":0,"far":1.09,"style":"PolyStyle0286"},"geometry":{"type":"Polygon","coordinates":[[[39.6608966617582,24.4817249567831],[39.660843581202,24.4817445503325],[39.6608099757857,24.4816683104329],[39.6607948498562,24.481633992556],[39.6608479284243,24.4816144035484],[39.6609787956533,24.4815660905618],[39.6610154019927,24.4815525793937],[39.6610236459254,24.4815495313767],[39.6610723734877,24.4816600890944],[39.6610641334727,24.4816631325813],[39.6610275281128,24.4816766473697],[39.6608966617582,24.4817249567831]]]}},{"type":"Feature","properties":{"code":"N27-OS4","name":"N27-OS4","land_use":"Open Space","sector":"North","gfa":0,"area":3951.95,"floors":0,"height":0,"coverage":0,"far":0,"style":"PolyStyle02"},"geometry":{"type":"Polygon","coordinates":[[[39.6594838580861,24.4817683146466],[39.6594539721237,24.4817790262048],[39.6594261024226,24.4817208425541],[39.659405769618,24.4817290025982],[39.6591784496539,24.4812543366186],[39.6591779335102,24.481252971988],[39.6591776616321,24.4812515495134],[39.6591776409714,24.4812501055654],[39.6591778720561,24.4812486770632],[39.6591783489779,24.4812473005316],[39.6591790595425,24.4812460111662],[39.659179985582,24.481244841934],[39.659181103419,24.4812438227306],[39.6591823844722,24.4812429796152],[39.659183795987,24.4812423341451],[39.6595200359536,24.4811182140531],[39.6595195338973,24.48109308027],[39.6597208579491,24.4810187666592],[39.6598061328639,24.4812122488526],[39.6598209009275,24.4812457501611],[39.6598242194556,24.4812532795297],[39.6598795909027,24.4813789117159],[39.659971827938,24.4815881826489],[39.6598716009377,24.481625182871],[39.6597507934219,24.4816697779355],[39.6596299897661,24.4817143728877],[39.6594838580861,24.4817683146466]]]}},{"type":"Feature","properties":{"code":"N27-430","name":"N27-430","land_use":"Low/Med Density Residential","sector":"North","gfa":360,"area":342.98,"floors":3,"height":12,"coverage":0,"far":1.05,"style":"PolyStyle0286"},"geometry":{"type":"Polygon","coordinates":[[[39.6623240065394,24.481746874391],[39.6623070078471,24.4817735804659],[39.6622993040702,24.481769528472],[39.6622650877536,24.4817515173983],[39.6621427711514,24.4816871210999],[39.6620931562083,24.4816610014259],[39.6621004752048,24.4816494200993],[39.6621604744703,24.4815585874561],[39.6621631501623,24.4815546976801],[39.6621658317893,24.4815508105875],[39.6622142013159,24.4815788169213],[39.6623334474738,24.4816478669167],[39.662366804143,24.4816671804481],[39.6623743140574,24.4816715259034],[39.6623264596723,24.481743074095],[39.6623252340974,24.4817449751418],[39.6623240065394,24.481746874391]]]}},{"type":"Feature","properties":{"code":"N27-196","name":"N27-196","land_use":"Low/Med Density Residential","sector":"North","gfa":340,"area":330.01,"floors":3,"height":12,"coverage":0,"far":1.03,"style":"PolyStyle0286"},"geometry":{"type":"Polygon","coordinates":[[[39.6602054943192,24.4817453804599],[39.6600846897745,24.4817899757777],[39.6600813672171,24.481782436499],[39.660066453346,24.4817486296959],[39.6600135154599,24.4816285538641],[39.659992401468,24.4815805895478],[39.6601132048622,24.4815359943104],[39.6601874036917,24.481704370624],[39.6602021699519,24.4817378737046],[39.6602054943192,24.4817453804599]]]}},{"type":"Feature","properties":{"code":"N12-4","name":"N12-4","land_use":"Commercial","sector":"North","gfa":386.5,"area":773.06,"floors":2,"height":20,"coverage":0.55,"far":0.5,"style":"PolyStyle05"},"geometry":{"type":"Polygon","coordinates":[[[39.6662854853617,24.4816316019117],[39.6656812213068,24.4817938861193],[39.6660348573041,24.4815022190574],[39.6660912078901,24.4814557429291],[39.6662854853617,24.4816316019117]]]}},{"type":"Feature","properties":{"code":"N27-10","name":"N27-10","land_use":"Low/Med Density Residential","sector":"North","gfa":455,"area":427.84,"floors":3,"height":12,"coverage":0,"far":1.06,"style":"PolyStyle0286"},"geometry":{"type":"Polygon","coordinates":[[[39.6589184727199,24.4817358079508],[39.6586606803603,24.4818392163793],[39.6586012847156,24.4817151284774],[39.6588590798507,24.4816117228492],[39.6589184727199,24.4817358079508]]]}},{"type":"Feature","properties":{"code":"N27-195","name":"N27-195","land_use":"Low/Med Density Residential","sector":"North","gfa":340,"area":329.97,"floors":3,"height":12,"coverage":0,"far":1.03,"style":"PolyStyle0286"},"geometry":{"type":"Polygon","coordinates":[[[39.6600846897745,24.4817899757777],[39.6599638841653,24.481834572811],[39.6599605616184,24.4818270344327],[39.6599567227433,24.4818183206257],[39.6599456476042,24.4817931951052],[39.6598927096471,24.4816730876209],[39.6598716009377,24.481625182871],[39.659971827938,24.4815881826489],[39.659992401468,24.4815805895478],[39.6600135154599,24.4816285538641],[39.660066453346,24.4817486296959],[39.6600813672171,24.481782436499],[39.6600846897745,24.4817899757777]]]}},{"type":"Feature","properties":{"code":"N27-5","name":"N27-5","land_use":"Low/Med Density Residential","sector":"North","gfa":455,"area":584.38,"floors":3,"height":12,"coverage":0,"far":0.78,"style":"PolyStyle0286"},"geometry":{"type":"Polygon","coordinates":[[[39.6584136869954,24.481705838354],[39.65805953324,24.4818478131137],[39.6580041393962,24.4817221252476],[39.6583542946356,24.4815817539458],[39.6584136869954,24.481705838354]]]}},{"type":"Feature","properties":{"code":"N27-445","name":"N27-445","land_use":"Low/Med Density Residential","sector":"North","gfa":750,"area":926.11,"floors":3,"height":12,"coverage":0,"far":0.81,"style":"PolyStyle0286"},"geometry":{"type":"Polygon","coordinates":[[[39.6619932294,24.4817584709206],[39.661918256764,24.4818316117287],[39.6618733476204,24.4818308755592],[39.6616856499974,24.4816317687898],[39.6616799143113,24.4816256986751],[39.6616598285098,24.4816044438365],[39.6616540567576,24.4815982700186],[39.6617069841609,24.4815696253896],[39.661755607538,24.4815351785388],[39.6617991717472,24.4814954644431],[39.6618370002204,24.481451099882],[39.6618395012362,24.481447773528],[39.6618487753427,24.4814562223375],[39.6618767503718,24.4814817080785],[39.6620838288291,24.4816701007167],[39.6619932294,24.4817584709206]]]}},{"type":"Feature","properties":{"code":"N27-15","name":"N27-15","land_use":"Low/Med Density Residential","sector":"North","gfa":455,"area":427.84,"floors":3,"height":12,"coverage":0,"far":1.06,"style":"PolyStyle0286"},"geometry":{"type":"Polygon","coordinates":[[[39.659235663767,24.4817564858399],[39.658977868664,24.4818598921084],[39.6589184727199,24.4817358079508],[39.6591762676097,24.4816323990768],[39.659235663767,24.4817564858399]]]}},{"type":"Feature","properties":{"code":"N27-194","name":"N27-194","land_use":"Low/Med Density Residential","sector":"North","gfa":340,"area":330,"floors":3,"height":12,"coverage":0,"far":1.03,"style":"PolyStyle0286"},"geometry":{"type":"Polygon","coordinates":[[[39.6599638841653,24.481834572811],[39.6598430804142,24.481879164322],[39.6598397578827,24.4818716277471],[39.6598364832841,24.4818641993387],[39.6598248438949,24.4818377884074],[39.6597719040627,24.4817176817911],[39.6597507934219,24.4816697779355],[39.6598716009377,24.481625182871],[39.6598927096471,24.4816730876209],[39.6599456476042,24.4817931951052],[39.6599567227433,24.4818183206257],[39.6599605616184,24.4818270344327],[39.6599638841653,24.481834572811]]]}},{"type":"Feature","properties":{"code":"N27-466","name":"N27-466","land_use":"Low/Med Density Residential","sector":"North","gfa":360,"area":397.42,"floors":3,"height":12,"coverage":0,"far":0.91,"style":"PolyStyle0286"},"geometry":{"type":"Polygon","coordinates":[[[39.6609864939486,24.4818466021702],[39.6609022654956,24.4818776952277],[39.660843581202,24.4817445503325],[39.6608966617582,24.4817249567831],[39.6610275281128,24.4816766473697],[39.6610641334727,24.4816631325813],[39.6610723734877,24.4816600890944],[39.6611310599661,24.4817932365986],[39.6609864939486,24.4818466021702]]]}},{"type":"Feature","properties":{"code":"N27-446","name":"N27-446","land_use":"Low/Med Density Residential","sector":"North","gfa":475,"area":690.21,"floors":3,"height":12,"coverage":0,"far":0.69,"style":"PolyStyle0286"},"geometry":{"type":"Polygon","coordinates":[[[39.6616343013432,24.4818591078669],[39.6615624591503,24.4818787323582],[39.6614877652406,24.4817092742629],[39.6614729996336,24.4816757713107],[39.6614696770021,24.4816682329672],[39.6616144326851,24.4816147947608],[39.6616540567576,24.4815982700186],[39.6616598285098,24.4816044438365],[39.6616799143113,24.4816256986751],[39.6616856499974,24.4816317687898],[39.6618733476204,24.4818308755592],[39.6618483569631,24.481831281275],[39.6618455794234,24.4818313620817],[39.6618317041337,24.4818318744358],[39.6618289297812,24.4818319985785],[39.6617833496659,24.4818350752224],[39.6617379763519,24.4818400971176],[39.6617185243165,24.4818428555937],[39.6617157830816,24.4818432740103],[39.6616993749371,24.4818459333534],[39.6616973300524,24.4818462827909],[39.6616667155843,24.4818520126872],[39.6616640056394,24.4818525646293],[39.6616369921279,24.4818584774368],[39.6616343013432,24.4818591078669]]]}},{"type":"Feature","properties":{"code":"N27-429","name":"N27-429","land_use":"Low/Med Density Residential","sector":"North","gfa":360,"area":368.88,"floors":3,"height":12,"coverage":0,"far":0.98,"style":"PolyStyle0286"},"geometry":{"type":"Polygon","coordinates":[[[39.662276288854,24.4818236222003],[39.6622444524566,24.4818781366196],[39.6622365755253,24.481874375287],[39.662201558965,24.4818577043425],[39.6620763846983,24.4817980809265],[39.6619932294,24.4817584709206],[39.6620838288291,24.4816701007167],[39.6620931562083,24.4816610014259],[39.6621427711514,24.4816871210999],[39.6622650877536,24.4817515173983],[39.6622993040702,24.481769528472],[39.6623070078471,24.4817735804659],[39.6623046051921,24.4817774094406],[39.6623034083242,24.4817793275209],[39.6623022094637,24.4817812419973],[39.6623010155561,24.4817831600646],[39.6622998196749,24.4817850781406],[39.6622986297288,24.4817869988998],[39.6622974377995,24.4817889178616],[39.6622962498363,24.4817908404184],[39.6622950618637,24.481792761169],[39.6622938788299,24.4817946828011],[39.6622926918582,24.4817966062567],[39.66229150983,24.4817985314968],[39.6622903287792,24.4818004549265],[39.6622879726266,24.4818043071784],[39.662285621427,24.4818081630212],[39.6622786103881,24.4818197547471],[39.662276288854,24.4818236222003]]]}},{"type":"Feature","properties":{"code":"N27-349","name":"N27-349","land_use":"Low/Med Density Residential","sector":"North","gfa":475,"area":566.64,"floors":3,"height":12,"coverage":0,"far":0.84,"style":"PolyStyle0286"},"geometry":{"type":"Polygon","coordinates":[[[39.6627425502569,24.4818486758888],[39.6627175577569,24.4818845269667],[39.6625326867099,24.4817786472934],[39.6624992261591,24.481759482369],[39.6624923273955,24.4817542527834],[39.6625344897614,24.4816944223509],[39.66253582521,24.481692585846],[39.6625371586755,24.4816907475436],[39.6625505993338,24.4816724435295],[39.6625533068747,24.4816687956466],[39.6626134809197,24.4815908587838],[39.6626206458802,24.4815956645308],[39.6626524748456,24.481617031196],[39.6628283256368,24.4817350829759],[39.6627845638989,24.4817913266449],[39.6627425502569,24.4818486758888]]]}},{"type":"Feature","properties":{"code":"N27-193","name":"N27-193","land_use":"Low/Med Density Residential","sector":"North","gfa":340,"area":329.99,"floors":3,"height":12,"coverage":0,"far":1.03,"style":"PolyStyle0286"},"geometry":{"type":"Polygon","coordinates":[[[39.6598430804142,24.481879164322],[39.6597222795552,24.4819237593374],[39.6597189520625,24.4819162164595],[39.6597174720481,24.4819128578527],[39.6597040391116,24.4818823816187],[39.6596511033347,24.4817622776509],[39.6596299897661,24.4817143728877],[39.6597507934219,24.4816697779355],[39.6597719040627,24.4817176817911],[39.6598248438949,24.4818377884074],[39.6598364832841,24.4818641993387],[39.6598397578827,24.4818716277471],[39.6598430804142,24.481879164322]]]}},{"type":"Feature","properties":{"code":"N27-224","name":"N27-224","land_use":"Low/Med Density Residential","sector":"North","gfa":340,"area":330,"floors":3,"height":12,"coverage":0,"far":1.03,"style":"PolyStyle0286"},"geometry":{"type":"Polygon","coordinates":[[[39.6608656915729,24.4818911980996],[39.6607814620865,24.4819222938045],[39.660760068445,24.4818737564345],[39.66070727147,24.4817539656331],[39.6607056576273,24.4817503068786],[39.6606924951128,24.4817204445858],[39.6606891725167,24.481712904418],[39.6608099757857,24.4816683104329],[39.660843581202,24.4817445503325],[39.6609022654956,24.4818776952277],[39.6608656915729,24.4818911980996]]]}},{"type":"Feature","properties":{"code":"N12-2","name":"N12-2","land_use":"High Density Residential & Commercial","sector":"North","gfa":22762.8,"area":9646.7,"floors":11,"height":51,"coverage":0.75,"far":2.36,"style":"PolyStyle012"},"geometry":{"type":"Polygon","coordinates":[[[39.6649053349581,24.4817361267284],[39.664697216213,24.4819101177956],[39.6646320637729,24.4818833221686],[39.6645700372145,24.4818509035693],[39.6645117142616,24.4818131639499],[39.6644576381407,24.4817704548235],[39.663952707899,24.4813310118892],[39.6639233932115,24.4813054990103],[39.6639216401456,24.4812416589209],[39.6639516463791,24.4812127812714],[39.6645095737323,24.4806990355822],[39.6647440150177,24.4809122784851],[39.6649014036878,24.4810554357592],[39.6652932368326,24.4814118339485],[39.664995226124,24.4816609761619],[39.6649053349581,24.4817361267284]]]}},{"type":"Feature","properties":{"code":"N03-1","name":"N03-1","land_use":"Community Facilities","sector":"North","gfa":5986.8,"area":27975.81,"floors":4,"height":25,"coverage":0.8,"far":0.21,"style":"PolyStyle027"},"geometry":{"type":"Polygon","coordinates":[[[39.6704717107663,24.4818778633695],[39.6704432044056,24.4818854154247],[39.6703820878388,24.4818545981774],[39.6703697961086,24.4818157404299],[39.6703395616394,24.4817193262984],[39.6703000909947,24.4816064243703],[39.6702532508279,24.4814959069207],[39.6701992117386,24.4813881764273],[39.6701381705411,24.4812836252175],[39.6700703495485,24.4811826340394],[39.6699959957619,24.4810855706759],[39.6699153799716,24.480992788605],[39.6698719290382,24.4809498061993],[39.6698808067676,24.4808935442234],[39.6699404692197,24.4808610062749],[39.6716372518742,24.4799356150461],[39.6716679591672,24.4800338150277],[39.6716844788332,24.4800866451803],[39.6721089544685,24.4814440774448],[39.6712405070002,24.4816741737951],[39.6704858057763,24.4818741286827],[39.6704717107663,24.4818778633695]]]}},{"type":"Feature","properties":{"code":"N27-447","name":"N27-447","land_use":"Low/Med Density Residential","sector":"North","gfa":475,"area":495.73,"floors":3,"height":12,"coverage":0,"far":0.96,"style":"PolyStyle0286"},"geometry":{"type":"Polygon","coordinates":[[[39.6615106494755,24.4818963969047],[39.6613789489666,24.4819452269794],[39.6612977148729,24.4817609300636],[39.6613140966809,24.481725666012],[39.6614696770021,24.4816682329672],[39.6614729996336,24.4816757713107],[39.6614877652406,24.4817092742629],[39.6615624591503,24.4818787323582],[39.6615106494755,24.4818963969047]]]}},{"type":"Feature","properties":{"code":"N27-9","name":"N27-9","land_use":"Low/Med Density Residential","sector":"North","gfa":455,"area":427.83,"floors":3,"height":12,"coverage":0,"far":1.06,"style":"PolyStyle0286"},"geometry":{"type":"Polygon","coordinates":[[[39.658977868664,24.4818598921084],[39.6587200751089,24.4819632988391],[39.6586606803603,24.4818392163793],[39.6589184727199,24.4817358079508],[39.658977868664,24.4818598921084]]]}},{"type":"Feature","properties":{"code":"N27-4","name":"N27-4","land_use":"Low/Med Density Residential","sector":"North","gfa":455,"area":591.04,"floors":3,"height":12,"coverage":0,"far":0.77,"style":"PolyStyle0286"},"geometry":{"type":"Polygon","coordinates":[[[39.658473084427,24.4818299263252],[39.65811492722,24.4819735054707],[39.65805953324,24.4818478131137],[39.6584136869954,24.481705838354],[39.658473084427,24.4818299263252]]]}},{"type":"Feature","properties":{"code":"N27-223","name":"N27-223","land_use":"Low/Med Density Residential","sector":"North","gfa":340,"area":330,"floors":3,"height":12,"coverage":0,"far":1.03,"style":"PolyStyle0286"},"geometry":{"type":"Polygon","coordinates":[[[39.660744886159,24.4819357957531],[39.6606606566023,24.4819668895855],[39.6606392519881,24.4819183224426],[39.6605864651306,24.4817985613572],[39.6605841522088,24.4817933143398],[39.6605716897628,24.4817650357779],[39.6605683701567,24.48175750011],[39.6606891725167,24.481712904418],[39.6606924951128,24.4817204445858],[39.6607056576273,24.4817503068786],[39.66070727147,24.4817539656331],[39.660760068445,24.4818737564345],[39.6607814620865,24.4819222938045],[39.660744886159,24.4819357957531]]]}},{"type":"Feature","properties":{"code":"N12-OS1","name":"N12-OS1","land_use":"Open Space","sector":"North","gfa":820.2,"area":8369.21,"floors":2,"height":20,"coverage":0,"far":0.1,"style":"PolyStyle02"},"geometry":{"type":"Polygon","coordinates":[[[39.6650385394196,24.4819538408065],[39.6649718933055,24.4819569113129],[39.6649328831696,24.4819561983672],[39.6648939713571,24.4819535668037],[39.6648279942886,24.4819447996676],[39.6648264552184,24.4819445011824],[39.664761061992,24.4819300272692],[39.6647581189564,24.481929224692],[39.664697216213,24.4819101177956],[39.6649053349581,24.4817361267284],[39.664995226124,24.4816609761619],[39.6652932368326,24.4814118339485],[39.6659625481385,24.4808522723932],[39.6661209918118,24.4809871411067],[39.6663859369937,24.4812126595311],[39.6660912078901,24.4814557429291],[39.6660348573041,24.4815022190574],[39.6656812213068,24.4817938861193],[39.6651760458003,24.4819295571092],[39.6651553260674,24.481934817864],[39.6651106947643,24.4819441405122],[39.6651076663,24.481944733656],[39.6650395059293,24.4819537272728],[39.6650385394196,24.4819538408065]]]}},{"type":"Feature","properties":{"code":"N27-14","name":"N27-14","land_use":"Low/Med Density Residential","sector":"North","gfa":455,"area":427.84,"floors":3,"height":12,"coverage":0,"far":1.06,"style":"PolyStyle0286"},"geometry":{"type":"Polygon","coordinates":[[[39.6592950570782,24.4818805716848],[39.6590372637449,24.4819839771457],[39.658977868664,24.4818598921084],[39.659235663767,24.4817564858399],[39.6592950570782,24.4818805716848]]]}},{"type":"Feature","properties":{"code":"N27-192","name":"N27-192","land_use":"Low/Med Density Residential","sector":"North","gfa":455,"area":523.06,"floors":3,"height":12,"coverage":0,"far":0.87,"style":"PolyStyle0286"},"geometry":{"type":"Polygon","coordinates":[[[39.6597222795552,24.4819237593374],[39.6595600339166,24.4819836500281],[39.6595206958155,24.4819689733775],[39.6594335016715,24.4817869068826],[39.6594539721237,24.4817790262048],[39.6594838580861,24.4817683146466],[39.6596299897661,24.4817143728877],[39.6596511033347,24.4817622776509],[39.6597040391116,24.4818823816187],[39.6597174720481,24.4819128578527],[39.6597189520625,24.4819162164595],[39.6597222795552,24.4819237593374]]]}},{"type":"Feature","properties":{"code":"N27-428","name":"N27-428","land_use":"Low/Med Density Residential","sector":"North","gfa":360,"area":422.24,"floors":3,"height":12,"coverage":0,"far":0.85,"style":"PolyStyle0286"},"geometry":{"type":"Polygon","coordinates":[[[39.6622444524566,24.4818781366196],[39.6621867594372,24.4819850114488],[39.6621787104651,24.4819815651572],[39.6621429598545,24.4819662494055],[39.6619165757988,24.4818692679494],[39.661918256764,24.4818316117287],[39.6619932294,24.4817584709206],[39.6620763846983,24.4817980809265],[39.662201558965,24.4818577043425],[39.6622365755253,24.481874375287],[39.6622444524566,24.4818781366196]]]}},{"type":"Feature","properties":{"code":"N27-222","name":"N27-222","land_use":"Low/Med Density Residential","sector":"North","gfa":340,"area":330,"floors":3,"height":12,"coverage":0,"far":1.03,"style":"PolyStyle0286"},"geometry":{"type":"Polygon","coordinates":[[[39.6606240826127,24.4819803896905],[39.6605398529952,24.4820114834566],[39.6605184604164,24.4819629460469],[39.6604655937262,24.481842997416],[39.6604508853361,24.4818096313861],[39.660447564749,24.4818020957198],[39.6605683701567,24.48175750011],[39.6605716897628,24.4817650357779],[39.6605841522088,24.4817933143398],[39.6605864651306,24.4817985613572],[39.6606392519881,24.4819183224426],[39.6606606566023,24.4819668895855],[39.6606240826127,24.4819803896905]]]}},{"type":"Feature","properties":{"code":"N27-348","name":"N27-348","land_use":"Low/Med Density Residential","sector":"North","gfa":475,"area":566.89,"floors":3,"height":12,"coverage":0,"far":0.84,"style":"PolyStyle0286"},"geometry":{"type":"Polygon","coordinates":[[[39.6626218745754,24.4820362429212],[39.6626191088495,24.4820410299096],[39.6624262240446,24.4819478841958],[39.6623913120509,24.4819310258894],[39.6623834576482,24.4819272337593],[39.6623900132744,24.4819159285122],[39.6623966302194,24.4819046491866],[39.6624029631616,24.4818939753012],[39.662403644003,24.4818928289511],[39.6624096948451,24.4818827469506],[39.6624163802427,24.4818717256197],[39.6624175847064,24.481869750608],[39.6624186590436,24.481867990209],[39.662423112242,24.4818607465314],[39.6624290521358,24.4818511499983],[39.6624300160826,24.4818496041256],[39.6624364654857,24.4818393108498],[39.6624434361359,24.4818283009107],[39.662450435781,24.4818173630948],[39.6624515184233,24.4818156812317],[39.6624526010701,24.4818140002716],[39.6624598570301,24.4818028238076],[39.6624675679178,24.481791080891],[39.6624750601633,24.4817797986269],[39.6624827449493,24.4817683484386],[39.6624901336689,24.4817574612963],[39.6624909181295,24.4817563153946],[39.6624923273955,24.4817542527834],[39.6624992261591,24.481759482369],[39.6625326867099,24.4817786472934],[39.6627175577569,24.4818845269667],[39.6627101983471,24.4818953552876],[39.6627074280789,24.4818994622393],[39.6627028983251,24.4819062176666],[39.6627010026697,24.4819090573003],[39.662695662625,24.4819171140822],[39.6626906489299,24.4819247377353],[39.6626882307958,24.4819284358296],[39.6626861543895,24.4819316221555],[39.6626810512916,24.481939510818],[39.6626774695945,24.4819450789833],[39.6626739312084,24.4819506261864],[39.6626685313791,24.4819591393111],[39.6626668724912,24.4819617765074],[39.6626652077154,24.4819644200514],[39.6626618959643,24.4819697142864],[39.6626598712308,24.4819729690232],[39.6626576390696,24.4819765642474],[39.6626544989473,24.4819816545247],[39.6626529323612,24.4819842037122],[39.6626511084404,24.4819871739847],[39.6626489440998,24.4819907174328],[39.6626460519114,24.4819954760762],[39.662640424437,24.4820048039201],[39.6626389922077,24.4820071926638],[39.6626338603274,24.4820158048596],[39.6626323098843,24.4820184217109],[39.6626273634245,24.4820268253728],[39.6626256830819,24.4820297001864],[39.6626218745754,24.4820362429212]]]}},{"type":"Feature","properties":{"code":"N27-221","name":"N27-221","land_use":"Low/Med Density Residential","sector":"North","gfa":340,"area":330,"floors":3,"height":12,"coverage":0,"far":1.03,"style":"PolyStyle0286"},"geometry":{"type":"Polygon","coordinates":[[[39.6605032780018,24.4820249853433],[39.6604190502971,24.4820560790345],[39.6603976567694,24.4820075416115],[39.6603448571148,24.4818877506924],[39.6603300818231,24.4818542296043],[39.6603267612183,24.4818466894197],[39.660447564749,24.4818020957198],[39.6604508853361,24.4818096313861],[39.6604655937262,24.481842997416],[39.6605184604164,24.4819629460469],[39.6605398529952,24.4820114834566],[39.6605032780018,24.4820249853433]]]}},{"type":"Feature","properties":{"code":"N27-467","name":"N27-467","land_use":"Low/Med Density Residential","sector":"North","gfa":360,"area":390.41,"floors":3,"height":12,"coverage":0,"far":0.92,"style":"PolyStyle0286"},"geometry":{"type":"Polygon","coordinates":[[[39.6611958940033,24.4820127579896],[39.6610787840948,24.4820559886495],[39.6610754485813,24.4820484377101],[39.6610606850141,24.482014934709],[39.6610079066426,24.4818951818709],[39.6609864939486,24.4818466021702],[39.6611310599661,24.4817932365986],[39.6612122748982,24.4819774966624],[39.6611958940033,24.4820127579896]]]}},{"type":"Feature","properties":{"code":"N27-426","name":"N27-426","land_use":"Low/Med Density Residential","sector":"North","gfa":360,"area":400.44,"floors":3,"height":12,"coverage":0,"far":0.9,"style":"PolyStyle0286"},"geometry":{"type":"Polygon","coordinates":[[[39.6617827050415,24.4820623624159],[39.6617733046489,24.4820635496701],[39.661772031971,24.4820555038253],[39.6617663817968,24.4820197501071],[39.6617461747984,24.4818919389033],[39.6617379763519,24.4818400971176],[39.6617833496659,24.4818350752224],[39.6618289297812,24.4818319985785],[39.6618317041337,24.4818318744358],[39.6618455794234,24.4818313620817],[39.6618483569631,24.481831281275],[39.6618733476204,24.4818308755592],[39.661918256764,24.4818316117287],[39.6619165757988,24.4818692679494],[39.6619159164619,24.4818839575677],[39.6619101306408,24.4820129934889],[39.6619081464889,24.4820572095802],[39.661872575944,24.4820566944023],[39.6618702035297,24.4820566867339],[39.6618015500074,24.4820603218709],[39.6617991906819,24.4820605525708],[39.6617850562174,24.4820620829828],[39.6617827050415,24.4820623624159]]]}},{"type":"Feature","properties":{"code":"N27-8","name":"N27-8","land_use":"Low/Med Density Residential","sector":"North","gfa":455,"area":427.84,"floors":3,"height":12,"coverage":0,"far":1.06,"style":"PolyStyle0286"},"geometry":{"type":"Polygon","coordinates":[[[39.6590372637449,24.4819839771457],[39.6587794690085,24.4820873848877],[39.6587200751089,24.4819632988391],[39.658977868664,24.4818598921084],[39.6590372637449,24.4819839771457]]]}},{"type":"Feature","properties":{"code":"N27-3","name":"N27-3","land_use":"Low/Med Density Residential","sector":"North","gfa":455,"area":597.66,"floors":3,"height":12,"coverage":0,"far":0.76,"style":"PolyStyle0286"},"geometry":{"type":"Polygon","coordinates":[[[39.6585324829315,24.4819540079425],[39.6581703222761,24.4820991932831],[39.6581650065649,24.4820871334364],[39.65811492722,24.4819735054707],[39.658473084427,24.4818299263252],[39.6585324829315,24.4819540079425]]]}},{"type":"Feature","properties":{"code":"N27-427","name":"N27-427","land_use":"Low/Med Density Residential","sector":"North","gfa":360,"area":426.99,"floors":3,"height":12,"coverage":0,"far":0.84,"style":"PolyStyle0286"},"geometry":{"type":"Polygon","coordinates":[[[39.6621435970225,24.4820732939167],[39.6621041333846,24.4820893764531],[39.6620596085331,24.482077561699],[39.6620143556963,24.4820683503306],[39.6620120187208,24.4820679487437],[39.6619484684186,24.4820597477172],[39.661946100881,24.4820595404365],[39.6619081464889,24.4820572095802],[39.6619101306408,24.4820129934889],[39.6619159164619,24.4818839575677],[39.6619165757988,24.4818692679494],[39.6621429598545,24.4819662494055],[39.6621787104651,24.4819815651572],[39.6621867594372,24.4819850114488],[39.6621435970225,24.4820732939167]]]}},{"type":"Feature","properties":{"code":"N27-425","name":"N27-425","land_use":"Low/Med Density Residential","sector":"North","gfa":360,"area":400.3,"floors":3,"height":12,"coverage":0,"far":0.9,"style":"PolyStyle0286"},"geometry":{"type":"Polygon","coordinates":[[[39.6617080925014,24.4820749700387],[39.6616420307558,24.4820924459865],[39.6616391622297,24.4820847530294],[39.6616264317404,24.4820505584143],[39.6615624591503,24.4818787323582],[39.6616343013432,24.4818591078669],[39.6616369921279,24.4818584774368],[39.6616640056394,24.4818525646293],[39.6616667155843,24.4818520126872],[39.6616973300524,24.4818462827909],[39.6616993749371,24.4818459333534],[39.6617157830816,24.4818432740103],[39.6617185243165,24.4818428555937],[39.6617379763519,24.4818400971176],[39.6617461747984,24.4818919389033],[39.6617663817968,24.4820197501071],[39.661772031971,24.4820555038253],[39.6617733046489,24.4820635496701],[39.6617498881304,24.482067006479],[39.6617475532867,24.4820673897002],[39.6617098254123,24.4820745948735],[39.6617080925014,24.4820749700387]]]}},{"type":"Feature","properties":{"code":"N27-220","name":"N27-220","land_use":"Low/Med Density Residential","sector":"North","gfa":340,"area":330,"floors":3,"height":12,"coverage":0,"far":1.03,"style":"PolyStyle0286"},"geometry":{"type":"Polygon","coordinates":[[[39.6603824723168,24.4820695809054],[39.6602982445513,24.4821006745303],[39.6602768510522,24.4820521352835],[39.6602240534743,24.4819323461184],[39.6602092762115,24.4818988205112],[39.6602059556362,24.4818912848393],[39.6603267612183,24.4818466894197],[39.6603300818231,24.4818542296043],[39.6603448571148,24.4818877506924],[39.6603976567694,24.4820075416115],[39.6604190502971,24.4820560790345],[39.6603824723168,24.4820695809054]]]}},{"type":"Feature","properties":{"code":"N27-13","name":"N27-13","land_use":"Low/Med Density Residential","sector":"North","gfa":455,"area":427.83,"floors":3,"height":12,"coverage":0,"far":1.06,"style":"PolyStyle0286"},"geometry":{"type":"Polygon","coordinates":[[[39.6593544524584,24.4820046529778],[39.659096657958,24.4821080621594],[39.6590372637449,24.4819839771457],[39.6592950570782,24.4818805716848],[39.6593544524584,24.4820046529778]]]}},{"type":"Feature","properties":{"code":"N27-468","name":"N27-468","land_use":"Low/Med Density Residential","sector":"North","gfa":360,"area":330,"floors":3,"height":12,"coverage":0,"far":1.09,"style":"PolyStyle0286"},"geometry":{"type":"Polygon","coordinates":[[[39.6610787840948,24.4820559886495],[39.660957978595,24.482100584668],[39.6609546510527,24.4820930472379],[39.6609398865344,24.4820595460352],[39.6608871022506,24.4819397769234],[39.6608656915729,24.4818911980996],[39.6609022654956,24.4818776952277],[39.6609864939486,24.4818466021702],[39.6610079066426,24.4818951818709],[39.6610606850141,24.482014934709],[39.6610754485813,24.4820484377101],[39.6610787840948,24.4820559886495]]]}},{"type":"Feature","properties":{"code":"N27-219","name":"N27-219","land_use":"Low/Med Density Residential","sector":"North","gfa":340,"area":329.99,"floors":3,"height":12,"coverage":0,"far":1.03,"style":"PolyStyle0286"},"geometry":{"type":"Polygon","coordinates":[[[39.6602616685088,24.4821141745576],[39.6601774406826,24.4821452681163],[39.6601560401062,24.482096689145],[39.6601032377868,24.4819769189233],[39.6600884725099,24.4819434158299],[39.6600851509537,24.4819358801597],[39.6602059556362,24.4818912848393],[39.6602092762115,24.4818988205112],[39.6602240534743,24.4819323461184],[39.6602768510522,24.4820521352835],[39.6602982445513,24.4821006745303],[39.6602616685088,24.4821141745576]]]}},{"type":"Feature","properties":{"code":"N27-469","name":"N27-469","land_use":"Low/Med Density Residential","sector":"North","gfa":360,"area":330,"floors":3,"height":12,"coverage":0,"far":1.09,"style":"PolyStyle0286"},"geometry":{"type":"Polygon","coordinates":[[[39.660957978595,24.482100584668],[39.6608371749817,24.4821451805828],[39.66083383948,24.4821376296378],[39.6608190749784,24.4821041266167],[39.660766298763,24.4819843727797],[39.660744886159,24.4819357957531],[39.6607814620865,24.4819222938045],[39.6608656915729,24.4818911980996],[39.6608871022506,24.4819397769234],[39.6609398865344,24.4820595460352],[39.6609546510527,24.4820930472379],[39.660957978595,24.482100584668]]]}},{"type":"Feature","properties":{"code":"N27-424","name":"N27-424","land_use":"Low/Med Density Residential","sector":"North","gfa":360,"area":478.38,"floors":3,"height":12,"coverage":0,"far":0.75,"style":"PolyStyle0286"},"geometry":{"type":"Polygon","coordinates":[[[39.6615897707228,24.4821108115575],[39.6614986772012,24.4821444412027],[39.6614601483721,24.482129449035],[39.6613789489666,24.4819452269794],[39.6615106494755,24.4818963969047],[39.6615624591503,24.4818787323582],[39.6616264317404,24.4820505584143],[39.6616391622297,24.4820847530294],[39.6616420307558,24.4820924459865],[39.6616288262998,24.4820966961563],[39.6616266334068,24.4820974273627],[39.6615897707228,24.4821108115575]]]}},{"type":"Feature","properties":{"code":"N27-218","name":"N27-218","land_use":"Low/Med Density Residential","sector":"North","gfa":340,"area":330.01,"floors":3,"height":12,"coverage":0,"far":1.03,"style":"PolyStyle0286"},"geometry":{"type":"Polygon","coordinates":[[[39.6601408656099,24.4821587699166],[39.6600566347624,24.4821898634219],[39.6600352423353,24.4821413259416],[39.6599824429616,24.4820215348919],[39.6599676667617,24.4819880137715],[39.6599643471614,24.4819804735743],[39.6600851509537,24.4819358801597],[39.6600884725099,24.4819434158299],[39.6601032377868,24.4819769189233],[39.6601560401062,24.482096689145],[39.6601774406826,24.4821452681163],[39.6601408656099,24.4821587699166]]]}},{"type":"Feature","properties":{"code":"N27-470","name":"N27-470","land_use":"Low/Med Density Residential","sector":"North","gfa":360,"area":330,"floors":3,"height":12,"coverage":0,"far":1.09,"style":"PolyStyle0286"},"geometry":{"type":"Polygon","coordinates":[[[39.6608371749817,24.4821451805828],[39.660716372268,24.4821897763982],[39.660713041777,24.4821822389756],[39.6606982773016,24.4821487359423],[39.6606454932097,24.4820289676465],[39.6606240826127,24.4819803896905],[39.6606606566023,24.4819668895855],[39.660744886159,24.4819357957531],[39.660766298763,24.4819843727797],[39.6608190749784,24.4821041266167],[39.66083383948,24.4821376296378],[39.6608371749817,24.4821451805828]]]}},{"type":"Feature","properties":{"code":"N27-7","name":"N27-7","land_use":"Low/Med Density Residential","sector":"North","gfa":455,"area":427.84,"floors":3,"height":12,"coverage":0,"far":1.06,"style":"PolyStyle0286"},"geometry":{"type":"Polygon","coordinates":[[[39.6590648207655,24.4821208340712],[39.6588388620403,24.4822114709129],[39.6587794690085,24.4820873848877],[39.6590372637449,24.4819839771457],[39.659096657958,24.4821080621594],[39.6590648207655,24.4821208340712]]]}},{"type":"Feature","properties":{"code":"N27-347","name":"N27-347","land_use":"Low/Med Density Residential","sector":"North","gfa":475,"area":566.4,"floors":3,"height":12,"coverage":0,"far":0.84,"style":"PolyStyle0286"},"geometry":{"type":"Polygon","coordinates":[[[39.6625954022691,24.4820831249985],[39.6625635610594,24.4821430460015],[39.6625335113127,24.4822037369366],[39.6623336594631,24.4821238389975],[39.6622974869542,24.482109378593],[39.6622893481668,24.4821061205527],[39.6623346028596,24.482015884019],[39.6623834576482,24.4819272337593],[39.6623913120509,24.4819310258894],[39.6624262240446,24.4819478841958],[39.6626191088495,24.4820410299096],[39.6625954022691,24.4820831249985]]]}},{"type":"Feature","properties":{"code":"N27-2","name":"N27-2","land_use":"Low/Med Density Residential","sector":"North","gfa":455,"area":604.3,"floors":3,"height":12,"coverage":0,"far":0.75,"style":"PolyStyle0286"},"geometry":{"type":"Polygon","coordinates":[[[39.6585918786086,24.4820780922543],[39.658225716444,24.4822248783658],[39.6581703222761,24.4820991932831],[39.6585324829315,24.4819540079425],[39.6585918786086,24.4820780922543]]]}},{"type":"Feature","properties":{"code":"N27-217","name":"N27-217","land_use":"Low/Med Density Residential","sector":"North","gfa":340,"area":329.99,"floors":3,"height":12,"coverage":0,"far":1.03,"style":"PolyStyle0286"},"geometry":{"type":"Polygon","coordinates":[[[39.6600200596633,24.4822033651935],[39.6599358297418,24.4822344586282],[39.6599144272772,24.4821858814365],[39.6598616390595,24.4820661300327],[39.6598468638631,24.4820326070896],[39.6598435413177,24.4820250687088],[39.6599643471614,24.4819804735743],[39.6599676667617,24.4819880137715],[39.6599824429616,24.4820215348919],[39.6600352423353,24.4821413259416],[39.6600566347624,24.4821898634219],[39.6600200596633,24.4822033651935]]]}},{"type":"Feature","properties":{"code":"N27-471","name":"N27-471","land_use":"Low/Med Density Residential","sector":"North","gfa":360,"area":330,"floors":3,"height":12,"coverage":0,"far":1.09,"style":"PolyStyle0286"},"geometry":{"type":"Polygon","coordinates":[[[39.660716372268,24.4821897763982],[39.6605955664971,24.4822343703253],[39.6605922389725,24.4822268328869],[39.6605774735459,24.482193331652],[39.660524689543,24.4820735624096],[39.6605032780018,24.4820249853433],[39.6605398529952,24.4820114834566],[39.6606240826127,24.4819803896905],[39.6606454932097,24.4820289676465],[39.6606982773016,24.4821487359423],[39.660713041777,24.4821822389756],[39.660716372268,24.4821897763982]]]}},{"type":"Feature","properties":{"code":"N27-216","name":"N27-216","land_use":"Low/Med Density Residential","sector":"North","gfa":340,"area":328.71,"floors":3,"height":12,"coverage":0,"far":1.03,"style":"PolyStyle0286"},"geometry":{"type":"Polygon","coordinates":[[[39.6598992555937,24.4822479585605],[39.6598150256114,24.4822790519289],[39.6597942331291,24.4822302995574],[39.659741456804,24.4821105399305],[39.6597227383472,24.4820696637353],[39.6598435413177,24.4820250687088],[39.6598468638631,24.4820326070896],[39.6598616390595,24.4820661300327],[39.6599144272772,24.4821858814365],[39.6599358297418,24.4822344586282],[39.6598992555937,24.4822479585605]]]}},{"type":"Feature","properties":{"code":"N27-472","name":"N27-472","land_use":"Low/Med Density Residential","sector":"North","gfa":360,"area":330,"floors":3,"height":12,"coverage":0,"far":1.09,"style":"PolyStyle0286"},"geometry":{"type":"Polygon","coordinates":[[[39.6605955664971,24.4822343703253],[39.6604747626221,24.4822789659549],[39.6604714321429,24.4822714285267],[39.6604566677199,24.4822379254691],[39.66040388382,24.4821181579893],[39.6603824723168,24.4820695809054],[39.6604190502971,24.4820560790345],[39.6605032780018,24.4820249853433],[39.660524689543,24.4820735624096],[39.6605774735459,24.482193331652],[39.6605922389725,24.4822268328869],[39.6605955664971,24.4822343703253]]]}},{"type":"Feature","properties":{"code":"N27-473","name":"N27-473","land_use":"Low/Med Density Residential","sector":"North","gfa":360,"area":329.99,"floors":3,"height":12,"coverage":0,"far":1.09,"style":"PolyStyle0286"},"geometry":{"type":"Polygon","coordinates":[[[39.6604747626221,24.4822789659549],[39.6603539576731,24.4823235614938],[39.6603506291734,24.4823160240542],[39.6603358647766,24.4822825209844],[39.6602830809656,24.482162752558],[39.6602616685088,24.4821141745576],[39.6602982445513,24.4821006745303],[39.6603824723168,24.4820695809054],[39.66040388382,24.4821181579893],[39.6604566677199,24.4822379254691],[39.6604714321429,24.4822714285267],[39.6604747626221,24.4822789659549]]]}},{"type":"Feature","properties":{"code":"N27-498","name":"N27-498","land_use":"Low/Med Density Residential","sector":"North","gfa":360,"area":449.5,"floors":3,"height":12,"coverage":0,"far":0.8,"style":"PolyStyle0286"},"geometry":{"type":"Polygon","coordinates":[[[39.6612927177566,24.4823179774764],[39.6610584608728,24.4823287023874],[39.6610705276892,24.4822051119829],[39.6612512691438,24.4821383932283],[39.6612897999118,24.4821533827318],[39.6613165377937,24.4822140455553],[39.6613288041739,24.4822470514467],[39.6613369947339,24.4822810987909],[39.6613410083996,24.4823157674463],[39.6613321417286,24.4823161729342],[39.6612927177566,24.4823179774764]]]}},{"type":"Feature","properties":{"code":"N27-1","name":"N27-1","land_use":"Low/Med Density Residential","sector":"North","gfa":455,"area":610.92,"floors":3,"height":12,"coverage":0,"far":0.75,"style":"PolyStyle0286"},"geometry":{"type":"Polygon","coordinates":[[[39.6586512704622,24.4822021774585],[39.6582811373359,24.4823505569859],[39.658225716444,24.4822248783658],[39.6585918786086,24.4820780922543],[39.6586512704622,24.4822021774585]]]}},{"type":"Feature","properties":{"code":"N27-215","name":"N27-215","land_use":"Low/Med Density Residential","sector":"North","gfa":340,"area":459.33,"floors":3,"height":12,"coverage":0,"far":0.74,"style":"PolyStyle0286"},"geometry":{"type":"Polygon","coordinates":[[[39.6596375630629,24.4823445616249],[39.6596157059889,24.482352627203],[39.6596091195281,24.4822845704041],[39.6595983311932,24.4822169643229],[39.6595833756351,24.4821500260618],[39.6596037574277,24.482113582393],[39.6597227383472,24.4820696637353],[39.659741456804,24.4821105399305],[39.6597942331291,24.4822302995574],[39.6598150256114,24.4822790519289],[39.6597784494633,24.482292551841],[39.6596582490032,24.4823369238234],[39.6596560791629,24.4823377262482],[39.6596375630629,24.4823445616249]]]}},{"type":"Feature","properties":{"code":"N27-474","name":"N27-474","land_use":"Low/Med Density Residential","sector":"North","gfa":360,"area":330,"floors":3,"height":12,"coverage":0,"far":1.09,"style":"PolyStyle0286"},"geometry":{"type":"Polygon","coordinates":[[[39.6603539576731,24.4823235614938],[39.6602331516406,24.4823681551356],[39.6602298171552,24.4823606041725],[39.6602150527845,24.4823271010905],[39.6601622770372,24.4822073470358],[39.6601408656099,24.4821587699166],[39.6601774406826,24.4821452681163],[39.6602616685088,24.4821141745576],[39.6602830809656,24.482162752558],[39.6603358647766,24.4822825209844],[39.6603506291734,24.4823160240542],[39.6603539576731,24.4823235614938]]]}},{"type":"Feature","properties":{"code":"N01-2","name":"N01-2","land_use":"Community Facilities","sector":"North","gfa":1241.8,"area":2483.65,"floors":2,"height":20,"coverage":0.85,"far":0.5,"style":"PolyStyle027"},"geometry":{"type":"Polygon","coordinates":[[[39.6669113860392,24.4822164877097],[39.66643783813,24.4823419371201],[39.6663004855801,24.481909930487],[39.6667272487315,24.4817953259949],[39.6667882798378,24.4818260123539],[39.6669113860392,24.4822164877097]]]}},{"type":"Feature","properties":{"code":"N27-346","name":"N27-346","land_use":"Low/Med Density Residential","sector":"North","gfa":475,"area":566.45,"floors":3,"height":12,"coverage":0,"far":0.84,"style":"PolyStyle0286"},"geometry":{"type":"Polygon","coordinates":[[[39.662468075757,24.4823541794796],[39.662461231313,24.4823717699866],[39.6622554961852,24.4823055467784],[39.6622182579666,24.4822935619962],[39.6622098793459,24.482290865848],[39.6622477546095,24.4821978234019],[39.6622893481668,24.4821061205527],[39.6622974869542,24.482109378593],[39.6623336594631,24.4821238389975],[39.6625335113127,24.4822037369366],[39.6625279692453,24.4822154324131],[39.6625209097024,24.4822305763793],[39.6625200178613,24.4822325120892],[39.6625191250476,24.4822344505128],[39.6625169423796,24.4822392069452],[39.6625138126096,24.4822460880844],[39.662512093679,24.4822498869697],[39.6624752720385,24.4823361232198],[39.6624744790676,24.4823380946211],[39.6624736841371,24.4823400687405],[39.662468075757,24.4823541794796]]]}},{"type":"Feature","properties":{"code":"N27-475","name":"N27-475","land_use":"Low/Med Density Residential","sector":"North","gfa":360,"area":330,"floors":3,"height":12,"coverage":0,"far":1.09,"style":"PolyStyle0286"},"geometry":{"type":"Polygon","coordinates":[[[39.6602331516406,24.4823681551356],[39.660112347504,24.48241275048],[39.6601090190161,24.4824052130349],[39.6600942556679,24.4823717117427],[39.6600414710526,24.4822519423304],[39.6600200596633,24.4822033651935],[39.6600566347624,24.4821898634219],[39.6601408656099,24.4821587699166],[39.6601622770372,24.4822073470358],[39.6602150527845,24.4823271010905],[39.6602298171552,24.4823606041725],[39.6602331516406,24.4823681551356]]]}},{"type":"Feature","properties":{"code":"N27-476","name":"N27-476","land_use":"Low/Med Density Residential","sector":"North","gfa":360,"area":330,"floors":3,"height":12,"coverage":0,"far":1.09,"style":"PolyStyle0286"},"geometry":{"type":"Polygon","coordinates":[[[39.660112347504,24.48241275048],[39.6599915413065,24.4824573457379],[39.6599882138113,24.4824498082858],[39.6599734485298,24.4824163096994],[39.6599206659629,24.4822965366225],[39.6598992555937,24.4822479585605],[39.6599358297418,24.4822344586282],[39.6600200596633,24.4822033651935],[39.6600414710526,24.4822519423304],[39.6600942556679,24.4823717117427],[39.6601090190161,24.4824052130349],[39.660112347504,24.48241275048]]]}},{"type":"Feature","properties":{"code":"N28-60","name":"N28-60","land_use":"Low/Med Density Residential","sector":"North","gfa":234.4,"area":304.43,"floors":3,"height":12,"coverage":0,"far":0.77,"style":"PolyStyle0286"},"geometry":{"type":"Polygon","coordinates":[[[39.659451198969,24.4824494549201],[39.659393780299,24.4824614011196],[39.6592874431333,24.4822393750413],[39.6593955383775,24.4821960225428],[39.659426150634,24.4822102803293],[39.6594373749554,24.4822528700041],[39.6594456663351,24.4822960197788],[39.6594499695152,24.482328876807],[39.6594534217931,24.4823891412847],[39.659451198969,24.4824494549201]]]}},{"type":"Feature","properties":{"code":"N28-59","name":"N28-59","land_use":"Low/Med Density Residential","sector":"North","gfa":233.4,"area":214.16,"floors":3,"height":12,"coverage":0,"far":1.09,"style":"PolyStyle0286"},"geometry":{"type":"Polygon","coordinates":[[[39.6593695557692,24.4824664424727],[39.6593132401739,24.4824781598503],[39.6592131507306,24.4822691783843],[39.6592874431333,24.4822393750413],[39.659393780299,24.4824614011196],[39.6593695557692,24.4824664424727]]]}},{"type":"Feature","properties":{"code":"N28-58","name":"N28-58","land_use":"Low/Med Density Residential","sector":"North","gfa":233.7,"area":201.46,"floors":3,"height":12,"coverage":0,"far":1.16,"style":"PolyStyle0286"},"geometry":{"type":"Polygon","coordinates":[[[39.6592483680017,24.4824916575929],[39.6592339890703,24.4824976123751],[39.6591388583062,24.4822989844007],[39.6592131507306,24.4822691783843],[39.6593132401739,24.4824781598503],[39.6592483680017,24.4824916575929]]]}},{"type":"Feature","properties":{"code":"N28-1","name":"N28-1","land_use":"Low/Med Density Residential","sector":"North","gfa":235,"area":255.42,"floors":3,"height":12,"coverage":0,"far":0.92,"style":"PolyStyle0286"},"geometry":{"type":"Polygon","coordinates":[[[39.6585773982684,24.4824185269262],[39.6583486528057,24.4825030998246],[39.6583108960545,24.4824175742817],[39.6585396184164,24.4823329482576],[39.6585773982684,24.4824185269262]]]}},{"type":"Feature","properties":{"code":"N27-497","name":"N27-497","land_use":"Low/Med Density Residential","sector":"North","gfa":360,"area":503.6,"floors":3,"height":12,"coverage":0,"far":0.71,"style":"PolyStyle0286"},"geometry":{"type":"Polygon","coordinates":[[[39.6613324282905,24.4824029039434],[39.6613106222412,24.4824937795033],[39.6613017743279,24.4824930559926],[39.6612624572923,24.4824898413564],[39.6610444691006,24.4824720138713],[39.6610584608728,24.4823287023874],[39.6612927177566,24.4823179774764],[39.6613321417286,24.4823161729342],[39.6613410083996,24.4823157674463],[39.661340052546,24.482359610666],[39.6613324282905,24.4824029039434]]]}},{"type":"Feature","properties":{"code":"N27-477","name":"N27-477","land_use":"Low/Med Density Residential","sector":"North","gfa":360,"area":329.99,"floors":3,"height":12,"coverage":0,"far":1.09,"style":"PolyStyle0286"},"geometry":{"type":"Polygon","coordinates":[[[39.6599915413065,24.4824573457379],[39.6598707379729,24.4825019390816],[39.6598674075231,24.4824944016398],[39.659852645134,24.4824608849659],[39.6597784494633,24.482292551841],[39.6598150256114,24.4822790519289],[39.6598992555937,24.4822479585605],[39.6599206659629,24.4822965366225],[39.6599734485298,24.4824163096994],[39.6599882138113,24.4824498082858],[39.6599915413065,24.4824573457379]]]}},{"type":"Feature","properties":{"code":"N27-417","name":"N27-417","land_use":"Low/Med Density Residential","sector":"North","gfa":750,"area":801.2,"floors":3,"height":12,"coverage":0,"far":0.93,"style":"PolyStyle0286"},"geometry":{"type":"Polygon","coordinates":[[[39.6619866278095,24.482501308564],[39.661984593756,24.482508822502],[39.6619759703958,24.4825068824317],[39.6619376404751,24.4824982520806],[39.6617626744738,24.4824588509543],[39.6617450305671,24.4824548776986],[39.6617466397325,24.4824495214003],[39.6617479977739,24.4824450196614],[39.6618151697568,24.4822364036083],[39.6618222336671,24.4822118905656],[39.6618249703923,24.4822047600914],[39.6618260253927,24.4822017534594],[39.6618280615144,24.4821959545613],[39.6618287708415,24.4821940268799],[39.6618477189774,24.4821928402396],[39.6618493232114,24.4821927681857],[39.6618947740567,24.4821923333343],[39.6618969108828,24.4821923917068],[39.6619033255491,24.4821926128653],[39.661905462531,24.4821927010403],[39.6619544619495,24.4821967011074],[39.662002919576,24.4822044615094],[39.6620504914789,24.4822159271662],[39.6620686338768,24.4822501052495],[39.6620272954106,24.4823661766358],[39.6619914633821,24.4824837711342],[39.6619902438772,24.4824881548609],[39.6619890302931,24.4824925385615],[39.6619878255904,24.4824969222232],[39.6619866278095,24.482501308564]]]}},{"type":"Feature","properties":{"code":"N27-499","name":"N27-499","land_use":"Low/Med Density Residential","sector":"North","gfa":750,"area":778.96,"floors":3,"height":12,"coverage":0,"far":0.96,"style":"PolyStyle0286"},"geometry":{"type":"Polygon","coordinates":[[[39.6610444691006,24.4824720138713],[39.6610399418547,24.4825183688605],[39.6608344278006,24.4825015630205],[39.6607951107712,24.4824983482624],[39.6607862628597,24.4824976247215],[39.660779884142,24.4824479823804],[39.6607695225951,24.482398905699],[39.6607552346495,24.4823506619332],[39.6607722325796,24.482315229068],[39.6610705276892,24.4822051119829],[39.6610584608728,24.4823287023874],[39.6610444691006,24.4824720138713]]]}},{"type":"Feature","properties":{"code":"N28-57","name":"N28-57","land_use":"Low/Med Density Residential","sector":"North","gfa":233.9,"area":203.43,"floors":3,"height":12,"coverage":0,"far":1.15,"style":"PolyStyle0286"},"geometry":{"type":"Polygon","coordinates":[[[39.6591915705635,24.4825243540765],[39.6591636015273,24.4825355729032],[39.6590645688442,24.4823287975932],[39.6590670170236,24.4823278142392],[39.6591388583062,24.4822989844007],[39.6592339890703,24.4824976123751],[39.6592063517065,24.4825169913666],[39.6591915705635,24.4825243540765]]]}},{"type":"Feature","properties":{"code":"N27-345","name":"N27-345","land_use":"Low/Med Density Residential","sector":"North","gfa":475,"area":566.31,"floors":3,"height":12,"coverage":0,"far":0.84,"style":"PolyStyle0286"},"geometry":{"type":"Polygon","coordinates":[[[39.6624038332714,24.4825402705944],[39.6624026288448,24.4825443273243],[39.6621921564539,24.4824920303264],[39.6621540571256,24.4824825843949],[39.6621454840967,24.4824804562622],[39.6621757738562,24.4823851183173],[39.6622098793459,24.482290865848],[39.6622182579666,24.4822935619962],[39.6622554961852,24.4823055467784],[39.662461231313,24.4823717699866],[39.6624607679162,24.482372981312],[39.6624597310963,24.4823756880287],[39.6624589747177,24.4823776746227],[39.662458229024,24.4823796286571],[39.6624449344954,24.4824154925143],[39.6624434958533,24.4824194852461],[39.6624363822305,24.4824395713819],[39.6624350201725,24.4824434897211],[39.6624315431162,24.4824535929489],[39.6624281649912,24.4824635548543],[39.6624274906505,24.4824655663762],[39.662426816291,24.4824675742856],[39.6624261449202,24.4824695876006],[39.6624254754994,24.4824715963915],[39.6624248090627,24.4824736096849],[39.6624241426024,24.4824756184628],[39.6624234791262,24.4824776317432],[39.6624228156499,24.4824796450237],[39.662422157122,24.4824816609918],[39.6624214975835,24.4824836724487],[39.6624106735881,24.4825177417844],[39.6624038332714,24.4825402705944]]]}},{"type":"Feature","properties":{"code":"N27-418","name":"N27-418","land_use":"Low/Med Density Residential","sector":"North","gfa":750,"area":882.65,"floors":3,"height":12,"coverage":0,"far":0.86,"style":"PolyStyle0286"},"geometry":{"type":"Polygon","coordinates":[[[39.6617245964725,24.4825361199184],[39.6617212834785,24.4825496777942],[39.6615272700919,24.4825119330841],[39.6614886578897,24.4825044219319],[39.6614799628149,24.4825027314115],[39.6614829978842,24.4824898051435],[39.661484121869,24.482485079552],[39.6614852537294,24.4824803503135],[39.6614957823779,24.4824378750793],[39.6615041260698,24.4823971599875],[39.661508497534,24.4823559286834],[39.6615088624311,24.4823145050916],[39.6615343872628,24.4822773314988],[39.6616467044706,24.4822358699403],[39.661691299865,24.4822202017115],[39.6617371454714,24.4822079219556],[39.6617839344562,24.4821991128578],[39.6617860476354,24.4821988010514],[39.6618056379738,24.4821962487771],[39.6618072297991,24.4821960684023],[39.6618093542396,24.4821958342155],[39.6618136052028,24.4821953866049],[39.6618157317256,24.482195173181],[39.6618287708415,24.4821940268799],[39.6618280615144,24.4821959545613],[39.6618260253927,24.4822017534594],[39.6618249703923,24.4822047600914],[39.6618222336671,24.4822118905656],[39.6618151697568,24.4822364036083],[39.6617479977739,24.4824450196614],[39.6617466397325,24.4824495214003],[39.6617450305671,24.4824548776986],[39.6617415565593,24.4824684046706],[39.6617381121698,24.4824819342222],[39.6617346944758,24.4824954735911],[39.6617313004839,24.4825090164687],[39.6617279341554,24.482522565547],[39.6617245964725,24.4825361199184]]]}},{"type":"Feature","properties":{"code":"N28-56","name":"N28-56","land_use":"Low/Med Density Residential","sector":"North","gfa":234.3,"area":205.51,"floors":3,"height":12,"coverage":0,"far":1.14,"style":"PolyStyle0286"},"geometry":{"type":"Polygon","coordinates":[[[39.6591636015273,24.4825355729032],[39.6590893089076,24.4825653734792],[39.6589902633645,24.4823585737911],[39.6590645578527,24.4823287714503],[39.6590645688442,24.4823287975932],[39.6591636015273,24.4825355729032]]]}},{"type":"Feature","properties":{"code":"N28-2","name":"N28-2","land_use":"Low/Med Density Residential","sector":"North","gfa":234.2,"area":205.5,"floors":3,"height":12,"coverage":0,"far":1.14,"style":"PolyStyle0286"},"geometry":{"type":"Polygon","coordinates":[[[39.6586077824021,24.4824873594385],[39.6583790378197,24.4825719314769],[39.6583486528057,24.4825030998246],[39.6585773982684,24.4824185269262],[39.6586077824021,24.4824873594385]]]}},{"type":"Feature","properties":{"code":"N27-478","name":"N27-478","land_use":"Low/Med Density Residential","sector":"North","gfa":475,"area":537.01,"floors":3,"height":12,"coverage":0,"far":0.88,"style":"PolyStyle0286"},"geometry":{"type":"Polygon","coordinates":[[[39.6598707379729,24.4825019390816],[39.6596606968482,24.482579477231],[39.659628523819,24.4825628619102],[39.6596211914583,24.482487839711],[39.6596180109618,24.482412574267],[39.6596179823322,24.4824104899633],[39.6596178800233,24.4824041161042],[39.6596177431896,24.4823977451054],[39.6596399261199,24.4823969085789],[39.6596384307111,24.4823637195883],[39.6596375630629,24.4823445616249],[39.6596560791629,24.4823377262482],[39.6596582490032,24.4823369238234],[39.6597784494633,24.482292551841],[39.659852645134,24.4824608849659],[39.6598674075231,24.4824944016398],[39.6598707379729,24.4825019390816]]]}},{"type":"Feature","properties":{"code":"N28-55","name":"N28-55","land_use":"Low/Med Density Residential","sector":"North","gfa":234.3,"area":205.5,"floors":3,"height":12,"coverage":0,"far":1.14,"style":"PolyStyle0286"},"geometry":{"type":"Polygon","coordinates":[[[39.6590893089076,24.4825653734792],[39.6590150142785,24.4825951740277],[39.6589159767914,24.4823883868988],[39.6589707606101,24.4823664014172],[39.6589902633645,24.4823585737911],[39.6590893089076,24.4825653734792]]]}},{"type":"Feature","properties":{"code":"N28-54","name":"N28-54","land_use":"Low/Med Density Residential","sector":"North","gfa":234.3,"area":205.5,"floors":3,"height":12,"coverage":0,"far":1.14,"style":"PolyStyle0286"},"geometry":{"type":"Polygon","coordinates":[[[39.6589570642173,24.4826184205631],[39.6589407206052,24.4826249754392],[39.658841679243,24.482418183762],[39.6589159767914,24.4823883868988],[39.6590150142785,24.4825951740277],[39.6589570642173,24.4826184205631]]]}},{"type":"Feature","properties":{"code":"N28-61","name":"N28-61","land_use":"Low/Med Density Residential","sector":"North","gfa":230.9,"area":233.2,"floors":3,"height":12,"coverage":0,"far":0.99,"style":"PolyStyle0286"},"geometry":{"type":"Polygon","coordinates":[[[39.6594634043444,24.4825922202275],[39.6592418090929,24.4826262583087],[39.6592342601537,24.4825634657746],[39.6592340830963,24.4825578942225],[39.6592348832651,24.4825523698845],[39.6592366416529,24.4825470328289],[39.6592393106344,24.482542023249],[39.6592428227916,24.4825374705867],[39.6592470385407,24.4825334802147],[39.6592518485937,24.4825301004756],[39.6592571477317,24.4825274031761],[39.6592628227758,24.4825254475135],[39.6592687505846,24.4825242746663],[39.6594542049163,24.4825034174837],[39.6594586461777,24.4825462923513],[39.6594633991608,24.4825921723842],[39.6594634043444,24.4825922202275]]]}},{"type":"Feature","properties":{"code":"N27-416","name":"N27-416","land_use":"Low/Med Density Residential","sector":"North","gfa":360,"area":343.03,"floors":3,"height":12,"coverage":0,"far":1.05,"style":"PolyStyle0286"},"geometry":{"type":"Polygon","coordinates":[[[39.6619687096782,24.4825709209992],[39.661956142648,24.4826251477136],[39.661947439103,24.4826235385394],[39.6619087458692,24.4826163945222],[39.6618598071209,24.4826073536507],[39.6617704168145,24.4825908332234],[39.6617336221734,24.4825840429996],[39.6617143106281,24.4825804762299],[39.6617153084568,24.4825759715536],[39.6617158296101,24.4825737258915],[39.6617163131932,24.4825714668471],[39.6617168452016,24.4825692211374],[39.6617173268251,24.4825669648109],[39.6617178608072,24.4825647190927],[39.6617183453959,24.4825624636563],[39.6617193728527,24.4825579633659],[39.6617212834785,24.4825496777942],[39.6617245964725,24.4825361199184],[39.6617279341554,24.482522565547],[39.6617313004839,24.4825090164687],[39.6617346944758,24.4824954735911],[39.6617381121698,24.4824819342222],[39.6617415565593,24.4824684046706],[39.6617450305671,24.4824548776986],[39.6617626744738,24.4824588509543],[39.6619376404751,24.4824982520806],[39.6619759703958,24.4825068824317],[39.661984593756,24.482508822502],[39.6619819147532,24.4825188743569],[39.6619813361185,24.4825210724057],[39.6619807555101,24.4825232704632],[39.6619761965813,24.4825408708027],[39.6619750738882,24.4825452739738],[39.6619695868818,24.4825673172723],[39.6619687096782,24.4825709209992]]]}},{"type":"Feature","properties":{"code":"N28-3","name":"N28-3","land_use":"Low/Med Density Residential","sector":"North","gfa":234.3,"area":205.49,"floors":3,"height":12,"coverage":0,"far":1.14,"style":"PolyStyle0286"},"geometry":{"type":"Polygon","coordinates":[[[39.6586381685244,24.4825561883223],[39.658409422858,24.4826407613156],[39.6583790378197,24.4825719314769],[39.6586077824021,24.4824873594385],[39.6586145900309,24.4825027823495],[39.6586381685244,24.4825561883223]]]}},{"type":"Feature","properties":{"code":"N28-53","name":"N28-53","land_use":"Low/Med Density Residential","sector":"North","gfa":234.6,"area":252.22,"floors":3,"height":12,"coverage":0,"far":0.93,"style":"PolyStyle0286"},"geometry":{"type":"Polygon","coordinates":[[[39.6588811278794,24.4826488802692],[39.6588451120511,24.4826633276092],[39.6588413492164,24.4826548040032],[39.6588266933405,24.4826216055666],[39.6587618993875,24.4824748311324],[39.6587752541429,24.4824448349687],[39.658841679243,24.482418183762],[39.6589407206052,24.4826249754392],[39.6588811278794,24.4826488802692]]]}},{"type":"Feature","properties":{"code":"N27-496","name":"N27-496","land_use":"Low/Med Density Residential","sector":"North","gfa":360,"area":463.68,"floors":3,"height":12,"coverage":0,"far":0.78,"style":"PolyStyle0286"},"geometry":{"type":"Polygon","coordinates":[[[39.6612881049342,24.4826030251642],[39.6612787787234,24.4826550439332],[39.6612699610982,24.4826540755396],[39.6612307685726,24.4826497693677],[39.6610292755051,24.482627638491],[39.6610399418547,24.4825183688605],[39.6610444691006,24.4824720138713],[39.6612624572923,24.4824898413564],[39.6613017743279,24.4824930559926],[39.6613106222412,24.4824937795033],[39.6612977171713,24.4825539981211],[39.6612972197744,24.4825564477857],[39.6612967203943,24.4825588956526],[39.6612890315858,24.482598116199],[39.6612881049342,24.4826030251642]]]}},{"type":"Feature","properties":{"code":"N27-419","name":"N27-419","land_use":"Low/Med Density Residential","sector":"North","gfa":360,"area":342.27,"floors":3,"height":12,"coverage":0,"far":1.05,"style":"PolyStyle0286"},"geometry":{"type":"Polygon","coordinates":[[[39.6617143106281,24.4825804762299],[39.6616966896115,24.4826667383732],[39.6616405172763,24.4826578907757],[39.6615013289395,24.4826359653899],[39.6614623093631,24.4826298197445],[39.6614535517414,24.4826284365614],[39.66146907581,24.4825514127288],[39.6614701019914,24.4825466667937],[39.6614753415048,24.4825229474798],[39.6614758777999,24.48252057712],[39.6614764131222,24.4825182094739],[39.6614785770943,24.4825087360805],[39.66147967045,24.4825040033981],[39.6614799628149,24.4825027314115],[39.6614886578897,24.4825044219319],[39.6615272700919,24.4825119330841],[39.6617212834785,24.4825496777942],[39.6617193728527,24.4825579633659],[39.6617183453959,24.4825624636563],[39.6617178608072,24.4825647190927],[39.6617173268251,24.4825669648109],[39.6617168452016,24.4825692211374],[39.6617163131932,24.4825714668471],[39.6617158296101,24.4825737258915],[39.6617153084568,24.4825759715536],[39.6617143106281,24.4825804762299]]]}},{"type":"Feature","properties":{"code":"N28-62","name":"N28-62","land_use":"Low/Med Density Residential","sector":"North","gfa":231.5,"area":186.73,"floors":3,"height":12,"coverage":0,"far":1.24,"style":"PolyStyle0286"},"geometry":{"type":"Polygon","coordinates":[[[39.6594750354854,24.4826655173181],[39.6592536565731,24.4826996213058],[39.6592418090929,24.4826262583087],[39.6594634043444,24.4825922202275],[39.6594750273366,24.4826654685846],[39.6594750354854,24.4826655173181]]]}},{"type":"Feature","properties":{"code":"N27-500","name":"N27-500","land_use":"Low/Med Density Residential","sector":"North","gfa":475,"area":499.02,"floors":3,"height":12,"coverage":0,"far":0.95,"style":"PolyStyle0286"},"geometry":{"type":"Polygon","coordinates":[[[39.6610292755051,24.482627638491],[39.6610224813294,24.4826972021455],[39.6608261204587,24.482681992722],[39.6607867865113,24.482678950535],[39.6607766801375,24.4826781855356],[39.6607814800493,24.4826458504828],[39.6607870242237,24.4825965927692],[39.6607886213377,24.4825470960023],[39.6607862628597,24.4824976247215],[39.6607951107712,24.4824983482624],[39.6608344278006,24.4825015630205],[39.6610399418547,24.4825183688605],[39.6610292755051,24.482627638491]]]}},{"type":"Feature","properties":{"code":"N28-4","name":"N28-4","land_use":"Low/Med Density Residential","sector":"North","gfa":234.3,"area":205.5,"floors":3,"height":12,"coverage":0,"far":1.14,"style":"PolyStyle0286"},"geometry":{"type":"Polygon","coordinates":[[[39.658668552721,24.4826250199166],[39.6584398079444,24.4827095938561],[39.658409422858,24.4826407613156],[39.6586381685244,24.4825561883223],[39.658668552721,24.4826250199166]]]}},{"type":"Feature","properties":{"code":"N27-344","name":"N27-344","land_use":"Low/Med Density Residential","sector":"North","gfa":475,"area":566.89,"floors":3,"height":12,"coverage":0,"far":0.84,"style":"PolyStyle0286"},"geometry":{"type":"Polygon","coordinates":[[[39.6623854715409,24.4826054081965],[39.6623581176901,24.482720135541],[39.6621439872945,24.4826822694053],[39.6621052294373,24.4826754165307],[39.6620965104524,24.4826738751677],[39.6621055578074,24.4826327502475],[39.6621065487109,24.4826284334506],[39.66213265795,24.4825253195537],[39.6621338415002,24.4825210434563],[39.6621454840967,24.4824804562622],[39.6621540571256,24.4824825843949],[39.6621921564539,24.4824920303264],[39.6624026288448,24.4825443273243],[39.6624020305929,24.4825463583813],[39.6624014332948,24.4825483831122],[39.6624008380175,24.4825504168655],[39.6624002427261,24.4825524479094],[39.6623919962487,24.482581405054],[39.6623865613408,24.4826013221659],[39.66238601743,24.4826033656284],[39.6623854715409,24.4826054081965]]]}},{"type":"Feature","properties":{"code":"N02","name":"N02","land_use":"Community Facilities","sector":"North","gfa":60034.2,"area":33417.23,"floors":6,"height":36,"coverage":0.77,"far":1.8,"style":"PolyStyle027"},"geometry":{"type":"Polygon","coordinates":[[[39.6673622936174,24.4827016769393],[39.6673242957936,24.4827117431145],[39.6672632209393,24.4826809135806],[39.6672526014492,24.4826472294451],[39.6669899584923,24.4818141652617],[39.6669894085034,24.4818124201311],[39.6669888324288,24.4818105938339],[39.6669775326301,24.4817747505803],[39.667011261257,24.4817188459553],[39.6670522577664,24.4817080206349],[39.6693883858422,24.4810805607769],[39.669399202969,24.4810776553403],[39.6694071869695,24.4810755111523],[39.6694482499889,24.4810640942454],[39.6694919656395,24.4810504438698],[39.6695742485354,24.4810671429593],[39.6695816834018,24.4810736784782],[39.6696606330151,24.4811510773417],[39.6697341128219,24.4812328630714],[39.6698018324391,24.4813187124715],[39.6698635242443,24.4814082862871],[39.6699189444343,24.4815012305447],[39.6699678739879,24.4815971779509],[39.6700101195323,24.4816957493439],[39.6700455141068,24.4817965551915],[39.6700615386611,24.4818476555082],[39.6700686204316,24.4818702393958],[39.6700775632287,24.4818987558227],[39.670088257792,24.4819325116685],[39.6700545975963,24.4819884175566],[39.6700121034556,24.4819996558366],[39.6700118048605,24.4819997348302],[39.6691397565,24.4822307753452],[39.6682096065652,24.4824772016501],[39.6673622936174,24.4827016769393]]]}},{"type":"Feature","properties":{"code":"N27-415","name":"N27-415","land_use":"Low/Med Density Residential","sector":"North","gfa":360,"area":343.53,"floors":3,"height":12,"coverage":0,"far":1.05,"style":"PolyStyle0286"},"geometry":{"type":"Polygon","coordinates":[[[39.661956142648,24.4826251477136],[39.6619330651505,24.4827424662994],[39.6619242873838,24.4827411961236],[39.6618853039077,24.4827355471527],[39.6617459260945,24.4827153432907],[39.6616893940019,24.4827071511553],[39.6616966896115,24.4826667383732],[39.6617143106281,24.4825804762299],[39.6617336221734,24.4825840429996],[39.6617704168145,24.4825908332234],[39.6618598071209,24.4826073536507],[39.6619087458692,24.4826163945222],[39.661947439103,24.4826235385394],[39.661956142648,24.4826251477136]]]}},{"type":"Feature","properties":{"code":"N28-5","name":"N28-5","land_use":"Low/Med Density Residential","sector":"North","gfa":234.3,"area":205.5,"floors":3,"height":12,"coverage":0,"far":1.14,"style":"PolyStyle0286"},"geometry":{"type":"Polygon","coordinates":[[[39.6586989379336,24.482693850596],[39.6584701940467,24.4827784254818],[39.6584398079444,24.4827095938561],[39.658668552721,24.4826250199166],[39.6586766086573,24.4826432723131],[39.6586988360877,24.4826936225477],[39.6586989379336,24.482693850596]]]}},{"type":"Feature","properties":{"code":"N28-63","name":"N28-63","land_use":"Low/Med Density Residential","sector":"North","gfa":236.5,"area":190.75,"floors":3,"height":12,"coverage":0,"far":1.24,"style":"PolyStyle0286"},"geometry":{"type":"Polygon","coordinates":[[[39.6594896279119,24.4827355447852],[39.6592700737987,24.4827784048253],[39.6592536565731,24.4826996213058],[39.6594750354854,24.4826655173181],[39.6594896279119,24.4827355447852]]]}},{"type":"Feature","properties":{"code":"N27-495","name":"N27-495","land_use":"Low/Med Density Residential","sector":"North","gfa":360,"area":339.86,"floors":3,"height":12,"coverage":0,"far":1.06,"style":"PolyStyle0286"},"geometry":{"type":"Polygon","coordinates":[[[39.6612787787234,24.4826550439332],[39.6612605572824,24.4827758380954],[39.6612517435962,24.4827748696837],[39.6612125490693,24.4827705653227],[39.661072434634,24.482755178658],[39.6610156048387,24.4827489338218],[39.6610218415584,24.4827037571663],[39.6610224813294,24.4826972021455],[39.6610292755051,24.482627638491],[39.6612307685726,24.4826497693677],[39.6612699610982,24.4826540755396],[39.6612787787234,24.4826550439332]]]}},{"type":"Feature","properties":{"code":"N28-52","name":"N28-52","land_use":"Low/Med Density Residential","sector":"North","gfa":230.7,"area":233.01,"floors":3,"height":12,"coverage":0,"far":0.99,"style":"PolyStyle0286"},"geometry":{"type":"Polygon","coordinates":[[[39.659105134023,24.4827032840457],[39.6589005265529,24.482788191384],[39.6588894307717,24.4827632483099],[39.6588708489272,24.4827214737005],[39.6588615345205,24.4827005291483],[39.6590393249813,24.4826292135886],[39.6590438925158,24.4826277739385],[39.6590486541584,24.482627034272],[39.6590534856629,24.4826270131937],[39.6590582538079,24.4826277112847],[39.6590628361327,24.4826291110168],[39.6590669408038,24.4826310754838],[39.6590706615602,24.4826336024708],[39.6590739053158,24.4826366300676],[39.6590765927292,24.4826400827573],[39.6590786592237,24.4826438777337],[39.659105134023,24.4827032840457]]]}},{"type":"Feature","properties":{"code":"N27-420","name":"N27-420","land_use":"Low/Med Density Residential","sector":"North","gfa":340,"area":342.01,"floors":3,"height":12,"coverage":0,"far":0.99,"style":"PolyStyle0286"},"geometry":{"type":"Polygon","coordinates":[[[39.6616893940019,24.4827071511553],[39.661677100189,24.4827845862332],[39.6616205880008,24.4827777522954],[39.6614805719358,24.4827608049678],[39.6614519381366,24.4827573413009],[39.6614413218096,24.4827560592784],[39.6614325174584,24.4827549887824],[39.6614350917102,24.4827375380369],[39.6614358156748,24.4827327455594],[39.6614535517414,24.4826284365614],[39.6614623093631,24.4826298197445],[39.6615013289395,24.4826359653899],[39.6616405172763,24.4826578907757],[39.6616966896115,24.4826667383732],[39.6616893940019,24.4827071511553]]]}},{"type":"Feature","properties":{"code":"N27-506","name":"N27-506","land_use":"Low/Med Density Residential","sector":"North","gfa":475,"area":543.2,"floors":3,"height":12,"coverage":0,"far":0.87,"style":"PolyStyle0286"},"geometry":{"type":"Polygon","coordinates":[[[39.660148340939,24.4827435784044],[39.6599505733116,24.4828317600174],[39.6599386370766,24.4828010578109],[39.6599121066273,24.482721441574],[39.6598913579542,24.4826404002907],[39.6600905468582,24.4825668730878],[39.6601290776373,24.4825818646929],[39.6601918101959,24.482724191467],[39.6601838264283,24.4827277557974],[39.660148340939,24.4827435784044]]]}},{"type":"Feature","properties":{"code":"N28-6","name":"N28-6","land_use":"Low/Med Density Residential","sector":"North","gfa":234.2,"area":205.43,"floors":3,"height":12,"coverage":0,"far":1.14,"style":"PolyStyle0286"},"geometry":{"type":"Polygon","coordinates":[[[39.6587293241716,24.4827626821669],[39.6585007338274,24.4828471986299],[39.6584737561392,24.4827864947937],[39.6584701940467,24.4827784254818],[39.6586989379336,24.482693850596],[39.6587069109848,24.4827119136943],[39.6587293241716,24.4827626821669]]]}},{"type":"Feature","properties":{"code":"N28-51","name":"N28-51","land_use":"Low/Med Density Residential","sector":"North","gfa":230.1,"area":187.08,"floors":3,"height":12,"coverage":0,"far":1.23,"style":"PolyStyle0286"},"geometry":{"type":"Polygon","coordinates":[[[39.6591368512028,24.48277163287],[39.6589323519663,24.4828564955264],[39.658902083454,24.4827915352132],[39.6589005265529,24.482788191384],[39.659105134023,24.4827032840457],[39.6591368512028,24.48277163287]]]}},{"type":"Feature","properties":{"code":"N28-64","name":"N28-64","land_use":"Low/Med Density Residential","sector":"North","gfa":236.1,"area":190.41,"floors":3,"height":12,"coverage":0,"far":1.24,"style":"PolyStyle0286"},"geometry":{"type":"Polygon","coordinates":[[[39.6595074776,24.4828047479203],[39.6592901845375,24.4828563747568],[39.6592700737987,24.4827784048253],[39.6594896279119,24.4827355447852],[39.6595040309877,24.4827913939045],[39.659507449465,24.482804651408],[39.6595074776,24.4828047479203]]]}},{"type":"Feature","properties":{"code":"N27-OS5","name":"N27-OS5","land_use":"Open Space","sector":"North","gfa":0,"area":1390.18,"floors":0,"height":0,"coverage":0,"far":0,"style":"PolyStyle02"},"geometry":{"type":"Polygon","coordinates":[[[39.6605801806592,24.4828611533304],[39.6605467864063,24.4828638518647],[39.6605133748432,24.4828613391836],[39.6604809099408,24.4828536877814],[39.660450328357,24.4828411184116],[39.6604225124127,24.4828239937183],[39.6603982646356,24.4828028077724],[39.6603782846054,24.4827781718179],[39.6603631487709,24.4827507966355],[39.6603092412704,24.4826284890189],[39.6603298316803,24.4826208876684],[39.6603113741811,24.4825790106456],[39.6602907837721,24.4825866110904],[39.6602663552319,24.4825311878937],[39.6602827374434,24.4824959275617],[39.6605471649614,24.4823983125615],[39.6605570103639,24.4823955613302],[39.6605672276519,24.4823944122401],[39.6605775079938,24.4823949000241],[39.6605875406519,24.482397009938],[39.660597022375,24.482400678207],[39.6606056665649,24.4824057939523],[39.6606132119385,24.4824122025435],[39.6606194304263,24.4824197102718],[39.6606241340655,24.4824280902056],[39.6606271806815,24.4824370890496],[39.6606359747425,24.4824841608025],[39.6606402061301,24.4825317583362],[39.6606398419752,24.4825795119731],[39.6606348851008,24.4826270508228],[39.6606209620197,24.4827270978184],[39.6606097838065,24.4828274327918],[39.6605801806592,24.4828611533304]]]}},{"type":"Feature","properties":{"code":"N27-414","name":"N27-414","land_use":"Low/Med Density Residential","sector":"North","gfa":360,"area":343.31,"floors":3,"height":12,"coverage":0,"far":1.05,"style":"PolyStyle0286"},"geometry":{"type":"Polygon","coordinates":[[[39.6619170242848,24.48284798263],[39.6619154026157,24.4828605685538],[39.6619065743108,24.4828596372729],[39.6618673628177,24.4828554939146],[39.6618513403311,24.4828538002979],[39.6617271859508,24.4828406545286],[39.6616703209432,24.4828346710992],[39.661677100189,24.4827845862332],[39.6616893940019,24.4827071511553],[39.6617459260945,24.4827153432907],[39.6618853039077,24.4827355471527],[39.6619242873838,24.4827411961236],[39.6619330651505,24.4827424662994],[39.6619176175842,24.4828434941752],[39.6619173204435,24.4828457388564],[39.6619170242848,24.48284798263]]]}},{"type":"Feature","properties":{"code":"N27-479","name":"N27-479","land_use":"Low/Med Density Residential","sector":"North","gfa":360,"area":439.48,"floors":3,"height":12,"coverage":0,"far":0.82,"style":"PolyStyle0286"},"geometry":{"type":"Polygon","coordinates":[[[39.659713564561,24.4828713634944],[39.6597051535006,24.4828739886023],[39.6597040104798,24.4828709130108],[39.6597028753583,24.482867838288],[39.6596831899297,24.4828104929617],[39.6596660475105,24.4827524677622],[39.6596866156607,24.4827159808229],[39.6598913579542,24.4826404002907],[39.6599121066273,24.482721441574],[39.6599386370766,24.4828010578109],[39.6597509231336,24.48285969444],[39.659713564561,24.4828713634944]]]}},{"type":"Feature","properties":{"code":"N27-501","name":"N27-501","land_use":"Low/Med Density Residential","sector":"North","gfa":475,"area":500,"floors":3,"height":12,"coverage":0,"far":0.95,"style":"PolyStyle0286"},"geometry":{"type":"Polygon","coordinates":[[[39.6610014583841,24.4828753095418],[39.6610013163459,24.4828768337466],[39.6608037382118,24.482861586275],[39.6608021387668,24.4828614433516],[39.6607644070891,24.4828585287175],[39.6607628038006,24.4828584056794],[39.6607539549433,24.4828576947851],[39.6607575565129,24.4828360697966],[39.6607737246999,24.482699193569],[39.660774452205,24.4826939404814],[39.6607766801375,24.4826781855356],[39.6607867865113,24.482678950535],[39.6608261204587,24.482681992722],[39.6610224813294,24.4826972021455],[39.6610218415584,24.4827037571663],[39.6610156048387,24.4827489338218],[39.6610049364776,24.482839880719],[39.6610044969453,24.4828441517462],[39.6610042013628,24.482847075574],[39.6610039047982,24.4828500003093],[39.6610033993248,24.4828550609623],[39.6610019312734,24.4828702454189],[39.6610016238144,24.4828735404859],[39.6610014583841,24.4828753095418]]]}},{"type":"Feature","properties":{"code":"N27-494","name":"N27-494","land_use":"Low/Med Density Residential","sector":"North","gfa":360,"area":341.13,"floors":3,"height":12,"coverage":0,"far":1.06,"style":"PolyStyle0286"},"geometry":{"type":"Polygon","coordinates":[[[39.6612605572824,24.4827758380954],[39.6612472802401,24.4828944250324],[39.661238423611,24.4828937385851],[39.6611990944443,24.4828906811326],[39.6610584850361,24.482879745451],[39.6610014583841,24.4828753095418],[39.6610016238144,24.4828735404859],[39.6610019312734,24.4828702454189],[39.6610033993248,24.4828550609623],[39.6610039047982,24.4828500003093],[39.6610042013628,24.482847075574],[39.6610044969453,24.4828441517462],[39.6610049364776,24.482839880719],[39.6610156048387,24.4827489338218],[39.661072434634,24.482755178658],[39.6612125490693,24.4827705653227],[39.6612517435962,24.4827748696837],[39.6612605572824,24.4827758380954]]]}},{"type":"Feature","properties":{"code":"N27-343","name":"N27-343","land_use":"Low/Med Density Residential","sector":"North","gfa":475,"area":567.71,"floors":3,"height":12,"coverage":0,"far":0.84,"style":"PolyStyle0286"},"geometry":{"type":"Polygon","coordinates":[[[39.662348164121,24.4827700510157],[39.6623278417274,24.4828985798876],[39.6621112478917,24.4828752405472],[39.6620720448446,24.4828710159234],[39.6620632243428,24.482870067458],[39.6620646799667,24.4828589444308],[39.6620651948466,24.4828551237336],[39.6620655654091,24.4828523892331],[39.6620658608949,24.482850205972],[39.6620660891562,24.4828485657876],[39.6620664646481,24.4828458303623],[39.6620689547112,24.4828283375294],[39.6620693263936,24.4828258170663],[39.6620695959778,24.4828239644648],[39.6620698648918,24.4828221723761],[39.66207024614,24.4828195940706],[39.6620722420535,24.4828064890107],[39.662072635479,24.4828039747741],[39.6620729248044,24.4828021229893],[39.6620732085255,24.4828003317389],[39.6620736144631,24.4827977569376],[39.6620764988482,24.4827799959525],[39.6620771743762,24.4827759469619],[39.6620794063103,24.4827628733802],[39.6620801641164,24.4827585178674],[39.6620916089186,24.4826976643669],[39.6620924852519,24.4826933291065],[39.6620965104524,24.4826738751677],[39.6621052294373,24.4826754165307],[39.6621439872945,24.4826822694053],[39.6623581176901,24.482720135541],[39.6623489467128,24.4827659076289],[39.662348164121,24.4827700510157]]]}},{"type":"Feature","properties":{"code":"N28-7","name":"N28-7","land_use":"Low/Med Density Residential","sector":"North","gfa":234.2,"area":205.43,"floors":3,"height":12,"coverage":0,"far":1.14,"style":"PolyStyle0286"},"geometry":{"type":"Polygon","coordinates":[[[39.6587598749288,24.4828314525031],[39.6585311199833,24.4829160275314],[39.6585007338274,24.4828471986299],[39.6587293241716,24.4827626821669],[39.6587598749288,24.4828314525031]]]}},{"type":"Feature","properties":{"code":"N27-421","name":"N27-421","land_use":"Low/Med Density Residential","sector":"North","gfa":360,"area":342.29,"floors":3,"height":12,"coverage":0,"far":1.05,"style":"PolyStyle0286"},"geometry":{"type":"Polygon","coordinates":[[[39.6616703209432,24.4828346710992],[39.6616625478606,24.4829030460255],[39.6616057955205,24.4828982316344],[39.6614651640661,24.4828862948557],[39.6614257435855,24.4828829488599],[39.6614168915507,24.4828821973775],[39.6614184380264,24.4828672997703],[39.661418955613,24.4828624829088],[39.6614251437707,24.4828095539692],[39.661425752197,24.4828047466444],[39.6614276258678,24.4827903316829],[39.6614282658818,24.482785526026],[39.6614286971787,24.4827823252449],[39.6614291334144,24.4827791253453],[39.6614295676576,24.482775921842],[39.6614302323658,24.4827711205925],[39.6614325174584,24.4827549887824],[39.6614413218096,24.4827560592784],[39.6614519381366,24.4827573413009],[39.6614805719358,24.4827608049678],[39.6616205880008,24.4827777522954],[39.661677100189,24.4827845862332],[39.6616703209432,24.4828346710992]]]}},{"type":"Feature","properties":{"code":"N28-50","name":"N28-50","land_use":"Low/Med Density Residential","sector":"North","gfa":231.9,"area":187.05,"floors":3,"height":12,"coverage":0,"far":1.24,"style":"PolyStyle0286"},"geometry":{"type":"Polygon","coordinates":[[[39.6591697915178,24.4828394886581],[39.6589652960681,24.4829243368932],[39.6589323519663,24.4828564955264],[39.6591368512028,24.48277163287],[39.6591697915178,24.4828394886581]]]}},{"type":"Feature","properties":{"code":"N28-65","name":"N28-65","land_use":"Low/Med Density Residential","sector":"North","gfa":232,"area":187.08,"floors":3,"height":12,"coverage":0,"far":1.24,"style":"PolyStyle0286"},"geometry":{"type":"Polygon","coordinates":[[[39.659529562267,24.4828761064015],[39.6593121320707,24.4829279515245],[39.6593121049981,24.4829278694577],[39.6592901845375,24.4828563747568],[39.6595074776,24.4828047479203],[39.659529562267,24.4828761064015]]]}},{"type":"Feature","properties":{"code":"N28-8","name":"N28-8","land_use":"Low/Med Density Residential","sector":"North","gfa":234.3,"area":205.53,"floors":3,"height":12,"coverage":0,"far":1.14,"style":"PolyStyle0286"},"geometry":{"type":"Polygon","coordinates":[[[39.6587915387066,24.4828998088593],[39.6585627304898,24.482984406747],[39.6585311199833,24.4829160275314],[39.6587598749288,24.4828314525031],[39.6587815500296,24.4828782476946],[39.6587915387066,24.4828998088593]]]}},{"type":"Feature","properties":{"code":"N28-49","name":"N28-49","land_use":"Low/Med Density Residential","sector":"North","gfa":231.9,"area":187.01,"floors":3,"height":12,"coverage":0,"far":1.24,"style":"PolyStyle0286"},"geometry":{"type":"Polygon","coordinates":[[[39.6592038493837,24.4829068527728],[39.6589993519377,24.4829917128042],[39.6589652960681,24.4829243368932],[39.6591697915178,24.4828394886581],[39.6592038493837,24.4829068527728]]]}},{"type":"Feature","properties":{"code":"N27-413","name":"N27-413","land_use":"Low/Med Density Residential","sector":"North","gfa":360,"area":343.08,"floors":3,"height":12,"coverage":0,"far":1.05,"style":"PolyStyle0286"},"geometry":{"type":"Polygon","coordinates":[[[39.6619086228551,24.4829197804795],[39.6619031914618,24.4829792447922],[39.661894333356,24.4829786550251],[39.6618549649533,24.4829760278067],[39.6617945870142,24.4829719934215],[39.6617142212786,24.4829666178129],[39.6616571376707,24.4829628127877],[39.6616625478606,24.4829030460255],[39.6616703209432,24.4828346710992],[39.6617271859508,24.4828406545286],[39.6618513403311,24.4828538002979],[39.6618673628177,24.4828554939146],[39.6619065743108,24.4828596372729],[39.6619154026157,24.4828605685538],[39.6619136333484,24.4828749342936],[39.6619130953537,24.4828794306342],[39.6619125642572,24.4828839251383],[39.6619120440347,24.4828884232072],[39.6619115277501,24.4828929194527],[39.6619110223299,24.4828974174568],[39.6619090766822,24.4829154181713],[39.6619086228551,24.4829197804795]]]}},{"type":"Feature","properties":{"code":"N27-480","name":"N27-480","land_use":"Low/Med Density Residential","sector":"North","gfa":360,"area":359.54,"floors":3,"height":12,"coverage":0,"far":1,"style":"PolyStyle0286"},"geometry":{"type":"Polygon","coordinates":[[[39.6597696182251,24.4830012834848],[39.6597615148356,24.4830046234358],[39.6597245518451,24.4829231588974],[39.6597232836138,24.4829201064313],[39.6597134075963,24.4828955780505],[39.659712207339,24.4828925027091],[39.659707475233,24.4828801712389],[39.6597063104171,24.4828770794863],[39.6597051535006,24.4828739886023],[39.659713564561,24.4828713634944],[39.6597509231336,24.48285969444],[39.6599386370766,24.4828010578109],[39.6599505733116,24.4828317600174],[39.659986459756,24.4829118988894],[39.659934281648,24.4829334073396],[39.6598056152786,24.4829864557886],[39.6597696182251,24.4830012834848]]]}},{"type":"Feature","properties":{"code":"N27-493","name":"N27-493","land_use":"Low/Med Density Residential","sector":"North","gfa":360,"area":340.9,"floors":3,"height":12,"coverage":0,"far":1.06,"style":"PolyStyle0286"},"geometry":{"type":"Polygon","coordinates":[[[39.6612472802401,24.4828944250324],[39.6612385060213,24.4830133589285],[39.6612296429524,24.4830129524799],[39.6611902166589,24.4830111444821],[39.6610492703053,24.4830046852871],[39.6609921050327,24.4830020607611],[39.6610005323468,24.4828854386043],[39.6610009914299,24.4828803763481],[39.6610013163459,24.4828768337466],[39.6610014583841,24.4828753095418],[39.6610584850361,24.482879745451],[39.6611990944443,24.4828906811326],[39.661238423611,24.4828937385851],[39.6612472802401,24.4828944250324]]]}},{"type":"Feature","properties":{"code":"N28-66","name":"N28-66","land_use":"Low/Med Density Residential","sector":"North","gfa":231.9,"area":244.08,"floors":3,"height":12,"coverage":0,"far":0.95,"style":"PolyStyle0286"},"geometry":{"type":"Polygon","coordinates":[[[39.6593733444909,24.4830231950754],[39.6593679428364,24.4830236458342],[39.6593625377163,24.4830232422452],[39.6593572880573,24.4830219926459],[39.6593533560203,24.4830203977177],[39.6593497320863,24.4830182740155],[39.6593465023776,24.4830156726421],[39.6593437421994,24.4830126519722],[39.6593415141031,24.4830092848866],[39.6593398707813,24.4830056461154],[39.6593121320707,24.4829279515245],[39.659529562267,24.4828761064015],[39.6595533950928,24.4829409194737],[39.6595592441663,24.4829568215714],[39.6595593923121,24.4829572228183],[39.6593785798997,24.4830218997105],[39.6593733444909,24.4830231950754]]]}},{"type":"Feature","properties":{"code":"N27-422","name":"N27-422","land_use":"Low/Med Density Residential","sector":"North","gfa":360,"area":341.67,"floors":3,"height":12,"coverage":0,"far":1.05,"style":"PolyStyle0286"},"geometry":{"type":"Polygon","coordinates":[[[39.6616571376707,24.4829628127877],[39.6616530523908,24.4830219316196],[39.6615961448171,24.4830191463396],[39.6614551033396,24.4830122399871],[39.661415561883,24.4830103006952],[39.6614066996451,24.48300986445],[39.6614168915507,24.4828821973775],[39.6614257435855,24.4828829488599],[39.6614651640661,24.4828862948557],[39.6616057955205,24.4828982316344],[39.6616625478606,24.4829030460255],[39.6616571376707,24.4829628127877]]]}},{"type":"Feature","properties":{"code":"N28-48","name":"N28-48","land_use":"Low/Med Density Residential","sector":"North","gfa":230.1,"area":187.08,"floors":3,"height":12,"coverage":0,"far":1.23,"style":"PolyStyle0286"},"geometry":{"type":"Polygon","coordinates":[[[39.6590345245484,24.4830586304622],[39.6590344969688,24.4830586405169],[39.6590163852296,24.4830241530562],[39.6589993519377,24.4829917128042],[39.6592038493837,24.4829068527728],[39.6592390949419,24.4829737393576],[39.6590345245484,24.4830586304622]]]}},{"type":"Feature","properties":{"code":"N28-9","name":"N28-9","land_use":"Low/Med Density Residential","sector":"North","gfa":232.6,"area":258.45,"floors":3,"height":12,"coverage":0,"far":0.9,"style":"PolyStyle0286"},"geometry":{"type":"Polygon","coordinates":[[[39.6588307805523,24.4829808618039],[39.6586061048859,24.4830741280594],[39.6585627304898,24.482984406747],[39.6587915387066,24.4828998088593],[39.6588307805523,24.4829808618039]]]}},{"type":"Feature","properties":{"code":"N27-505","name":"N27-505","land_use":"Low/Med Density Residential","sector":"North","gfa":750,"area":703.45,"floors":3,"height":12,"coverage":0,"far":1.07,"style":"PolyStyle0286"},"geometry":{"type":"Polygon","coordinates":[[[39.6602486942589,24.4829186039061],[39.6600890236656,24.4830837322002],[39.6600755378741,24.4830641633623],[39.6600454740254,24.4830181257188],[39.6600145982122,24.4829656491304],[39.659986459756,24.4829118988894],[39.6599505733116,24.4828317600174],[39.660148340939,24.4827435784044],[39.6601838264283,24.4827277557974],[39.6601918101959,24.482724191467],[39.6602258709765,24.4828014726224],[39.6602423361089,24.4828335246452],[39.6602626163683,24.4828636895358],[39.6602635593348,24.4828649245112],[39.6602807370764,24.482885464319],[39.6602748516859,24.4828915518643],[39.6602486942589,24.4829186039061]]]}},{"type":"Feature","properties":{"code":"N27-342","name":"N27-342","land_use":"Low/Med Density Residential","sector":"North","gfa":475,"area":567.46,"floors":3,"height":12,"coverage":0,"far":0.84,"style":"PolyStyle0286"},"geometry":{"type":"Polygon","coordinates":[[[39.6623278417274,24.4828985798876],[39.6623181093367,24.4829884479116],[39.662311999654,24.4830785829674],[39.6620941153865,24.4830698935454],[39.6620546794516,24.4830683224365],[39.6620458047907,24.4830679648558],[39.6620461428408,24.4830610914456],[39.6620462726659,24.4830585557861],[39.6620463684696,24.4830566849806],[39.6620464476312,24.4830552170447],[39.6620466020025,24.4830522802872],[39.6620468434252,24.4830478746561],[39.6620469690873,24.4830456749798],[39.6620470756421,24.4830437842583],[39.6620472514542,24.4830407959283],[39.6620473509508,24.483039065092],[39.6620474972173,24.4830366539926],[39.6620476179319,24.4830346403831],[39.6620479321836,24.483029631141],[39.6620480809625,24.4830273229875],[39.6620482434568,24.4830248070537],[39.6620484597838,24.4830214518747],[39.6620493809687,24.4830081483209],[39.6620495394512,24.4830059972698],[39.6620496683023,24.4830042184389],[39.6620499210616,24.483000847747],[39.6620500232699,24.4829994465419],[39.6620501941465,24.4829972123484],[39.662050360448,24.482995046813],[39.6620505038793,24.482993225471],[39.6620507416914,24.4829902043565],[39.662050879542,24.4829884480644],[39.6620510565144,24.4829862472601],[39.6620514311958,24.4829816595155],[39.6620516394055,24.4829792047943],[39.662051783196,24.4829774520887],[39.6620519423315,24.4829756144215],[39.6620521578876,24.4829730549048],[39.6620541537596,24.4829510774802],[39.6620544038453,24.4829485160059],[39.6620545778068,24.4829466827893],[39.6620547548942,24.4829448811687],[39.6620550077938,24.482942291685],[39.6620552282101,24.482940095206],[39.6620554456565,24.4829378969336],[39.66205570282,24.4829353679411],[39.6620558924242,24.4829335066589],[39.6620560793799,24.482931704995],[39.6620563470771,24.4829291145433],[39.6620568105122,24.4829247034235],[39.6620570853347,24.4829221544846],[39.6620572791083,24.4829203356314],[39.6620574787367,24.4829185041086],[39.6620577554855,24.48291594613],[39.6620592519851,24.4829026391514],[39.6620594994427,24.4829005184169],[39.6620597449312,24.4828983985941],[39.6620602854182,24.4828938137353],[39.6620605369695,24.4828917209799],[39.6620607855604,24.4828896282375],[39.662061858783,24.4828808631568],[39.6620621335031,24.4828786718585],[39.6620624062494,24.4828764805688],[39.6620632243428,24.482870067458],[39.6620720448446,24.4828710159234],[39.6621112478917,24.4828752405472],[39.6623278417274,24.4828985798876]]]}},{"type":"Feature","properties":{"code":"N27-481","name":"N27-481","land_use":"Low/Med Density Residential","sector":"North","gfa":360,"area":359.44,"floors":3,"height":12,"coverage":0,"far":1,"style":"PolyStyle0286"},"geometry":{"type":"Polygon","coordinates":[[[39.6598387916644,24.4831257987],[39.6598310668252,24.483129819769],[39.6598257988991,24.4831212847009],[39.659824057034,24.4831184329935],[39.6597914559765,24.4830621403228],[39.6597615148356,24.4830046234358],[39.6597696182251,24.4830012834848],[39.6598056152786,24.4829864557886],[39.659934281648,24.4829334073396],[39.659986459756,24.4829118988894],[39.6600145982122,24.4829656491304],[39.6600454740254,24.4830181257188],[39.6599957395876,24.4830440344095],[39.6598730961986,24.4831079257946],[39.6598387916644,24.4831257987]]]}},{"type":"Feature","properties":{"code":"N27-492","name":"N27-492","land_use":"Low/Med Density Residential","sector":"North","gfa":360,"area":330.32,"floors":3,"height":12,"coverage":0,"far":1.09,"style":"PolyStyle0286"},"geometry":{"type":"Polygon","coordinates":[[[39.6612385060213,24.4830133589285],[39.6612342457536,24.4831325006533],[39.6612253529677,24.4831320744658],[39.6611859265427,24.4831302484054],[39.6610449792346,24.4831238208225],[39.6609877053427,24.4831211940618],[39.6609898959826,24.4830482484579],[39.6609901064421,24.4830431981272],[39.6609921050327,24.4830020607611],[39.6610492703053,24.4830046852871],[39.6611902166589,24.4830111444821],[39.6612296429524,24.4830129524799],[39.6612385060213,24.4830133589285]]]}},{"type":"Feature","properties":{"code":"N28-47","name":"N28-47","land_use":"Low/Med Density Residential","sector":"North","gfa":230.9,"area":235.66,"floors":3,"height":12,"coverage":0,"far":0.98,"style":"PolyStyle0286"},"geometry":{"type":"Polygon","coordinates":[[[39.6592825528748,24.4830526983827],[39.6590829973514,24.4831468292857],[39.659060140322,24.4831052413387],[39.6590510889692,24.4830887715748],[39.6590345245484,24.4830586304622],[39.6592390949419,24.4829737393576],[39.6592825528748,24.4830526983827]]]}},{"type":"Feature","properties":{"code":"N28-10","name":"N28-10","land_use":"Low/Med Density Residential","sector":"North","gfa":234.9,"area":260.96,"floors":3,"height":12,"coverage":0,"far":0.9,"style":"PolyStyle0286"},"geometry":{"type":"Polygon","coordinates":[[[39.6588709643711,24.4830601088799],[39.6586527594972,24.4831659059368],[39.6586061048859,24.4830741280594],[39.6588307805523,24.4829808618039],[39.6588709643711,24.4830601088799]]]}},{"type":"Feature","properties":{"code":"N28-67","name":"N28-67","land_use":"Low/Med Density Residential","sector":"North","gfa":230.5,"area":245.16,"floors":3,"height":12,"coverage":0,"far":0.94,"style":"PolyStyle0286"},"geometry":{"type":"Polygon","coordinates":[[[39.6596083872644,24.4830673372982],[39.6594129025788,24.4831701471157],[39.6593754039376,24.48309134094],[39.6593739812934,24.4830872514463],[39.6593732851621,24.4830830088614],[39.6593733279314,24.4830787178948],[39.6593741101708,24.4830744878228],[39.6593756126895,24.4830704234926],[39.6593777965322,24.4830666244186],[39.6593806079454,24.4830631910831],[39.6593839772973,24.4830602068782],[39.6593878181233,24.4830577444318],[39.659392036036,24.4830558709876],[39.6595733479032,24.4829910175937],[39.6596083872644,24.4830673372982]]]}},{"type":"Feature","properties":{"code":"N27-502","name":"N27-502","land_use":"Low/Med Density Residential","sector":"North","gfa":750,"area":954.63,"floors":3,"height":12,"coverage":0,"far":0.79,"style":"PolyStyle0286"},"geometry":{"type":"Polygon","coordinates":[[[39.6608643986339,24.4831630554405],[39.660739236465,24.4831962069042],[39.6606679001694,24.4829706339021],[39.6606925625658,24.4829536579608],[39.6607139879616,24.4829333323651],[39.6607316392174,24.4829101666835],[39.6607450738134,24.4828847416863],[39.6607539549433,24.4828576947851],[39.6607628038006,24.4828584056794],[39.6607644070891,24.4828585287175],[39.6608021387668,24.4828614433516],[39.6608037382118,24.482861586275],[39.6610013163459,24.4828768337466],[39.6610009914299,24.4828803763481],[39.6610005323468,24.4828854386043],[39.6609921050327,24.4830020607611],[39.6609901064421,24.4830431981272],[39.6609898959826,24.4830482484579],[39.6609877053427,24.4831211940618],[39.6609876518402,24.4831239867793],[39.6609895252514,24.4831299121577],[39.6608643986339,24.4831630554405]]]}},{"type":"Feature","properties":{"code":"N27-412","name":"N27-412","land_use":"Low/Med Density Residential","sector":"North","gfa":475,"area":566.12,"floors":3,"height":12,"coverage":0,"far":0.84,"style":"PolyStyle0286"},"geometry":{"type":"Polygon","coordinates":[[[39.661868708796,24.483150890647],[39.6616483772868,24.4832092408361],[39.6616491460759,24.483115553435],[39.6616530523908,24.4830219316196],[39.6616571376707,24.4829628127877],[39.6617142212786,24.4829666178129],[39.6617945870142,24.4829719934215],[39.6618549649533,24.4829760278067],[39.661894333356,24.4829786550251],[39.6619031914618,24.4829792447922],[39.6618958475205,24.4831184965227],[39.661868708796,24.483150890647]]]}},{"type":"Feature","properties":{"code":"N28-11","name":"N28-11","land_use":"Low/Med Density Residential","sector":"North","gfa":234.4,"area":205.64,"floors":3,"height":12,"coverage":0,"far":1.14,"style":"PolyStyle0286"},"geometry":{"type":"Polygon","coordinates":[[[39.6589063064531,24.4831269842847],[39.6586882147043,24.4832327276151],[39.6586527594972,24.4831659059368],[39.6588709643711,24.4830601088799],[39.6588854151428,24.4830874513926],[39.6589063064531,24.4831269842847]]]}},{"type":"Feature","properties":{"code":"N28-46","name":"N28-46","land_use":"Low/Med Density Residential","sector":"North","gfa":230.9,"area":235.64,"floors":3,"height":12,"coverage":0,"far":0.98,"style":"PolyStyle0286"},"geometry":{"type":"Polygon","coordinates":[[[39.6593276144146,24.4831308836353],[39.6591333948306,24.4832341273993],[39.6590829973514,24.4831468292857],[39.6592825528748,24.4830526983827],[39.6593276144146,24.4831308836353]]]}},{"type":"Feature","properties":{"code":"N28-68","name":"N28-68","land_use":"Low/Med Density Residential","sector":"North","gfa":230.6,"area":187.52,"floors":3,"height":12,"coverage":0,"far":1.23,"style":"PolyStyle0286"},"geometry":{"type":"Polygon","coordinates":[[[39.6596434530297,24.4831345171827],[39.6594485626984,24.483237013774],[39.6594129025788,24.4831701471157],[39.6596083872644,24.4830673372982],[39.659618835817,24.4830873547509],[39.6596434530297,24.4831345171827]]]}},{"type":"Feature","properties":{"code":"N27-482","name":"N27-482","land_use":"Low/Med Density Residential","sector":"North","gfa":360,"area":348.16,"floors":3,"height":12,"coverage":0,"far":1.03,"style":"PolyStyle0286"},"geometry":{"type":"Polygon","coordinates":[[[39.6599146233712,24.4832379823303],[39.6599071690751,24.4832424104371],[39.6598665005523,24.4831840813994],[39.6598310668252,24.483129819769],[39.6598387916644,24.4831257987],[39.6598730961986,24.4831079257946],[39.6599957395876,24.4830440344095],[39.6600454740254,24.4830181257188],[39.6600755378741,24.4830641633623],[39.6600890236656,24.4830837322002],[39.6601140786797,24.4831194436367],[39.6600660828847,24.4831479683512],[39.6599477293709,24.4832183083799],[39.6599146233712,24.4832379823303]]]}},{"type":"Feature","properties":{"code":"N27-423","name":"N27-423","land_use":"Low/Med Density Residential","sector":"North","gfa":475,"area":608.04,"floors":3,"height":12,"coverage":0,"far":0.78,"style":"PolyStyle0286"},"geometry":{"type":"Polygon","coordinates":[[[39.6616483772868,24.4832092408361],[39.6614597941063,24.4832591844256],[39.6614017915601,24.4832200690742],[39.6614021734422,24.4831257069572],[39.6614055213923,24.4830313939472],[39.6614057724321,24.483026558384],[39.6614066996451,24.48300986445],[39.661415561883,24.4830103006952],[39.6614551033396,24.4830122399871],[39.6615961448171,24.4830191463396],[39.6616530523908,24.4830219316196],[39.6616491460759,24.483115553435],[39.6616483772868,24.4832092408361]]]}},{"type":"Feature","properties":{"code":"N27-341","name":"N27-341","land_use":"Low/Med Density Residential","sector":"North","gfa":475,"area":567.21,"floors":3,"height":12,"coverage":0,"far":0.84,"style":"PolyStyle0286"},"geometry":{"type":"Polygon","coordinates":[[[39.6620532263773,24.4832662582301],[39.6620443499205,24.4832665030463],[39.6620442653765,24.483263924976],[39.6620441297969,24.4832595146753],[39.6620432540185,24.4832198267817],[39.6620431954118,24.4832154161437],[39.6620431476745,24.4832110081674],[39.6620430121555,24.4831845442952],[39.6620430186798,24.4831801333718],[39.6620430258892,24.4831779278927],[39.662043031125,24.4831757224223],[39.6620430514649,24.4831713114383],[39.6620430826599,24.4831669004067],[39.6620433452316,24.483144848394],[39.6620433911809,24.4831423140052],[39.6620434228218,24.4831404398684],[39.6620434507534,24.4831389884134],[39.662043506333,24.4831360313169],[39.6620435539741,24.4831338202418],[39.6620435909981,24.4831320318789],[39.6620436574234,24.4831290729286],[39.6620436999856,24.4831272113878],[39.6620437535241,24.4831249957712],[39.6620438071713,24.4831228009262],[39.6620438549276,24.4831209890349],[39.6620439347715,24.4831179541626],[39.6620439837556,24.4831161883256],[39.6620440452407,24.4831139826087],[39.6620449519091,24.4830875322313],[39.6620450631679,24.4830848431208],[39.6620451311522,24.4830831250665],[39.6620452207127,24.4830810041209],[39.662045333171,24.483078355646],[39.6620455132089,24.4830742889583],[39.6620456142995,24.4830721083555],[39.6620457142756,24.483069903373],[39.6620458047907,24.4830679648558],[39.6620546794516,24.4830683224365],[39.6620941153865,24.4830698935454],[39.662311999654,24.4830785829674],[39.6623116912504,24.4830852729123],[39.6623095592341,24.4831641957611],[39.6623102054724,24.4832431405084],[39.6623103182635,24.4832473431883],[39.6623106741964,24.4832591582015],[39.662092683004,24.4832651713313],[39.6620532263773,24.4832662582301]]]}},{"type":"Feature","properties":{"code":"N28-12","name":"N28-12","land_use":"Low/Med Density Residential","sector":"North","gfa":234.3,"area":205.55,"floors":3,"height":12,"coverage":0,"far":1.14,"style":"PolyStyle0286"},"geometry":{"type":"Polygon","coordinates":[[[39.658942702826,24.4831933475209],[39.658724677936,24.4832990590033],[39.6586882147043,24.4832327276151],[39.6589063064531,24.4831269842847],[39.658942702826,24.4831933475209]]]}},{"type":"Feature","properties":{"code":"N28-45","name":"N28-45","land_use":"Low/Med Density Residential","sector":"North","gfa":230.1,"area":187.05,"floors":3,"height":12,"coverage":0,"far":1.23,"style":"PolyStyle0286"},"geometry":{"type":"Polygon","coordinates":[[[39.6593666993881,24.4831959580024],[39.6591725535441,24.4832991617573],[39.6591546808962,24.4832694761279],[39.6591333948306,24.4832341273993],[39.6593276144146,24.4831308836353],[39.6593666993881,24.4831959580024]]]}},{"type":"Feature","properties":{"code":"N28-69","name":"N28-69","land_use":"Low/Med Density Residential","sector":"North","gfa":230.1,"area":187.12,"floors":3,"height":12,"coverage":0,"far":1.23,"style":"PolyStyle0286"},"geometry":{"type":"Polygon","coordinates":[[[39.6596817153588,24.4832000141109],[39.6594870601775,24.4833023878025],[39.6594485626984,24.483237013774],[39.6596434530297,24.4831345171827],[39.6596817153588,24.4832000141109]]]}},{"type":"Feature","properties":{"code":"N27-503","name":"N27-503","land_use":"Low/Med Density Residential","sector":"North","gfa":750,"area":795.58,"floors":3,"height":12,"coverage":0,"far":0.94,"style":"PolyStyle0286"},"geometry":{"type":"Polygon","coordinates":[[[39.6604321042567,24.4832775575144],[39.6603069783139,24.4833106985305],[39.660429067107,24.4830277049219],[39.6604435642444,24.4829941073532],[39.6604470510146,24.4829860208199],[39.660492603243,24.4829954934317],[39.6605391355542,24.4829992542059],[39.6605857968001,24.4829972343521],[39.6606131760094,24.4829925068446],[39.6606823618406,24.4832112715367],[39.6605572340694,24.4832444145725],[39.6604321042567,24.4832775575144]]]}},{"type":"Feature","properties":{"code":"N27-504","name":"N27-504","land_use":"Low/Med Density Residential","sector":"North","gfa":750,"area":918.71,"floors":3,"height":12,"coverage":0,"far":0.82,"style":"PolyStyle0286"},"geometry":{"type":"Polygon","coordinates":[[[39.660288017448,24.4833157215401],[39.6602669318504,24.4833213056477],[39.6602634751932,24.4833170128173],[39.6602622594117,24.4833155044823],[39.6601866109672,24.4832184621413],[39.6601140786797,24.4831194436367],[39.6600890236656,24.4830837322002],[39.6602486942589,24.4829186039061],[39.6602748516859,24.4828915518643],[39.6602807370764,24.482885464319],[39.6603158029449,24.4829187306713],[39.6603557951789,24.4829469612173],[39.6603998586106,24.4829695522916],[39.6604470510146,24.4829860208199],[39.6604435642444,24.4829941073532],[39.660429067107,24.4830277049219],[39.6603069783139,24.4833106985305],[39.660288017448,24.4833157215401]]]}},{"type":"Feature","properties":{"code":"N27-483","name":"N27-483","land_use":"Low/Med Density Residential","sector":"North","gfa":360,"area":339.07,"floors":3,"height":12,"coverage":0,"far":1.06,"style":"PolyStyle0286"},"geometry":{"type":"Polygon","coordinates":[[[39.6599910071624,24.4833422773593],[39.6599837038697,24.4833468980802],[39.6599071690751,24.4832424104371],[39.6599146233712,24.4832379823303],[39.6599477293709,24.4832183083799],[39.6600660828847,24.4831479683512],[39.6601140786797,24.4831194436367],[39.6601866109672,24.4832184621413],[39.6601395445121,24.4832482616523],[39.6600234779973,24.4833217256137],[39.6599910071624,24.4833422773593]]]}},{"type":"Feature","properties":{"code":"N27-491","name":"N27-491","land_use":"Low/Med Density Residential","sector":"North","gfa":360,"area":470.68,"floors":3,"height":12,"coverage":0,"far":0.77,"style":"PolyStyle0286"},"geometry":{"type":"Polygon","coordinates":[[[39.6612074432023,24.4833072393939],[39.6610580822645,24.4833468008991],[39.66104464519,24.4833042923921],[39.6610054317437,24.48318023189],[39.6609895252514,24.4831299121577],[39.6609876518402,24.4831239867793],[39.6609877053427,24.4831211940618],[39.6610449792346,24.4831238208225],[39.6611859265427,24.4831302484054],[39.6612253529677,24.4831320744658],[39.6612342457536,24.4831325006533],[39.6612339328738,24.4831566607967],[39.6612338947515,24.4831614511743],[39.6612350136218,24.4832726245014],[39.6612074432023,24.4833072393939]]]}},{"type":"Feature","properties":{"code":"N28-13","name":"N28-13","land_use":"Low/Med Density Residential","sector":"North","gfa":234.3,"area":205.51,"floors":3,"height":12,"coverage":0,"far":1.14,"style":"PolyStyle0286"},"geometry":{"type":"Polygon","coordinates":[[[39.6589801535098,24.4832592022004],[39.6587621482065,24.4833649001048],[39.658724677936,24.4832990590033],[39.658942702826,24.4831933475209],[39.6589801535098,24.4832592022004]]]}},{"type":"Feature","properties":{"code":"N28-44","name":"N28-44","land_use":"Low/Med Density Residential","sector":"North","gfa":231.9,"area":187.01,"floors":3,"height":12,"coverage":0,"far":1.24,"style":"PolyStyle0286"},"geometry":{"type":"Polygon","coordinates":[[[39.6594068915428,24.4832604431988],[39.6592127613822,24.483363638809],[39.6591725535441,24.4832991617573],[39.6593666993881,24.4831959580024],[39.6594068915428,24.4832604431988]]]}},{"type":"Feature","properties":{"code":"N28-70","name":"N28-70","land_use":"Low/Med Density Residential","sector":"North","gfa":230.1,"area":187.06,"floors":3,"height":12,"coverage":0,"far":1.23,"style":"PolyStyle0286"},"geometry":{"type":"Polygon","coordinates":[[[39.6597231457358,24.4832638471707],[39.6595283822375,24.4833662782861],[39.6594870601775,24.4833023878025],[39.6596817153588,24.4832000141109],[39.6596913803159,24.4832149106093],[39.6597231457358,24.4832638471707]]]}},{"type":"Feature","properties":{"code":"N27-490","name":"N27-490","land_use":"Low/Med Density Residential","sector":"North","gfa":360,"area":329.99,"floors":3,"height":12,"coverage":0,"far":1.09,"style":"PolyStyle0286"},"geometry":{"type":"Polygon","coordinates":[[[39.6610580822645,24.4833468008991],[39.6609329544665,24.4833799442462],[39.660930492891,24.4833721302828],[39.6609195213679,24.4833374339039],[39.6608803050813,24.4832133751868],[39.6608643986339,24.4831630554405],[39.6609895252514,24.4831299121577],[39.6610054317437,24.48318023189],[39.66104464519,24.4833042923921],[39.6610580822645,24.4833468008991]]]}},{"type":"Feature","properties":{"code":"N27-489","name":"N27-489","land_use":"Low/Med Density Residential","sector":"North","gfa":360,"area":330.05,"floors":3,"height":12,"coverage":0,"far":1.09,"style":"PolyStyle0286"},"geometry":{"type":"Polygon","coordinates":[[[39.6609329544665,24.4833799442462],[39.660807827578,24.4834130856804],[39.6608053581383,24.4834052762649],[39.6607943826848,24.4833705771843],[39.660739236465,24.4831962069042],[39.6608643986339,24.4831630554405],[39.6608803050813,24.4832133751868],[39.6609195213679,24.4833374339039],[39.660930492891,24.4833721302828],[39.6609329544665,24.4833799442462]]]}},{"type":"Feature","properties":{"code":"N28-43","name":"N28-43","land_use":"Low/Med Density Residential","sector":"North","gfa":231.9,"area":186.99,"floors":3,"height":12,"coverage":0,"far":1.24,"style":"PolyStyle0286"},"geometry":{"type":"Polygon","coordinates":[[[39.6594481809831,24.483324333848],[39.6592540291164,24.4834275422501],[39.6592333474831,24.483395515328],[39.6592127613822,24.483363638809],[39.6594068915428,24.4832604431988],[39.6594481809831,24.483324333848]]]}},{"type":"Feature","properties":{"code":"N28-14","name":"N28-14","land_use":"Low/Med Density Residential","sector":"North","gfa":234.3,"area":205.51,"floors":3,"height":12,"coverage":0,"far":1.14,"style":"PolyStyle0286"},"geometry":{"type":"Polygon","coordinates":[[[39.6590186555218,24.4833245438195],[39.6588006294832,24.4834302545143],[39.6587621482065,24.4833649001048],[39.6589801535098,24.4832592022004],[39.6589909285048,24.4832774905818],[39.6590186555218,24.4833245438195]]]}},{"type":"Feature","properties":{"code":"N28-71","name":"N28-71","land_use":"Low/Med Density Residential","sector":"North","gfa":231.1,"area":235.79,"floors":3,"height":12,"coverage":0,"far":0.98,"style":"PolyStyle0286"},"geometry":{"type":"Polygon","coordinates":[[[39.6597755015453,24.4833371271262],[39.6595868576208,24.4834499979848],[39.6595283822375,24.4833662782861],[39.6597231457358,24.4832638471707],[39.6597755015453,24.4833371271262]]]}},{"type":"Feature","properties":{"code":"N27-484","name":"N27-484","land_use":"Low/Med Density Residential","sector":"North","gfa":360,"area":339.06,"floors":3,"height":12,"coverage":0,"far":1.06,"style":"PolyStyle0286"},"geometry":{"type":"Polygon","coordinates":[[[39.6600690950174,24.4834455570049],[39.6600635328922,24.4834493004056],[39.6599837038697,24.4833468980802],[39.6599910071624,24.4833422773593],[39.6600234779973,24.4833217256137],[39.6601395445121,24.4832482616523],[39.6601866109672,24.4832184621413],[39.6602622594117,24.4833155044823],[39.6602154987747,24.4833469888274],[39.6601013574625,24.4834238365975],[39.6600690950174,24.4834455570049]]]}},{"type":"Feature","properties":{"code":"N27-488","name":"N27-488","land_use":"Low/Med Density Residential","sector":"North","gfa":360,"area":329.84,"floors":3,"height":12,"coverage":0,"far":1.09,"style":"PolyStyle0286"},"geometry":{"type":"Polygon","coordinates":[[[39.6607509499144,24.4834281521594],[39.6606258229271,24.4834612934445],[39.6606233604242,24.4834534876082],[39.6606124323083,24.4834187738567],[39.6605732458514,24.4832947058947],[39.6605572340694,24.4832444145725],[39.6606823618406,24.4832112715367],[39.6607375070169,24.4833856445524],[39.6607484795053,24.4834203454565],[39.6607509499144,24.4834281521594]]]}},{"type":"Feature","properties":{"code":"N27-340","name":"N27-340","land_use":"Low/Med Density Residential","sector":"North","gfa":475,"area":567.19,"floors":3,"height":12,"coverage":0,"far":0.84,"style":"PolyStyle0286"},"geometry":{"type":"Polygon","coordinates":[[[39.6620676959231,24.4834637602723],[39.6620588630318,24.4834646009654],[39.6620505814845,24.483378444187],[39.6620502416964,24.4833740474252],[39.6620472589896,24.4833300238],[39.6620470060051,24.4833256194327],[39.6620458506074,24.4833035944068],[39.6620456420164,24.4832991871356],[39.6620454423068,24.4832947798255],[39.6620443499205,24.4832665030463],[39.6620532263773,24.4832662582301],[39.662092683004,24.4832651713313],[39.6623106741964,24.4832591582015],[39.6623142159973,24.4833313552683],[39.6623144945386,24.4833355499964],[39.6623238771343,24.4834393391868],[39.6621069591028,24.4834600172034],[39.6620676959231,24.4834637602723]]]}},{"type":"Feature","properties":{"code":"N28-42","name":"N28-42","land_use":"Low/Med Density Residential","sector":"North","gfa":231.9,"area":187.03,"floors":3,"height":12,"coverage":0,"far":1.24,"style":"PolyStyle0286"},"geometry":{"type":"Polygon","coordinates":[[[39.659490579585,24.4833876362192],[39.6592963548257,24.4834908820226],[39.6592540291164,24.4834275422501],[39.6594481809831,24.483324333848],[39.659490579585,24.4833876362192]]]}},{"type":"Feature","properties":{"code":"N28-15","name":"N28-15","land_use":"Low/Med Density Residential","sector":"North","gfa":234.3,"area":205.55,"floors":3,"height":12,"coverage":0,"far":1.14,"style":"PolyStyle0286"},"geometry":{"type":"Polygon","coordinates":[[[39.6590582108602,24.4833893768844],[39.6588401168188,24.483495119543],[39.6588006294832,24.4834302545143],[39.6590186555218,24.4833245438195],[39.6590582108602,24.4833893768844]]]}},{"type":"Feature","properties":{"code":"N27-487","name":"N27-487","land_use":"Low/Med Density Residential","sector":"North","gfa":360,"area":330.16,"floors":3,"height":12,"coverage":0,"far":1.09,"style":"PolyStyle0286"},"geometry":{"type":"Polygon","coordinates":[[[39.6606258229271,24.4834612934445],[39.6605006948943,24.4834944364379],[39.6604982235122,24.483486629735],[39.6604958032417,24.4834789727285],[39.6604872451413,24.4834519243221],[39.660462381344,24.483373288971],[39.6604480213239,24.4833278619084],[39.6604321042567,24.4832775575144],[39.6605572340694,24.4832444145725],[39.6605732458514,24.4832947058947],[39.6606124323083,24.4834187738567],[39.6606233604242,24.4834534876082],[39.6606258229271,24.4834612934445]]]}},{"type":"Feature","properties":{"code":"N28-72","name":"N28-72","land_use":"Low/Med Density Residential","sector":"North","gfa":230.4,"area":235.09,"floors":3,"height":12,"coverage":0,"far":0.98,"style":"PolyStyle0286"},"geometry":{"type":"Polygon","coordinates":[[[39.6598279727601,24.483410573637],[39.6596467805517,24.4835319664867],[39.6595868576208,24.4834499979848],[39.6597755015453,24.4833371271262],[39.6598279727601,24.483410573637]]]}},{"type":"Feature","properties":{"code":"N27-486","name":"N27-486","land_use":"Low/Med Density Residential","sector":"North","gfa":360,"area":380,"floors":3,"height":12,"coverage":0,"far":0.95,"style":"PolyStyle0286"},"geometry":{"type":"Polygon","coordinates":[[[39.6605006948943,24.4834944364379],[39.6603566078626,24.4835326005327],[39.660343163111,24.4834900928973],[39.6603039315548,24.4833660358973],[39.660288017448,24.4833157215401],[39.6603069783139,24.4833106985305],[39.6604321042567,24.4832775575144],[39.6604480213239,24.4833278619084],[39.660462381344,24.483373288971],[39.6604872451413,24.4834519243221],[39.6604958032417,24.4834789727285],[39.6604982235122,24.483486629735],[39.6605006948943,24.4834944364379]]]}},{"type":"Feature","properties":{"code":"N28-16","name":"N28-16","land_use":"Low/Med Density Residential","sector":"North","gfa":234.4,"area":205.63,"floors":3,"height":12,"coverage":0,"far":1.14,"style":"PolyStyle0286"},"geometry":{"type":"Polygon","coordinates":[[[39.6590988195026,24.4834536968789],[39.6588806141664,24.483559496076],[39.6588401168188,24.483495119543],[39.6590582108602,24.4833893768844],[39.6590988195026,24.4834536968789]]]}},{"type":"Feature","properties":{"code":"N28-41","name":"N28-41","land_use":"Low/Med Density Residential","sector":"North","gfa":230.4,"area":235.09,"floors":3,"height":12,"coverage":0,"far":0.98,"style":"PolyStyle0286"},"geometry":{"type":"Polygon","coordinates":[[[39.6595179115859,24.4834768131575],[39.6593550549947,24.4835753350764],[39.6592963548257,24.4834908820226],[39.659490579585,24.4833876362192],[39.6595264975163,24.4834395738628],[39.659528655432,24.4834432952793],[39.6595301663166,24.4834472723977],[39.6595309951649,24.4834514159606],[39.6595311266516,24.4834556257875],[39.6595305523736,24.4834598043767],[39.6595292757933,24.4834638586905],[39.659527317055,24.4834676775557],[39.6595247230324,24.4834711659389],[39.6595215633432,24.4834742377385],[39.6595179115859,24.4834768131575]]]}},{"type":"Feature","properties":{"code":"N27-485","name":"N27-485","land_use":"Low/Med Density Residential","sector":"North","gfa":360,"area":507.58,"floors":3,"height":12,"coverage":0,"far":0.71,"style":"PolyStyle0286"},"geometry":{"type":"Polygon","coordinates":[[[39.6601976200606,24.4835747103718],[39.6601914835116,24.4835758318009],[39.6601852282279,24.4835759909527],[39.6601790330749,24.4835751832764],[39.660173075199,24.4835734318668],[39.6601675249612,24.4835707868043],[39.660162541067,24.4835673237226],[39.660158266027,24.4835631416461],[39.6600635328922,24.4834493004056],[39.6600690950174,24.4834455570049],[39.6601013574625,24.4834238365975],[39.6602154987747,24.4833469888274],[39.6602622594117,24.4833155044823],[39.6602634751932,24.4833170128173],[39.6602669318504,24.4833213056477],[39.660288017448,24.4833157215401],[39.6603039315548,24.4833660358973],[39.660343163111,24.4834900928973],[39.6603566078626,24.4835326005327],[39.6601976200606,24.4835747103718]]]}},{"type":"Feature","properties":{"code":"N27-406","name":"N27-406","land_use":"Low/Med Density Residential","sector":"North","gfa":475,"area":625.02,"floors":3,"height":12,"coverage":0,"far":0.76,"style":"PolyStyle0286"},"geometry":{"type":"Polygon","coordinates":[[[39.6619159804162,24.4835144441714],[39.6616976242677,24.4835722818368],[39.6616424787088,24.4833979155232],[39.6616315040053,24.4833632146978],[39.6616290335152,24.4833554025917],[39.6618494884188,24.4832970094397],[39.6618990093633,24.4833295689185],[39.6619050461614,24.4834133287148],[39.6619137944563,24.48349688784],[39.66191415213,24.4834997997753],[39.6619143335426,24.4835012765037],[39.6619145108047,24.4835027144156],[39.6619148674963,24.4835056272584],[39.6619159804162,24.4835144441714]]]}},{"type":"Feature","properties":{"code":"N28-73","name":"N28-73","land_use":"Low/Med Density Residential","sector":"North","gfa":230,"area":187.02,"floors":3,"height":12,"coverage":0,"far":1.23,"style":"PolyStyle0286"},"geometry":{"type":"Polygon","coordinates":[[[39.6598742556426,24.4834715667812],[39.6596931056773,24.4835929306014],[39.6596467805517,24.4835319664867],[39.6598279727601,24.483410573637],[39.6598478663373,24.4834367904575],[39.6598742556426,24.4834715667812]]]}},{"type":"Feature","properties":{"code":"N27-407","name":"N27-407","land_use":"Low/Med Density Residential","sector":"North","gfa":360,"area":330,"floors":3,"height":12,"coverage":0,"far":1.09,"style":"PolyStyle0286"},"geometry":{"type":"Polygon","coordinates":[[[39.6616976242677,24.4835722818368],[39.6615724944649,24.4836054275287],[39.6615565847445,24.4835551105872],[39.6615173520035,24.4834310575415],[39.6615063753572,24.4833963567151],[39.6615039048977,24.4833885491224],[39.6616290335152,24.4833554025917],[39.6616315040053,24.4833632146978],[39.6616424787088,24.4833979155232],[39.6616976242677,24.4835722818368]]]}},{"type":"Feature","properties":{"code":"N28-17","name":"N28-17","land_use":"Low/Med Density Residential","sector":"North","gfa":234.9,"area":260.95,"floors":3,"height":12,"coverage":0,"far":0.9,"style":"PolyStyle0286"},"geometry":{"type":"Polygon","coordinates":[[[39.6591478925049,24.483528634175],[39.6589373825797,24.4836463672773],[39.6588806141664,24.483559496076],[39.6590988195026,24.4834536968789],[39.65912509535,24.483493821276],[39.6591478925049,24.483528634175]]]}},{"type":"Feature","properties":{"code":"N27-408","name":"N27-408","land_use":"Low/Med Density Residential","sector":"North","gfa":360,"area":330,"floors":3,"height":12,"coverage":0,"far":1.09,"style":"PolyStyle0286"},"geometry":{"type":"Polygon","coordinates":[[[39.6615724944649,24.4836054275287],[39.6614473685133,24.4836385676823],[39.6614314558914,24.4835882534491],[39.6613922232658,24.4834642012722],[39.6613812476375,24.4834295004318],[39.6613787781481,24.4834216883172],[39.6615039048977,24.4833885491224],[39.6615063753572,24.4833963567151],[39.6615173520035,24.4834310575415],[39.6615565847445,24.4835551105872],[39.6615724944649,24.4836054275287]]]}},{"type":"Feature","properties":{"code":"N28-74","name":"N28-74","land_use":"Low/Med Density Residential","sector":"North","gfa":231.5,"area":186.73,"floors":3,"height":12,"coverage":0,"far":1.24,"style":"PolyStyle0286"},"geometry":{"type":"Polygon","coordinates":[[[39.6599216282086,24.4835318317409],[39.6597410023658,24.4836528438166],[39.6596931056773,24.4835929306014],[39.6598742556426,24.4834715667812],[39.6599216282086,24.4835318317409]]]}},{"type":"Feature","properties":{"code":"N27-339","name":"N27-339","land_use":"Low/Med Density Residential","sector":"North","gfa":475,"area":566.85,"floors":3,"height":12,"coverage":0,"far":0.84,"style":"PolyStyle0286"},"geometry":{"type":"Polygon","coordinates":[[[39.662098012455,24.4836597505497],[39.6620892675279,24.4836611851198],[39.6620871303673,24.483650130222],[39.6620868665498,24.4836487477807],[39.6620852984479,24.4836404530681],[39.6620849217032,24.4836384235765],[39.6620830010316,24.4836280044374],[39.6620822134314,24.4836236502796],[39.6620806609381,24.4836149436705],[39.66207989604,24.4836105903162],[39.6620783928508,24.483601876266],[39.6620776506218,24.4835975173935],[39.6620755904158,24.4835851381673],[39.6620735923052,24.4835727442187],[39.6620716553551,24.4835603454863],[39.662069784476,24.4835479374329],[39.6620679747431,24.4835355218865],[39.6620662291311,24.4835231015433],[39.6620656525076,24.4835188954774],[39.6620650591827,24.4835145151802],[39.6620634139778,24.4835020465309],[39.6620618338807,24.4834895730806],[39.662060316894,24.4834770903223],[39.6620588630318,24.4834646009654],[39.6620676959231,24.4834637602723],[39.6621069591028,24.4834600172034],[39.6623238771343,24.4834393391868],[39.6623253256673,24.4834517481853],[39.6623263611397,24.4834602809481],[39.6623268618929,24.4834643193631],[39.6623285070689,24.4834771546807],[39.6623296545645,24.4834857844904],[39.6623301965049,24.4834897730526],[39.6623308356458,24.4834944204746],[39.6623319599963,24.4835023992279],[39.662332835652,24.4835084915266],[39.6623337750857,24.4835148906104],[39.6623339704548,24.4835162047133],[39.6623345840289,24.4835203040466],[39.662335771465,24.4835280802217],[39.6623376999831,24.4835403715146],[39.6623383762575,24.4835445717237],[39.6623404004706,24.4835568571782],[39.6623424897773,24.4835691351222],[39.6623446500703,24.483581400111],[39.6623466225156,24.4835922796165],[39.6623468774306,24.4835936575807],[39.6623472542833,24.4835957069401],[39.6623491718393,24.4836059039187],[39.6623512727252,24.4836168117612],[39.6623515332918,24.483618138222],[39.6621368641938,24.4836533712281],[39.662098012455,24.4836597505497]]]}},{"type":"Feature","properties":{"code":"N27-409","name":"N27-409","land_use":"Low/Med Density Residential","sector":"North","gfa":360,"area":330,"floors":3,"height":12,"coverage":0,"far":1.09,"style":"PolyStyle0286"},"geometry":{"type":"Polygon","coordinates":[[[39.6614473685133,24.4836385676823],[39.6613222405482,24.4836717131608],[39.6613063289487,24.4836213971032],[39.6612670924772,24.4834973431029],[39.6612628438742,24.4834839014263],[39.6612561297039,24.4834626412937],[39.6612536503815,24.4834548346387],[39.6613787781481,24.4834216883172],[39.6613812476375,24.4834295004318],[39.6613922232658,24.4834642012722],[39.6614314558914,24.4835882534491],[39.6614473685133,24.4836385676823]]]}},{"type":"Feature","properties":{"code":"N28-40","name":"N28-40","land_use":"Low/Med Density Residential","sector":"North","gfa":231.3,"area":233.62,"floors":3,"height":12,"coverage":0,"far":0.99,"style":"PolyStyle0286"},"geometry":{"type":"Polygon","coordinates":[[[39.6596180169556,24.4835655278359],[39.6594370950233,24.4836873572775],[39.6593767022348,24.4836055451794],[39.659539365029,24.4835071369748],[39.6595434152425,24.4835050845353],[39.6595477636687,24.4835036349888],[39.6595523058823,24.4835028231103],[39.6595569324531,24.4835026701497],[39.6595615269349,24.4835031766153],[39.6595659777683,24.4835043339629],[39.659570176237,24.4835061110577],[39.6595740214581,24.4835084649897],[39.6595774183846,24.4835113365673],[39.6595802867301,24.4835146584061],[39.6596180169556,24.4835655278359]]]}},{"type":"Feature","properties":{"code":"N27-410","name":"N27-410","land_use":"Low/Med Density Residential","sector":"North","gfa":360,"area":330,"floors":3,"height":12,"coverage":0,"far":1.09,"style":"PolyStyle0286"},"geometry":{"type":"Polygon","coordinates":[[[39.6613222405482,24.4836717131608],[39.6611971105227,24.4837048549331],[39.6611811999549,24.4836545388572],[39.6611419685283,24.483530484801],[39.6611309939488,24.4834957839371],[39.6611285215365,24.4834879763466],[39.6612536503815,24.4834548346387],[39.6612561297039,24.4834626412937],[39.6612628438742,24.4834839014263],[39.6612670924772,24.4834973431029],[39.6613063289487,24.4836213971032],[39.6613222405482,24.4836717131608]]]}},{"type":"Feature","properties":{"code":"N28-75","name":"N28-75","land_use":"Low/Med Density Residential","sector":"North","gfa":231.6,"area":186.74,"floors":3,"height":12,"coverage":0,"far":1.24,"style":"PolyStyle0286"},"geometry":{"type":"Polygon","coordinates":[[[39.6599700894533,24.483591364907],[39.659788918766,24.4837127433823],[39.6597410023658,24.4836528438166],[39.6599216282086,24.4835318317409],[39.6599216748866,24.4835318884342],[39.6599700894533,24.483591364907]]]}},{"type":"Feature","properties":{"code":"N28-18","name":"N28-18","land_use":"Low/Med Density Residential","sector":"North","gfa":234.9,"area":260.96,"floors":3,"height":12,"coverage":0,"far":0.9,"style":"PolyStyle0286"},"geometry":{"type":"Polygon","coordinates":[[[39.6591983756297,24.483602784091],[39.6589959606457,24.4837322289871],[39.6589373825797,24.4836463672773],[39.6591478925049,24.483528634175],[39.6591983756297,24.483602784091]]]}},{"type":"Feature","properties":{"code":"N28-39","name":"N28-39","land_use":"Low/Med Density Residential","sector":"North","gfa":230.1,"area":187.07,"floors":3,"height":12,"coverage":0,"far":1.23,"style":"PolyStyle0286"},"geometry":{"type":"Polygon","coordinates":[[[39.6596645486328,24.4836263601031],[39.6594836925626,24.4837481477685],[39.6594484162609,24.4837021264434],[39.6594370950233,24.4836873572775],[39.6596180169556,24.4835655278359],[39.6596645486328,24.4836263601031]]]}},{"type":"Feature","properties":{"code":"N27-411","name":"N27-411","land_use":"Low/Med Density Residential","sector":"North","gfa":475,"area":495.5,"floors":3,"height":12,"coverage":0,"far":0.96,"style":"PolyStyle0286"},"geometry":{"type":"Polygon","coordinates":[[[39.6611971105227,24.4837048549331],[39.6610075232142,24.4837550696922],[39.6609471646838,24.4835642175802],[39.6609673728905,24.4835306609053],[39.6611285215365,24.4834879763466],[39.6611309939488,24.4834957839371],[39.6611419685283,24.483530484801],[39.6611811999549,24.4836545388572],[39.6611971105227,24.4837048549331]]]}},{"type":"Feature","properties":{"code":"N28-76","name":"N28-76","land_use":"Low/Med Density Residential","sector":"North","gfa":230.1,"area":187.06,"floors":3,"height":12,"coverage":0,"far":1.23,"style":"PolyStyle0286"},"geometry":{"type":"Polygon","coordinates":[[[39.6600196384186,24.4836501717016],[39.6598383949261,24.4837715993231],[39.659788918766,24.4837127433823],[39.6599700894533,24.483591364907],[39.6600044355033,24.4836321276236],[39.6600196384186,24.4836501717016]]]}},{"type":"Feature","properties":{"code":"N28-19","name":"N28-19","land_use":"Low/Med Density Residential","sector":"North","gfa":234.4,"area":205.63,"floors":3,"height":12,"coverage":0,"far":1.14,"style":"PolyStyle0286"},"geometry":{"type":"Polygon","coordinates":[[[39.6592423968985,24.4836651970892],[39.659040088093,24.4837945747492],[39.6589959606457,24.4837322289871],[39.6591983756297,24.483602784091],[39.6592300906663,24.483647749904],[39.6592325652226,24.4836512559007],[39.6592423968985,24.4836651970892]]]}},{"type":"Feature","properties":{"code":"N27-405","name":"N27-405","land_use":"Low/Med Density Residential","sector":"North","gfa":475,"area":528.33,"floors":3,"height":12,"coverage":0,"far":0.9,"style":"PolyStyle0286"},"geometry":{"type":"Polygon","coordinates":[[[39.6619263676164,24.4837467400964],[39.6617662152686,24.4837891619426],[39.6617637457623,24.4837813525446],[39.6617527700029,24.4837466517355],[39.6616976242677,24.4835722818368],[39.6619159804162,24.4835144441714],[39.6619183062621,24.4835321416814],[39.6619189076941,24.4835365634878],[39.6619195150471,24.4835409852682],[39.6619201322496,24.483545403393],[39.6619332743296,24.4836292068612],[39.6619491502755,24.4837126129756],[39.6619263676164,24.4837467400964]]]}},{"type":"Feature","properties":{"code":"N28-38","name":"N28-38","land_use":"Low/Med Density Residential","sector":"North","gfa":231.9,"area":187.01,"floors":3,"height":12,"coverage":0,"far":1.24,"style":"PolyStyle0286"},"geometry":{"type":"Polygon","coordinates":[[[39.659712108996,24.4836864996757],[39.6595312823901,24.4838082674003],[39.6594836925626,24.4837481477685],[39.6596645486328,24.4836263601031],[39.659712108996,24.4836864996757]]]}},{"type":"Feature","properties":{"code":"N27-404","name":"N27-404","land_use":"Low/Med Density Residential","sector":"North","gfa":360,"area":330,"floors":3,"height":12,"coverage":0,"far":1.09,"style":"PolyStyle0286"},"geometry":{"type":"Polygon","coordinates":[[[39.6617662152686,24.4837891619426],[39.6616410872223,24.4838223031704],[39.6616386177276,24.4838144946734],[39.6616276449598,24.4837797938417],[39.6615884090996,24.4836557381246],[39.6615724944649,24.4836054275287],[39.6616976242677,24.4835722818368],[39.6617527700029,24.4837466517355],[39.6617637457623,24.4837813525446],[39.6617662152686,24.4837891619426]]]}},{"type":"Feature","properties":{"code":"N27-395","name":"N27-395","land_use":"Low/Med Density Residential","sector":"North","gfa":360,"area":370.5,"floors":3,"height":12,"coverage":0,"far":0.97,"style":"PolyStyle0286"},"geometry":{"type":"Polygon","coordinates":[[[39.6608653321535,24.4837927337702],[39.6607231419777,24.4838303950024],[39.6607072296159,24.4837800806886],[39.6606679976221,24.4836560265066],[39.6606570231458,24.483621322897],[39.6606545507646,24.4836135162014],[39.6607683043133,24.4835833869127],[39.6608049738074,24.483601879792],[39.6608653321535,24.4837927337702]]]}},{"type":"Feature","properties":{"code":"N28-77","name":"N28-77","land_use":"Low/Med Density Residential","sector":"North","gfa":231.9,"area":231.92,"floors":3,"height":12,"coverage":0,"far":1,"style":"PolyStyle0286"},"geometry":{"type":"Polygon","coordinates":[[[39.6600623742123,24.4837316858888],[39.6599048890175,24.4838485239196],[39.6598383949261,24.4837715993231],[39.6600196384186,24.4836501717016],[39.6600490920107,24.4836840025715],[39.660065692725,24.483703068301],[39.6600623742123,24.4837316858888]]]}},{"type":"Feature","properties":{"code":"N28-20","name":"N28-20","land_use":"Low/Med Density Residential","sector":"North","gfa":234.3,"area":205.55,"floors":3,"height":12,"coverage":0,"far":1.14,"style":"PolyStyle0286"},"geometry":{"type":"Polygon","coordinates":[[[39.6592873968698,24.4837269835441],[39.6590851509699,24.483856322155],[39.659040088093,24.4837945747492],[39.6592423968985,24.4836651970892],[39.6592644431388,24.4836954686862],[39.6592873968698,24.4837269835441]]]}},{"type":"Feature","properties":{"code":"N27-403","name":"N27-403","land_use":"Low/Med Density Residential","sector":"North","gfa":360,"area":330.16,"floors":3,"height":12,"coverage":0,"far":1.09,"style":"PolyStyle0286"},"geometry":{"type":"Polygon","coordinates":[[[39.6616410872223,24.4838223031704],[39.66151595814,24.4838554479126],[39.6615134906119,24.4838476366954],[39.6615025701206,24.4838129247877],[39.6614901584411,24.4837738617987],[39.6614630545115,24.483688947028],[39.6614473685133,24.4836385676823],[39.6615724944649,24.4836054275287],[39.6615884090996,24.4836557381246],[39.6616276449598,24.4837797938417],[39.6616386177276,24.4838144946734],[39.6616410872223,24.4838223031704]]]}},{"type":"Feature","properties":{"code":"N27-338","name":"N27-338","land_use":"Low/Med Density Residential","sector":"North","gfa":475,"area":566.85,"floors":3,"height":12,"coverage":0,"far":0.84,"style":"PolyStyle0286"},"geometry":{"type":"Polygon","coordinates":[[[39.6621440046981,24.4838531677196],[39.6621354019507,24.4838551841892],[39.6621319781116,24.4838428461636],[39.6621286183372,24.4838304925038],[39.6621253196621,24.4838181223197],[39.6621241919365,24.4838138337753],[39.6621211311117,24.4838020324246],[39.6621181274671,24.4837902199855],[39.6621151829623,24.4837783937402],[39.66211229662,24.4837665554991],[39.6621112615586,24.4837622475827],[39.6621085378813,24.4837507545279],[39.6621058684144,24.4837392485916],[39.6621032561323,24.4837277324702],[39.6621022900791,24.4837234107043],[39.6620999084752,24.4837126016268],[39.662097577153,24.4837017832975],[39.6620966574436,24.4836974541033],[39.6620943921879,24.4836866255501],[39.6620921772045,24.4836757859388],[39.6620913028426,24.4836714475144],[39.6620892675279,24.4836611851198],[39.662098012455,24.4836597505497],[39.6621368641938,24.4836533712281],[39.6623515332918,24.483618138222],[39.6623540305948,24.4836306853162],[39.6623552836298,24.4836368536293],[39.6623565969011,24.4836432176577],[39.6623592332258,24.4836557406608],[39.662362046618,24.4836687207751],[39.6623627401019,24.4836718723728],[39.6623641326881,24.4836781177431],[39.6623648611037,24.4836813441476],[39.6623663722832,24.4836879990196],[39.6623677455937,24.4836939554723],[39.6623703812365,24.4837052168033],[39.6623707001118,24.4837065592648],[39.6623717272774,24.4837108654077],[39.6623737325432,24.4837191536843],[39.6623744233339,24.4837219792633],[39.6623768409236,24.4837317405456],[39.6623787810502,24.4837394619412],[39.6623800203427,24.483744324386],[39.6623824468924,24.4837537234732],[39.6623833885107,24.4837573345798],[39.662384099354,24.4837600318261],[39.6623848111794,24.4837627281649],[39.6623866825539,24.483769758063],[39.662390052551,24.4837821748912],[39.6623934936056,24.4837945923107],[39.6621822418922,24.4838441891574],[39.6621440046981,24.4838531677196]]]}},{"type":"Feature","properties":{"code":"N28-37","name":"N28-37","land_use":"Low/Med Density Residential","sector":"North","gfa":231.9,"area":187.02,"floors":3,"height":12,"coverage":0,"far":1.24,"style":"PolyStyle0286"},"geometry":{"type":"Polygon","coordinates":[[[39.6597607010113,24.483745947443],[39.6595798448544,24.483867732514],[39.6595312823901,24.4838082674003],[39.659712108996,24.4836864996757],[39.6597607010113,24.483745947443]]]}},{"type":"Feature","properties":{"code":"N27-396","name":"N27-396","land_use":"Low/Med Density Residential","sector":"North","gfa":360,"area":330,"floors":3,"height":12,"coverage":0,"far":1.09,"style":"PolyStyle0286"},"geometry":{"type":"Polygon","coordinates":[[[39.6607231419777,24.4838303950024],[39.6605980136099,24.4838635380819],[39.6605820992816,24.4838132165379],[39.6605428684232,24.4836891695422],[39.6605318930098,24.4836544695398],[39.660529422581,24.4836466574147],[39.6606545507646,24.4836135162014],[39.6606570231458,24.483621322897],[39.6606679976221,24.4836560265066],[39.6607072296159,24.4837800806886],[39.6607231419777,24.4838303950024]]]}},{"type":"Feature","properties":{"code":"N01-1","name":"N01-1","land_use":"Education","sector":"North","gfa":64732.5,"area":62248.78,"floors":4,"height":25,"coverage":0.89,"far":1.04,"style":"PolyStyle00"},"geometry":{"type":"Polygon","coordinates":[[[39.6629334521588,24.4838748610739],[39.6629119723998,24.4838805502367],[39.6628512488489,24.483849627963],[39.6628354506273,24.4837980923533],[39.6628309147053,24.4837844686494],[39.6628269973279,24.4837726873288],[39.6628221000543,24.483757148765],[39.662788991272,24.4836391086179],[39.6627635540066,24.4835194857291],[39.6627458769485,24.4833986972813],[39.6627360217237,24.4832771645211],[39.6627340226794,24.4831553112896],[39.6627398867644,24.483033562544],[39.6627535935056,24.4829123428764],[39.662775095079,24.4827920750324],[39.6628043164773,24.4826731784367],[39.6628411557718,24.4825560677312],[39.6628854844678,24.4824411513281],[39.6629371479534,24.4823288299863],[39.6629959660387,24.4822194954135],[39.6630617335845,24.4821135289004],[39.6631342212178,24.4820112999913],[39.6632131761323,24.4819131651948],[39.6632983229694,24.4818194667411],[39.6633893647796,24.4817305313888],[39.6636254848773,24.4815131121236],[39.6636425748807,24.481497290046],[39.6637130171976,24.4814962942011],[39.663740139978,24.4815198994021],[39.6642536248318,24.4819667887688],[39.6643216836883,24.4820210548449],[39.6643946450282,24.4820696941121],[39.6644719551401,24.4821123374389],[39.6645530273074,24.4821486611975],[39.6646372462608,24.4821783897204],[39.6647239728482,24.4822012973925],[39.6648125488853,24.4822172103632],[39.6649023021511,24.4822260078661],[39.6649925514898,24.4822276231355],[39.6650826119807,24.4822220439131],[39.6651718001363,24.4822093125411],[39.6652594390901,24.4821895256407],[39.6663004855801,24.481909930487],[39.66643783813,24.4823419371201],[39.6669113860392,24.4822164877097],[39.6670627092131,24.4826964750003],[39.6670736538363,24.4827311908959],[39.6670399239873,24.4827870946339],[39.6670020767187,24.4827970887167],[39.6629466528042,24.4838713640169],[39.6629334521588,24.4838748610739]]]}},{"type":"Feature","properties":{"code":"N27-402","name":"N27-402","land_use":"Low/Med Density Residential","sector":"North","gfa":360,"area":329.84,"floors":3,"height":12,"coverage":0,"far":1.09,"style":"PolyStyle0286"},"geometry":{"type":"Polygon","coordinates":[[[39.66151595814,24.4838554479126],[39.6613908309587,24.4838885916406],[39.6613883614639,24.4838807804299],[39.6613773857975,24.4838460795919],[39.6613381531289,24.4837220255995],[39.6613222405482,24.4836717131608],[39.6614473685133,24.4836385676823],[39.6614630545115,24.483688947028],[39.6614901584411,24.4837738617987],[39.6615025701206,24.4838129247877],[39.6615134906119,24.4838476366954],[39.66151595814,24.4838554479126]]]}},{"type":"Feature","properties":{"code":"N27-397","name":"N27-397","land_use":"Low/Med Density Residential","sector":"North","gfa":360,"area":329.99,"floors":3,"height":12,"coverage":0,"far":1.09,"style":"PolyStyle0286"},"geometry":{"type":"Polygon","coordinates":[[[39.6605980136099,24.4838635380819],[39.6604728841826,24.4838966801603],[39.6604569618725,24.4838463333498],[39.6604177429668,24.4837222862679],[39.6604067814332,24.4836875925172],[39.6604042953257,24.4836798003275],[39.660529422581,24.4836466574147],[39.6605318930098,24.4836544695398],[39.6605428684232,24.4836891695422],[39.6605820992816,24.4838132165379],[39.6605980136099,24.4838635380819]]]}},{"type":"Feature","properties":{"code":"N28-21","name":"N28-21","land_use":"Low/Med Density Residential","sector":"North","gfa":234.3,"area":205.51,"floors":3,"height":12,"coverage":0,"far":1.14,"style":"PolyStyle0286"},"geometry":{"type":"Polygon","coordinates":[[[39.6593333726028,24.48378814708],[39.659131147313,24.4839174730186],[39.6590851509699,24.483856322155],[39.6592873968698,24.4837269835441],[39.6593333726028,24.48378814708]]]}},{"type":"Feature","properties":{"code":"N28-36","name":"N28-36","land_use":"Low/Med Density Residential","sector":"North","gfa":230.1,"area":187.06,"floors":3,"height":12,"coverage":0,"far":1.23,"style":"PolyStyle0286"},"geometry":{"type":"Polygon","coordinates":[[[39.6598103197214,24.48380469891],[39.6596294006091,24.4839265294716],[39.6596000335714,24.4838916866344],[39.6595798448544,24.483867732514],[39.6597607010113,24.483745947443],[39.6598103197214,24.48380469891]]]}},{"type":"Feature","properties":{"code":"N27-401","name":"N27-401","land_use":"Low/Med Density Residential","sector":"North","gfa":360,"area":330,"floors":3,"height":12,"coverage":0,"far":1.09,"style":"PolyStyle0286"},"geometry":{"type":"Polygon","coordinates":[[[39.6613908309587,24.4838885916406],[39.6612657027132,24.4839217334643],[39.66126323128,24.4839139276787],[39.6612522605835,24.4838792277126],[39.6612130250557,24.4837551718926],[39.6611971105227,24.4837048549331],[39.6613222405482,24.4836717131608],[39.6613381531289,24.4837220255995],[39.6613773857975,24.4838460795919],[39.6613883614639,24.4838807804299],[39.6613908309587,24.4838885916406]]]}},{"type":"Feature","properties":{"code":"N27-398","name":"N27-398","land_use":"Low/Med Density Residential","sector":"North","gfa":360,"area":330.01,"floors":3,"height":12,"coverage":0,"far":1.09,"style":"PolyStyle0286"},"geometry":{"type":"Polygon","coordinates":[[[39.6604728841826,24.4838966801603],[39.6603477537051,24.4839298230436],[39.6602926186934,24.4837554534611],[39.660281637421,24.4837207534654],[39.6602791660288,24.4837129431465],[39.6604042953257,24.4836798003275],[39.6604067814332,24.4836875925172],[39.6604177429668,24.4837222862679],[39.6604569618725,24.4838463333498],[39.6604728841826,24.4838966801603]]]}},{"type":"Feature","properties":{"code":"N27-400","name":"N27-400","land_use":"Low/Med Density Residential","sector":"North","gfa":475,"area":495.5,"floors":3,"height":12,"coverage":0,"far":0.96,"style":"PolyStyle0286"},"geometry":{"type":"Polygon","coordinates":[[[39.6612657027132,24.4839217334643],[39.6611045515947,24.4839644181863],[39.6610678819475,24.4839459244807],[39.6610075232142,24.4837550696922],[39.6611971105227,24.4837048549331],[39.6612130250557,24.4837551718926],[39.6612522605835,24.4838792277126],[39.66126323128,24.4839139276787],[39.6612657027132,24.4839217334643]]]}},{"type":"Feature","properties":{"code":"N28-22","name":"N28-22","land_use":"Low/Med Density Residential","sector":"North","gfa":234.3,"area":205.51,"floors":3,"height":12,"coverage":0,"far":1.14,"style":"PolyStyle0286"},"geometry":{"type":"Polygon","coordinates":[[[39.6593803260623,24.4838486858814],[39.6591780800691,24.4839780246168],[39.659131147313,24.4839174730186],[39.6593333726028,24.48378814708],[39.6593803260623,24.4838486858814]]]}},{"type":"Feature","properties":{"code":"N27-399","name":"N27-399","land_use":"Low/Med Density Residential","sector":"North","gfa":475,"area":495.51,"floors":3,"height":12,"coverage":0,"far":0.96,"style":"PolyStyle0286"},"geometry":{"type":"Polygon","coordinates":[[[39.6602226261202,24.4839629658116],[39.6601581666985,24.4839800394545],[39.6600978103025,24.4837891851733],[39.6601159759109,24.4837590206664],[39.6601180187623,24.4837556268014],[39.6602791660288,24.4837129431465],[39.660281637421,24.4837207534654],[39.6602926186934,24.4837554534611],[39.6603477537051,24.4839298230436],[39.6602226261202,24.4839629658116]]]}},{"type":"Feature","properties":{"code":"N28-35","name":"N28-35","land_use":"Low/Med Density Residential","sector":"North","gfa":230.4,"area":232.69,"floors":3,"height":12,"coverage":0,"far":0.99,"style":"PolyStyle0286"},"geometry":{"type":"Polygon","coordinates":[[[39.6598708015938,24.483873813307],[39.6597136473266,24.4839904040447],[39.6596823322388,24.4839873662941],[39.659651718953,24.4839521803012],[39.6596294006091,24.4839265294716],[39.6598103197214,24.48380469891],[39.6598708015938,24.483873813307]]]}},{"type":"Feature","properties":{"code":"N28-23","name":"N28-23","land_use":"Low/Med Density Residential","sector":"North","gfa":234.3,"area":205.55,"floors":3,"height":12,"coverage":0,"far":1.14,"style":"PolyStyle0286"},"geometry":{"type":"Polygon","coordinates":[[[39.6594282562575,24.4839085990483],[39.6592259452965,24.484037977869],[39.6591780800691,24.4839780246168],[39.6593803260623,24.4838486858814],[39.6594134367608,24.4838900763831],[39.6594282562575,24.4839085990483]]]}},{"type":"Feature","properties":{"code":"N27-394","name":"N27-394","land_use":"Low/Med Density Residential","sector":"North","gfa":360,"area":370.5,"floors":3,"height":12,"coverage":0,"far":0.97,"style":"PolyStyle0286"},"geometry":{"type":"Polygon","coordinates":[[[39.6609054833881,24.4840171443804],[39.6607917304742,24.484047273774],[39.6607892610599,24.484039471584],[39.6607782884882,24.4840047679777],[39.66073905338,24.4838807120276],[39.6607231419777,24.4838303950024],[39.6608653321535,24.4837927337702],[39.660925690679,24.4839835859095],[39.6609054833881,24.4840171443804]]]}},{"type":"Feature","properties":{"code":"N27-337","name":"N27-337","land_use":"Low/Med Density Residential","sector":"North","gfa":475,"area":635.24,"floors":3,"height":12,"coverage":0,"far":0.75,"style":"PolyStyle0286"},"geometry":{"type":"Polygon","coordinates":[[[39.662213825053,24.4840654822991],[39.6622052936153,24.4840677386932],[39.6621766695011,24.4839881402064],[39.662150763258,24.4839077658117],[39.6621494748749,24.4839035159034],[39.6621438606365,24.4838846605478],[39.6621426297267,24.4838804555441],[39.6621354019507,24.4838551841892],[39.6621440046981,24.4838531677196],[39.6621822418922,24.4838441891574],[39.6623934936056,24.4837945923107],[39.6624081240016,24.4838445833171],[39.6624093629786,24.4838486311383],[39.6624129566599,24.4838602296509],[39.6624169565203,24.4838728812398],[39.6624182487349,24.483876918893],[39.662434341459,24.4839251721803],[39.6624373471451,24.4839370946668],[39.662438244764,24.4839493027421],[39.6624370115111,24.4839614862605],[39.6624336787165,24.4839733356998],[39.6624283310493,24.4839845500253],[39.6624211043664,24.4839948443372],[39.6624121822611,24.4840039571084],[39.6624017913994,24.484011656829],[39.6623901957609,24.4840177478875],[39.6623776899327,24.4840220755405],[39.6622517428986,24.4840554367139],[39.662213825053,24.4840654822991]]]}},{"type":"Feature","properties":{"code":"N27-393","name":"N27-393","land_use":"Low/Med Density Residential","sector":"North","gfa":360,"area":330,"floors":3,"height":12,"coverage":0,"far":1.09,"style":"PolyStyle0286"},"geometry":{"type":"Polygon","coordinates":[[[39.6607917304742,24.484047273774],[39.6606666009258,24.4840804169179],[39.6606641334592,24.4840726083954],[39.6606531589684,24.4840379093037],[39.6606139259446,24.4839138533105],[39.6605980136099,24.4838635380819],[39.6607231419777,24.4838303950024],[39.66073905338,24.4838807120276],[39.6607782884882,24.4840047679777],[39.6607892610599,24.484039471584],[39.6607917304742,24.484047273774]]]}},{"type":"Feature","properties":{"code":"N28-24","name":"N28-24","land_use":"Low/Med Density Residential","sector":"North","gfa":234.4,"area":205.63,"floors":3,"height":12,"coverage":0,"far":1.14,"style":"PolyStyle0286"},"geometry":{"type":"Polygon","coordinates":[[[39.6594771631937,24.4839678874831],[39.6592747479345,24.4840973336561],[39.6592259452965,24.484037977869],[39.6594282562575,24.4839085990483],[39.6594771631937,24.4839678874831]]]}},{"type":"Feature","properties":{"code":"N28-OS1","name":"N28-OS1","land_use":"Open Space","sector":"North","gfa":0,"area":2574.92,"floors":0,"height":0,"coverage":0,"far":0,"style":"PolyStyle02"},"geometry":{"type":"Polygon","coordinates":[[[39.6597971845261,24.4840756515724],[39.6597882362497,24.4841035784634],[39.6596823322388,24.4839873662941],[39.6597136473266,24.4839904040447],[39.6598708015938,24.483873813307],[39.6598103197214,24.48380469891],[39.6597607010113,24.483745947443],[39.659712108996,24.4836864996757],[39.6596645486328,24.4836263601031],[39.6596180169556,24.4835655278359],[39.6595802867301,24.4835146584061],[39.6595774183846,24.4835113365673],[39.6595740214581,24.4835084649897],[39.659570176237,24.4835061110577],[39.6595659777683,24.4835043339629],[39.6595615269349,24.4835031766153],[39.6595569324531,24.4835026701497],[39.6595523058823,24.4835028231103],[39.6595477636687,24.4835036349888],[39.6595434152425,24.4835050845353],[39.659539365029,24.4835071369748],[39.6593767022348,24.4836055451794],[39.6593550549947,24.4835753350764],[39.6595179115859,24.4834768131575],[39.6595215633432,24.4834742377385],[39.6595247230324,24.4834711659389],[39.659527317055,24.4834676775557],[39.6595292757933,24.4834638586905],[39.6595305523736,24.4834598043767],[39.6595311266516,24.4834556257875],[39.6595309951649,24.4834514159606],[39.6595301663166,24.4834472723977],[39.659528655432,24.4834432952793],[39.6595264975163,24.4834395738628],[39.659490579585,24.4833876362192],[39.6594481809831,24.483324333848],[39.6594068915428,24.4832604431988],[39.6593666993881,24.4831959580024],[39.6593276144146,24.4831308836353],[39.6592825528748,24.4830526983827],[39.6592390949419,24.4829737393576],[39.6592038493837,24.4829068527728],[39.6591697915178,24.4828394886581],[39.6591368512028,24.48277163287],[39.659105134023,24.4827032840457],[39.6590786592237,24.4826438777337],[39.6590765927292,24.4826400827573],[39.6590739053158,24.4826366300676],[39.6590706615602,24.4826336024708],[39.6590669408038,24.4826310754838],[39.6590628361327,24.4826291110168],[39.6590582538079,24.4826277112847],[39.6590534856629,24.4826270131937],[39.6590486541584,24.482627034272],[39.6590438925158,24.4826277739385],[39.6590393249813,24.4826292135886],[39.6588615345205,24.4827005291483],[39.6588451120511,24.4826633276092],[39.6588811278794,24.4826488802692],[39.6589407206052,24.4826249754392],[39.6589570642173,24.4826184205631],[39.6590150142785,24.4825951740277],[39.6590893089076,24.4825653734792],[39.6591636015273,24.4825355729032],[39.6591915705635,24.4825243540765],[39.6592063517065,24.4825169913666],[39.6592339890703,24.4824976123751],[39.6592483680017,24.4824916575929],[39.6593132401739,24.4824781598503],[39.6593695557692,24.4824664424727],[39.659393780299,24.4824614011196],[39.659451198969,24.4824494549201],[39.6594542049163,24.4825034174837],[39.6592687505846,24.4825242746663],[39.6592628227758,24.4825254475135],[39.6592571477317,24.4825274031761],[39.6592518485937,24.4825301004756],[39.6592470385407,24.4825334802147],[39.6592428227916,24.4825374705867],[39.6592393106344,24.482542023249],[39.6592366416529,24.4825470328289],[39.6592348832651,24.4825523698845],[39.6592340830963,24.4825578942225],[39.6592342601537,24.4825634657746],[39.6592418090929,24.4826262583087],[39.6592536565731,24.4826996213058],[39.6592700737987,24.4827784048253],[39.6592901845375,24.4828563747568],[39.6593121049981,24.4829278694577],[39.6593121320707,24.4829279515245],[39.6593398707813,24.4830056461154],[39.6593415141031,24.4830092848866],[39.6593437421994,24.4830126519722],[39.6593465023776,24.4830156726421],[39.6593497320863,24.4830182740155],[39.6593533560203,24.4830203977177],[39.6593572880573,24.4830219926459],[39.6593625377163,24.4830232422452],[39.6593679428364,24.4830236458342],[39.6593733444909,24.4830231950754],[39.6593785798997,24.4830218997105],[39.6595593923121,24.4829572228183],[39.6595733479032,24.4829910175937],[39.659392036036,24.4830558709876],[39.6593878181233,24.4830577444318],[39.6593839772973,24.4830602068782],[39.6593806079454,24.4830631910831],[39.6593777965322,24.4830666244186],[39.6593756126895,24.4830704234926],[39.6593741101708,24.4830744878228],[39.6593733279314,24.4830787178948],[39.6593732851621,24.4830830088614],[39.6593739812934,24.4830872514463],[39.6593754039376,24.48309134094],[39.6594129025788,24.4831701471157],[39.6594485626984,24.483237013774],[39.6594870601775,24.4833023878025],[39.6595283822375,24.4833662782861],[39.6595868094024,24.4834500243861],[39.6595868576208,24.4834499979848],[39.6596467805517,24.4835319664867],[39.6596931056773,24.4835929306014],[39.6597410023658,24.4836528438166],[39.659788918766,24.4837127433823],[39.6598383949261,24.4837715993231],[39.6599048890175,24.4838485239196],[39.6600623742123,24.4837316858888],[39.660065692725,24.483703068301],[39.6601180187623,24.4837556268014],[39.6601159759109,24.4837590206664],[39.6600978103025,24.4837891851733],[39.6601581666985,24.4839800394545],[39.6600974984814,24.4839961111866],[39.6598445840864,24.4840630987207],[39.6597971845261,24.4840756515724]]]}},{"type":"Feature","properties":{"code":"N27-392","name":"N27-392","land_use":"Low/Med Density Residential","sector":"North","gfa":360,"area":330,"floors":3,"height":12,"coverage":0,"far":1.09,"style":"PolyStyle0286"},"geometry":{"type":"Polygon","coordinates":[[[39.6606666009258,24.4840804169179],[39.6605414723105,24.4841135626644],[39.6605390038498,24.4841057514347],[39.6605280303769,24.4840710523291],[39.6604887964771,24.4839469963059],[39.6604728841826,24.4838966801603],[39.6605980136099,24.4838635380819],[39.6606139259446,24.4839138533105],[39.6606531589684,24.4840379093037],[39.6606641334592,24.4840726083954],[39.6606666009258,24.4840804169179]]]}},{"type":"Feature","properties":{"code":"N27-391","name":"N27-391","land_use":"Low/Med Density Residential","sector":"North","gfa":360,"area":330,"floors":3,"height":12,"coverage":0,"far":1.09,"style":"PolyStyle0286"},"geometry":{"type":"Polygon","coordinates":[[[39.6605414723105,24.4841135626644],[39.6604163445763,24.4841467010793],[39.6604138751499,24.4841388925611],[39.6604029026948,24.4841041934415],[39.6603636679284,24.4839801391945],[39.6603477537051,24.4839298230436],[39.6604728841826,24.4838966801603],[39.6604887964771,24.4839469963059],[39.6605280303769,24.4840710523291],[39.6605390038498,24.4841057514347],[39.6605414723105,24.4841135626644]]]}},{"type":"Feature","properties":{"code":"N27-336","name":"N27-336","land_use":"Low/Med Density Residential","sector":"North","gfa":360,"area":442.69,"floors":3,"height":12,"coverage":0,"far":0.81,"style":"PolyStyle0286"},"geometry":{"type":"Polygon","coordinates":[[[39.6620604811656,24.4841060963476],[39.6619035273255,24.4841476698323],[39.6618428942998,24.4839559532136],[39.6618319175156,24.4839212524161],[39.6618294470015,24.4839134403144],[39.6619588718159,24.4838791575089],[39.6619946269515,24.4838978780776],[39.6620604811656,24.4841060963476]]]}},{"type":"Feature","properties":{"code":"N28-25","name":"N28-25","land_use":"Low/Med Density Residential","sector":"North","gfa":232.1,"area":260.84,"floors":3,"height":12,"coverage":0,"far":0.89,"style":"PolyStyle0286"},"geometry":{"type":"Polygon","coordinates":[[[39.6595358632529,24.4840367298225],[39.6593426810251,24.4841771594007],[39.6592747479345,24.4840973336561],[39.6594771631937,24.4839678874831],[39.6595358632529,24.4840367298225]]]}},{"type":"Feature","properties":{"code":"N27-390","name":"N27-390","land_use":"Low/Med Density Residential","sector":"North","gfa":360,"area":330,"floors":3,"height":12,"coverage":0,"far":1.09,"style":"PolyStyle0286"},"geometry":{"type":"Polygon","coordinates":[[[39.6604163445763,24.4841467010793],[39.6602912148382,24.4841798466253],[39.6602887473783,24.4841720353869],[39.6602777719936,24.4841373362707],[39.6602385403126,24.4840132846858],[39.6602226261202,24.4839629658116],[39.6603477537051,24.4839298230436],[39.6603636679284,24.4839801391945],[39.6604029026948,24.4841041934415],[39.6604138751499,24.4841388925611],[39.6604163445763,24.4841467010793]]]}},{"type":"Feature","properties":{"code":"N27-335","name":"N27-335","land_use":"Low/Med Density Residential","sector":"North","gfa":360,"area":356.4,"floors":3,"height":12,"coverage":0,"far":1.01,"style":"PolyStyle0286"},"geometry":{"type":"Polygon","coordinates":[[[39.6619035273255,24.4841476698323],[39.6617783989705,24.4841808120821],[39.6617569982523,24.4841131483914],[39.6617177651244,24.4839890945115],[39.6617067893629,24.4839543946032],[39.6617043198425,24.4839465824951],[39.6618294470015,24.4839134403144],[39.6618319175156,24.4839212524161],[39.6618428942998,24.4839559532136],[39.6619035273255,24.4841476698323]]]}},{"type":"Feature","properties":{"code":"N27-389","name":"N27-389","land_use":"Low/Med Density Residential","sector":"North","gfa":360,"area":330,"floors":3,"height":12,"coverage":0,"far":1.09,"style":"PolyStyle0286"},"geometry":{"type":"Polygon","coordinates":[[[39.6602912148382,24.4841798466253],[39.6601660879737,24.4842129884435],[39.660163625455,24.4842051771814],[39.6601526431841,24.4841704762796],[39.6600974984814,24.4839961111866],[39.6601581666985,24.4839800394545],[39.6602226261202,24.4839629658116],[39.6602385403126,24.4840132846858],[39.6602777719936,24.4841373362707],[39.6602887473783,24.4841720353869],[39.6602912148382,24.4841798466253]]]}},{"type":"Feature","properties":{"code":"N27-334","name":"N27-334","land_use":"Low/Med Density Residential","sector":"North","gfa":360,"area":356.4,"floors":3,"height":12,"coverage":0,"far":1.01,"style":"PolyStyle0286"},"geometry":{"type":"Polygon","coordinates":[[[39.6617783989705,24.4841808120821],[39.6616532695702,24.4842139560401],[39.6616318708719,24.4841462896127],[39.6615926378689,24.4840222384078],[39.6615816621384,24.4839875384899],[39.6615791906513,24.4839797263882],[39.6617043198425,24.4839465824951],[39.6617067893629,24.4839543946032],[39.6617177651244,24.4839890945115],[39.6617569982523,24.4841131483914],[39.6617783989705,24.4841808120821]]]}},{"type":"Feature","properties":{"code":"N28-26","name":"N28-26","land_use":"Low/Med Density Residential","sector":"North","gfa":232.1,"area":260.84,"floors":3,"height":12,"coverage":0,"far":0.89,"style":"PolyStyle0286"},"geometry":{"type":"Polygon","coordinates":[[[39.6595958542264,24.4841046326622],[39.6594122747275,24.4842557794076],[39.6593426810251,24.4841771594007],[39.6595358632529,24.4840367298225],[39.6595739518739,24.4840798424997],[39.6595958542264,24.4841046326622]]]}},{"type":"Feature","properties":{"code":"N27-333","name":"N27-333","land_use":"Low/Med Density Residential","sector":"North","gfa":360,"area":356.4,"floors":3,"height":12,"coverage":0,"far":1.01,"style":"PolyStyle0286"},"geometry":{"type":"Polygon","coordinates":[[[39.6616532695702,24.4842139560401],[39.6615281420661,24.4842470980808],[39.6615067414687,24.4841794343527],[39.6614675095539,24.4840553813029],[39.6614565328723,24.4840206822828],[39.661454062379,24.4840128701746],[39.6615791906513,24.4839797263882],[39.6615816621384,24.4839875384899],[39.6615926378689,24.4840222384078],[39.6616318708719,24.4841462896127],[39.6616532695702,24.4842139560401]]]}},{"type":"Feature","properties":{"code":"N27-388","name":"N27-388","land_use":"Low/Med Density Residential","sector":"North","gfa":475,"area":708.95,"floors":3,"height":12,"coverage":0,"far":0.67,"style":"PolyStyle0286"},"geometry":{"type":"Polygon","coordinates":[[[39.6601660879737,24.4842129884435],[39.659980498634,24.4842621440496],[39.6599317964033,24.4842499225066],[39.6597882362497,24.4841035784634],[39.6597971845261,24.4840756515724],[39.6598445840864,24.4840630987207],[39.6600974984814,24.4839961111866],[39.6601526431841,24.4841704762796],[39.660163625455,24.4842051771814],[39.6601660879737,24.4842129884435]]]}},{"type":"Feature","properties":{"code":"N27-332","name":"N27-332","land_use":"Low/Med Density Residential","sector":"North","gfa":360,"area":356.4,"floors":3,"height":12,"coverage":0,"far":1.01,"style":"PolyStyle0286"},"geometry":{"type":"Polygon","coordinates":[[[39.6615281420661,24.4842470980808],[39.6614030125298,24.484280241834],[39.6613816129797,24.4842125780828],[39.6613423801841,24.4840885240999],[39.661331404525,24.484053825969],[39.6613289380049,24.4840460174538],[39.661454062379,24.4840128701746],[39.6614565328723,24.4840206822828],[39.6614675095539,24.4840553813029],[39.6615067414687,24.4841794343527],[39.6615281420661,24.4842470980808]]]}},{"type":"Feature","properties":{"code":"N28-27","name":"N28-27","land_use":"Low/Med Density Residential","sector":"North","gfa":234.4,"area":205.63,"floors":3,"height":12,"coverage":0,"far":1.14,"style":"PolyStyle0286"},"geometry":{"type":"Polygon","coordinates":[[[39.6596478916215,24.4841616459265],[39.659464406423,24.4843127119439],[39.6594122747275,24.4842557794076],[39.6595958542264,24.4841046326622],[39.6596478916215,24.4841616459265]]]}},{"type":"Feature","properties":{"code":"N27-331","name":"N27-331","land_use":"Low/Med Density Residential","sector":"North","gfa":360,"area":356.4,"floors":3,"height":12,"coverage":0,"far":1.01,"style":"PolyStyle0286"},"geometry":{"type":"Polygon","coordinates":[[[39.6614030125298,24.484280241834],[39.6612778839124,24.4843133854805],[39.6612564854095,24.4842457217062],[39.6612172497595,24.4841216667988],[39.6612062770871,24.4840869677422],[39.661203805621,24.484079155634],[39.6613289380049,24.4840460174538],[39.661331404525,24.484053825969],[39.6613423801841,24.4840885240999],[39.6613816129797,24.4842125780828],[39.6614030125298,24.484280241834]]]}},{"type":"Feature","properties":{"code":"N27-330","name":"N27-330","land_use":"Low/Med Density Residential","sector":"North","gfa":360,"area":356.4,"floors":3,"height":12,"coverage":0,"far":1.01,"style":"PolyStyle0286"},"geometry":{"type":"Polygon","coordinates":[[[39.6612778839124,24.4843133854805],[39.6611527532675,24.4843465317425],[39.661131355793,24.4842788643327],[39.661092123219,24.4841548102811],[39.6610811476171,24.4841201112279],[39.6610786771448,24.4841122991132],[39.661203805621,24.484079155634],[39.6612062770871,24.4840869677422],[39.6612172497595,24.4841216667988],[39.6612564854095,24.4842457217062],[39.6612778839124,24.4843133854805]]]}},{"type":"Feature","properties":{"code":"N28-28","name":"N28-28","land_use":"Low/Med Density Residential","sector":"North","gfa":234.3,"area":205.55,"floors":3,"height":12,"coverage":0,"far":1.14,"style":"PolyStyle0286"},"geometry":{"type":"Polygon","coordinates":[[[39.6597008163838,24.484217927372],[39.6595173862026,24.4843689489592],[39.659464406423,24.4843127119439],[39.6596478916215,24.4841616459265],[39.6596744790448,24.4841899215754],[39.6596993893786,24.4842164127301],[39.6597008163838,24.484217927372]]]}},{"type":"Feature","properties":{"code":"N27-329","name":"N27-329","land_use":"Low/Med Density Residential","sector":"North","gfa":360,"area":356.4,"floors":3,"height":12,"coverage":0,"far":1.01,"style":"PolyStyle0286"},"geometry":{"type":"Polygon","coordinates":[[[39.6611527532675,24.4843465317425],[39.6610276254915,24.4843796733736],[39.6610062270953,24.4843120068525],[39.6609669926632,24.4841879536783],[39.6609560200433,24.4841532527963],[39.6609535525763,24.4841454478914],[39.6610786771448,24.4841122991132],[39.6610811476171,24.4841201112279],[39.661092123219,24.4841548102811],[39.661131355793,24.4842788643327],[39.6611527532675,24.4843465317425]]]}},{"type":"Feature","properties":{"code":"N27-328","name":"N27-328","land_use":"Low/Med Density Residential","sector":"North","gfa":360,"area":356.39,"floors":3,"height":12,"coverage":0,"far":1.01,"style":"PolyStyle0286"},"geometry":{"type":"Polygon","coordinates":[[[39.6610276254915,24.4843796733736],[39.6609025006317,24.4844128194048],[39.6608811022723,24.4843451483495],[39.6608418669641,24.4842210951453],[39.6608308914242,24.4841863960728],[39.660828419979,24.4841785839581],[39.6609535525763,24.4841454478914],[39.6609560200433,24.4841532527963],[39.6609669926632,24.4841879536783],[39.6610062270953,24.4843120068525],[39.6610276254915,24.4843796733736]]]}},{"type":"Feature","properties":{"code":"N28-29","name":"N28-29","land_use":"Low/Med Density Residential","sector":"North","gfa":234.3,"area":205.51,"floors":3,"height":12,"coverage":0,"far":1.14,"style":"PolyStyle0286"},"geometry":{"type":"Polygon","coordinates":[[[39.6597546275502,24.4842734815178],[39.6595712179996,24.4844244877263],[39.6595173862026,24.4843689489592],[39.6597008163838,24.484217927372],[39.6597254190621,24.4842433279794],[39.6597546275502,24.4842734815178]]]}},{"type":"Feature","properties":{"code":"N27-327","name":"N27-327","land_use":"Low/Med Density Residential","sector":"North","gfa":360,"area":356.42,"floors":3,"height":12,"coverage":0,"far":1.01,"style":"PolyStyle0286"},"geometry":{"type":"Polygon","coordinates":[[[39.6609025006317,24.4844128194048],[39.6607773697828,24.4844459653597],[39.6607559694961,24.4843782915848],[39.6607167362723,24.4842542383376],[39.6607057617502,24.4842195392512],[39.660703291313,24.4842117298394],[39.660828419979,24.4841785839581],[39.6608308914242,24.4841863960728],[39.6608418669641,24.4842210951453],[39.6608811022723,24.4843451483495],[39.6609025006317,24.4844128194048]]]}},{"type":"Feature","properties":{"code":"N28-30","name":"N28-30","land_use":"Low/Med Density Residential","sector":"North","gfa":234.3,"area":205.51,"floors":3,"height":12,"coverage":0,"far":1.14,"style":"PolyStyle0286"},"geometry":{"type":"Polygon","coordinates":[[[39.6598093241247,24.484328306561],[39.6596258948971,24.484479326468],[39.6595712179996,24.4844244877263],[39.6597546275502,24.4842734815178],[39.6597823156045,24.4843012339419],[39.659787326442,24.4843062569497],[39.6598093241247,24.484328306561]]]}},{"type":"Feature","properties":{"code":"N27-326","name":"N27-326","land_use":"Low/Med Density Residential","sector":"North","gfa":360,"area":356.41,"floors":3,"height":12,"coverage":0,"far":1.01,"style":"PolyStyle0286"},"geometry":{"type":"Polygon","coordinates":[[[39.6607773697828,24.4844459653597],[39.6606522398292,24.4844791066921],[39.6606308386208,24.484411433806],[39.6606243504231,24.484390915936],[39.6605916084636,24.4842873796084],[39.6605806339725,24.4842526805124],[39.6605781635423,24.4842448710984],[39.660703291313,24.4842117298394],[39.6607057617502,24.4842195392512],[39.6607167362723,24.4842542383376],[39.6607559694961,24.4843782915848],[39.6607773697828,24.4844459653597]]]}},{"type":"Feature","properties":{"code":"N27-325","name":"N27-325","land_use":"Low/Med Density Residential","sector":"North","gfa":360,"area":356.4,"floors":3,"height":12,"coverage":0,"far":1.01,"style":"PolyStyle0286"},"geometry":{"type":"Polygon","coordinates":[[[39.6606279531446,24.4844855375397],[39.660527110804,24.4845122497241],[39.6605057106428,24.4844445768149],[39.6605033495658,24.4844371092086],[39.660466483557,24.48432052257],[39.6604555051495,24.4842858234817],[39.6604530337393,24.4842780140699],[39.6605781635423,24.4842448710984],[39.6605806339725,24.4842526805124],[39.6605916084636,24.4842873796084],[39.6606243504231,24.484390915936],[39.6606308386208,24.484411433806],[39.6606522398292,24.4844791066921],[39.6606279531446,24.4844855375397]]]}},{"type":"Feature","properties":{"code":"N28-31","name":"N28-31","land_use":"Low/Med Density Residential","sector":"North","gfa":234.3,"area":205.55,"floors":3,"height":12,"coverage":0,"far":1.14,"style":"PolyStyle0286"},"geometry":{"type":"Polygon","coordinates":[[[39.6598649051159,24.4843824016019],[39.6596814198744,24.484533468783],[39.6596258948971,24.484479326468],[39.6598093241247,24.484328306561],[39.6598317132257,24.4843500952604],[39.6598649051159,24.4843824016019]]]}},{"type":"Feature","properties":{"code":"N27-324","name":"N27-324","land_use":"Low/Med Density Residential","sector":"North","gfa":360,"area":356.41,"floors":3,"height":12,"coverage":0,"far":1.01,"style":"PolyStyle0286"},"geometry":{"type":"Polygon","coordinates":[[[39.660527110804,24.4845122497241],[39.6604019826882,24.4845453908431],[39.6603805806232,24.4844777197301],[39.6603413526613,24.4843536654552],[39.6603303752857,24.4843189690623],[39.6603279028722,24.484311155137],[39.6604530337393,24.4842780140699],[39.6604555051495,24.4842858234817],[39.660466483557,24.48432052257],[39.6605033495658,24.4844371092086],[39.6605057106428,24.4844445768149],[39.660527110804,24.4845122497241]]]}},{"type":"Feature","properties":{"code":"N27-323","name":"N27-323","land_use":"Low/Med Density Residential","sector":"North","gfa":360,"area":356.41,"floors":3,"height":12,"coverage":0,"far":1.01,"style":"PolyStyle0286"},"geometry":{"type":"Polygon","coordinates":[[[39.6604019826882,24.4845453908431],[39.6602768525401,24.4845785336746],[39.6602554515083,24.4845108598292],[39.6602162246581,24.4843868082249],[39.6602052423699,24.4843521100377],[39.660202774907,24.484344297895],[39.6603279028722,24.484311155137],[39.6603303752857,24.4843189690623],[39.6603413526613,24.4843536654552],[39.6603805806232,24.4844777197301],[39.6604019826882,24.4845453908431]]]}},{"type":"Feature","properties":{"code":"N28-32","name":"N28-32","land_use":"Low/Med Density Residential","sector":"North","gfa":234.4,"area":205.63,"floors":3,"height":12,"coverage":0,"far":1.14,"style":"PolyStyle0286"},"geometry":{"type":"Polygon","coordinates":[[[39.6599213764308,24.4844357639044],[39.6597377938998,24.4845869110536],[39.6596814198744,24.484533468783],[39.6598649051159,24.4843824016019],[39.6599213764308,24.4844357639044]]]}},{"type":"Feature","properties":{"code":"N27-322","name":"N27-322","land_use":"Low/Med Density Residential","sector":"North","gfa":360,"area":442.56,"floors":3,"height":12,"coverage":0,"far":0.81,"style":"PolyStyle0286"},"geometry":{"type":"Polygon","coordinates":[[[39.6602768525401,24.4845785336746],[39.6601198974847,24.4846201053282],[39.6600540521271,24.4844118960726],[39.6600742587109,24.4843783359093],[39.660202774907,24.484344297895],[39.6602052423699,24.4843521100377],[39.6602162246581,24.4843868082249],[39.6602554515083,24.4845108598292],[39.6602768525401,24.4845785336746]]]}},{"type":"Feature","properties":{"code":"N28-33","name":"N28-33","land_use":"Low/Med Density Residential","sector":"North","gfa":234.6,"area":205.76,"floors":3,"height":12,"coverage":0,"far":1.14,"style":"PolyStyle0286"},"geometry":{"type":"Polygon","coordinates":[[[39.6599787341409,24.4844883970969],[39.6597950189422,24.4846396523672],[39.6597377938998,24.4845869110536],[39.6599213764308,24.4844357639044],[39.6599787341409,24.4844883970969]]]}},{"type":"Feature","properties":{"code":"N28-34","name":"N28-34","land_use":"Low/Med Density Residential","sector":"North","gfa":233.8,"area":295.95,"floors":3,"height":12,"coverage":0,"far":0.79,"style":"PolyStyle0286"},"geometry":{"type":"Polygon","coordinates":[[[39.6600439979651,24.4846402029326],[39.6598522879763,24.4846909800646],[39.6597950189422,24.4846396523672],[39.6599787341409,24.4844883970969],[39.6599927838815,24.4845010256158],[39.6600028398052,24.484510063572],[39.6600439979651,24.4846402029326]]]}}]}